Time_x,DriverNumber,LapTime,LapNumber,Stint,PitOutTime,PitInTime,Sector1Time,Sector2Time,Sector3Time,Sector1SessionTime,Sector2SessionTime,Sector3SessionTime,SpeedI1,SpeedI2,SpeedFL,SpeedST,IsPersonalBest,TyreLife,FreshTyre,Team,LapStartTime,LapStartDate,TrackStatus,Position,Deleted,DeletedReason,FastF1Generated,IsAccurate,Abbreviation,GridPosition,ClassifiedPosition,Status,MaxSpeed,AvgSpeed,AvgThrottle,AvgBrake,AvgRPM,LapStartTime_s,Time_y,AirTemp,Humidity,TrackTemp,TotalSectorTime,Winner,Podium,RacePhase,GridGroup,SpeedCategory,Driver_ALO,Driver_BOT,Driver_HAM,Driver_HUL,Driver_LEC,Driver_MAG,Driver_NOR,Driver_OCO,Driver_PER,Driver_PIA,Driver_RIC,Driver_RUS,Driver_SAI,Driver_SAR,Driver_STR,Driver_TSU,Driver_VER,Driver_ZHO,TeamName_Aston Martin,TeamName_Ferrari,TeamName_Haas F1 Team,TeamName_Kick Sauber,TeamName_McLaren,TeamName_Mercedes,TeamName_RB,TeamName_Red Bull Racing,TeamName_Williams,Compound_INTERMEDIATE,Compound_MEDIUM,Compound_SOFT,Predicted_LapTime
0 days 01:04:40.010000,20,93.11,-1.5356148582490585,1.0,,,29.503,-0.24156716385848936,25.41,0 days 01:03:36.437000,0 days 01:04:14.634000,0 days 01:04:40.044000,317.0,259.0,246.0,328.0,True,4.0,True,Haas F1 Team,0 days 01:03:06.900000,2024-07-07 14:08:03.929,1,17.0,False,,False,True,MAG,17.0,12.0,Finished,2.8423571460507056,0.5991897073754299,0.1274509630832345,0.187629530811399,0.6299978581233902,3786.9,3785.556,0.8881542111589152,61.0,0.05255997093491829,93.11,0,0,Early,Backmarker,Fast,False,False,False,False,False,True,False,False,False,False,False,False,False,False,False,False,False,False,False,False,True,False,False,False,False,False,False,False,True,False,92.9810403908996
0 days 01:24:52.216000,3,95.885,-0.6440934580769304,1.0,,,29.662,-0.15738600458944332,27.817,0 days 01:23:46.075000,0 days 01:24:24.481000,0 days 01:24:52.298000,307.0,254.0,239.0,317.0,False,17.0,True,RB,0 days 01:23:16.331000,2024-07-07 14:28:13.360,1,16.0,False,,False,True,RIC,15.0,13.0,Lapped,1.3367372549011949,0.1111649034619087,-0.1544548762605145,0.1565713194432415,0.7052393017760168,4996.331,4985.646,1.0245566477456738,62.0,0.13186845219975876,95.88499999999999,0,0,Early,Midfield,Medium,False,False,False,False,False,False,False,False,False,False,True,False,False,False,False,False,False,False,False,False,False,False,False,False,True,False,False,False,True,False,95.53587704642936
0 days 01:43:39.326000,77,102.562,0.11027080360717804,2.0,,,32.119,1.2084432350341947,28.646,0 days 01:42:28.938000,0 days 01:43:10.735000,0 days 01:43:39.381000,281.0,243.0,220.0,287.0,False,2.0,True,Kick Sauber,0 days 01:41:56.764000,2024-07-07 14:46:53.793,1,15.0,False,,False,True,BOT,16.0,15.0,Lapped,-1.3518696935800742,-0.8615456201150133,-0.6905136771731978,1.0913986277255123,-0.9220459640700428,6116.764,6065.769,-0.8850774644689846,70.0,-1.137067248037693,102.562,0,0,Mid,Backmarker,Slow,False,True,False,False,False,False,False,False,False,False,False,False,False,False,False,False,False,False,False,False,False,True,False,False,False,False,False,True,False,False,102.52002009886802
0 days 02:11:47.215000,4,89.96,1.3446850499993555,3.0,,,29.406,-1.0866010018798407,24.455,0 days 02:10:46.722000,0 days 02:11:22.821000,0 days 02:11:47.276000,295.0,262.0,251.0,302.0,False,9.0,False,McLaren,0 days 02:10:17.255000,2024-07-07 15:15:14.284,1,2.0,False,,False,True,NOR,3.0,3.0,Finished,0.36883875344793793,0.9691525430541855,0.8156556148942038,-1.0401964684730451,0.18495305773898343,7817.255,7806.02,-0.20306528153517733,73.0,0.40944813662670115,89.96,0,1,Late,Top5,VeryFast,False,False,False,False,False,False,True,False,False,False,False,False,False,False,False,False,False,False,False,False,False,False,True,False,False,False,False,False,False,True,90.64281277322955
0 days 01:33:28.351000,16,104.352,-0.30120061185688113,2.0,,,33.006,1.53872338144864,28.729,0 days 01:32:17.058000,0 days 01:32:59.675000,0 days 01:33:28.404000,282.0,240.0,217.0,290.0,False,3.0,True,Ferrari,0 days 01:31:43.999000,2024-07-07 14:36:41.028,1,16.0,False,,False,True,LEC,11.0,14.0,Lapped,-1.2443254156408237,-1.2254888558112178,-0.4303337173098915,0.02198405520777116,-0.5604423810875782,5503.999,5465.676,-0.3394677181219383,68.0,-0.7405248417134893,104.35199999999999,0,0,Mid,Midfield,Slow,False,False,False,False,True,False,False,False,False,False,False,False,False,False,False,False,False,False,False,True,False,False,False,False,False,False,False,True,False,False,101.38999233833069
0 days 01:09:03.785000,1,91.935,-1.329879150517029,1.0,,,29.586,-0.7140288854976904,25.325,0 days 01:08:01.491000,0 days 01:08:38.515000,0 days 01:09:03.840000,292.0,258.0,245.0,294.0,False,7.0,True,Red Bull Racing,0 days 01:07:31.850000,2024-07-07 14:12:28.879,1,3.0,False,,False,True,VER,4.0,2.0,Finished,-0.7066040259445697,0.725534886090277,0.8491766961178642,-0.2878108750400611,0.7441829278425676,4051.85,4025.531,0.8881542111589152,61.0,0.5680650991563821,91.935,0,1,Early,Top5,VeryFast,False,False,False,False,False,False,False,False,False,False,False,False,False,False,False,False,True,False,False,False,False,False,False,False,False,True,False,False,True,False,90.41936636978552
0 days 02:03:42.694000,14,91.146,0.9332136345352964,3.0,,,29.107,-0.7430290934755452,25.087,0 days 02:02:40.747000,0 days 02:03:17.699000,0 days 02:03:42.786000,296.0,258.0,252.0,300.0,True,2.0,True,Aston Martin,0 days 02:02:11.548000,2024-07-07 15:07:08.577,1,8.0,False,,False,True,ALO,10.0,8.0,Finished,-0.38397119212681746,0.7990449186609174,0.6276329665441761,-0.35078179591388503,0.24204152394676376,7331.548,7325.931,-0.7486750278822236,74.0,0.1715226928321783,91.146,0,0,Late,Top10,VeryFast,True,False,False,False,False,False,False,False,False,False,False,False,False,False,False,False,False,False,True,False,False,False,False,False,False,False,False,False,True,False,90.89884552435744
0 days 01:51:48.697000,23,104.82,0.45316364982722734,2.0,,,32.729,1.5145565414670972,29.534,0 days 01:50:36.606000,0 days 01:51:19.163000,0 days 01:51:48.697000,288.0,238.0,214.0,298.0,False,6.0,True,Williams,0 days 01:50:03.877000,2024-07-07 14:55:00.906,1,11.0,False,,False,True,ALB,9.0,9.0,Finished,-0.38397119212681746,-1.2643939987919186,-2.1155895117674426,0.723008766233053,-1.1805296610727085,6603.877,6545.813,-1.5670896474027918,73.0,-1.2956842105673754,104.82,0,0,Mid,Top10,Slow,False,False,False,False,False,False,False,False,False,False,False,False,False,False,False,False,False,False,False,False,False,False,False,False,False,False,True,True,False,False,104.61404248618408
0 days 02:18:51.556000,23,89.828,1.618999326975395,3.0,,,29.05,-1.0455173739112131,24.577,0 days 02:17:50.778000,0 days 02:18:26.979000,0 days 02:18:51.556000,296.0,260.0,251.0,300.0,True,12.0,True,Williams,0 days 02:17:21.728000,2024-07-07 15:22:18.757,1,9.0,False,,False,True,ALB,9.0,9.0,Finished,0.1537501975694364,0.9918348330772102,0.7599408431478569,-0.7771792011142996,0.322897424933526,8241.728,8226.085,0.206142028225108,69.0,0.5680650991563821,89.828,0,0,Late,Top10,VeryFast,False,False,False,False,False,False,False,False,False,False,False,False,False,False,False,False,False,False,False,False,False,False,False,False,False,False,True,False,True,False,88.8960951281953
0 days 01:54:19.582000,44,102.271,0.590320788315247,2.0,,,32.513,1.1065397264453476,28.214,0 days 01:53:09.852000,0 days 01:53:51.396000,0 days 01:54:19.610000,296.0,243.0,225.0,299.0,False,8.0,True,Mercedes,0 days 01:52:37.311000,2024-07-07 14:57:34.340,1,2.0,False,,False,True,HAM,2.0,1.0,Finished,-0.2764269141875667,-0.7734982353384481,-0.5755174949066982,0.07030340055883935,-0.22527084373031928,6757.311,6725.865,-1.430687210816031,76.0,-1.0974130074052735,102.27099999999999,1,1,Late,Top5,Medium,False,False,True,False,False,False,False,False,False,False,False,False,False,False,False,False,False,False,False,False,False,False,False,True,False,False,False,True,False,False,102.07491569551345
0 days 02:11:34.439000,20,91.722,1.2761064807553457,3.0,,,29.874,-0.863863293383268,25.196,0 days 02:10:32.625000,0 days 02:11:09.277000,0 days 02:11:34.473000,289.0,257.0,249.0,298.0,False,8.0,True,Haas F1 Team,0 days 02:10:02.717000,2024-07-07 15:14:59.746,1,12.0,False,,False,True,MAG,17.0,12.0,Finished,0.1537501975694364,0.7082199174978964,0.6091872674989819,0.1851341118498073,1.102935461119386,7802.717,7746.012,-0.3394677181219383,73.0,0.21117693346459926,91.722,0,0,Late,Backmarker,VeryFast,False,False,False,False,False,True,False,False,False,False,False,False,False,False,False,False,False,False,False,False,True,False,False,False,False,False,False,False,False,True,91.4220363611156
0 days 01:02:59.842000,18,92.307,-1.6041934274930685,1.0,,,29.333,-0.3704569770933949,25.097,0 days 01:01:56.927000,0 days 01:02:34.804000,0 days 01:02:59.901000,316.0,258.0,246.0,321.0,True,3.0,True,Aston Martin,0 days 01:01:27.535000,2024-07-07 14:06:24.564,1,7.0,False,,False,True,STR,8.0,7.0,Finished,1.766914366658198,0.6688097076191439,-0.31789272018244796,-0.16746321451143498,0.2448953990773632,3687.535,3665.476,0.8881542111589152,62.0,3.5817873872203316,92.30700000000002,0,0,Early,Top10,Fast,False,False,False,False,False,False,False,False,False,False,False,False,False,False,True,False,False,False,True,False,False,False,False,False,False,False,False,False,True,False,94.82492134486415
0 days 01:07:39.387000,27,92.697,-1.3984577197610388,1.0,,,29.525,-0.47679107301219315,25.559,0 days 01:06:36.255000,0 days 01:07:13.868000,0 days 01:07:39.427000,311.0,259.0,246.0,320.0,False,6.0,True,Haas F1 Team,0 days 01:06:06.690000,2024-07-07 14:11:03.719,1,9.0,False,,False,True,HUL,6.0,6.0,Finished,1.766914366658198,0.502197978276235,-0.05628264746873688,0.10731181702834298,0.7647961113753553,3966.69,3965.525,0.7517517745721518,61.0,0.13186845219975876,92.697,0,0,Early,Top10,Fast,False,False,False,True,False,False,False,False,False,False,False,False,False,False,False,False,False,False,False,False,True,False,False,False,False,False,False,False,True,False,93.84161365110135
0 days 01:01:30.067000,22,93.214,-1.6727719967370784,1.0,,,29.363,-0.12395520928164036,25.362,0 days 01:00:26.276000,0 days 01:01:04.765000,0 days 01:01:30.127000,317.0,259.0,246.0,333.0,True,2.0,True,RB,0 days 00:59:56.853000,2024-07-07 14:04:53.882,1,11.0,False,,False,True,TSU,13.0,10.0,Finished,2.949901423989956,0.44403135025346735,0.005942557155477553,-0.24973190579257531,0.34368287940020137,3596.853,3545.476,0.7517517745721518,63.0,3.5817873872203316,93.214,0,0,Early,Midfield,Fast,False,False,False,False,False,False,False,False,False,False,False,False,False,False,False,True,False,False,False,False,False,False,False,False,True,False,False,False,True,False,94.20963809209508
0 days 01:29:43.885000,20,95.181,-0.4383577503449008,1.0,,,30.846,-0.2210253498741784,26.087,0 days 01:28:39.584000,0 days 01:29:17.832000,0 days 01:29:43.919000,293.0,251.0,249.0,303.0,False,20.0,True,Haas F1 Team,0 days 01:28:08.704000,2024-07-07 14:33:05.733,1,13.0,False,,False,True,MAG,17.0,12.0,Finished,-0.06133835830906515,-0.02473680028463231,-0.5328437161259849,0.8536507790503658,0.4120065161930239,5288.704,5285.648,0.6153493379853933,67.0,-0.5819078791838084,95.181,0,0,Mid,Backmarker,Medium,False,False,False,False,False,True,False,False,False,False,False,False,False,False,False,False,False,False,False,False,True,False,False,False,False,False,False,False,True,False,96.99828106142868
0 days 02:00:22.739000,31,102.235,0.7274779268032668,4.0,,,32.044,0.7931763680179842,29.425,0 days 01:59:12.613000,0 days 01:59:53.379000,0 days 02:00:22.804000,274.0,245.0,236.0,234.0,False,11.0,True,Alpine,0 days 01:58:40.504000,2024-07-07 15:03:37.533,1,17.0,False,,False,True,OCO,18.0,16.0,Lapped,-1.1367811377015729,-0.7794633102069707,-0.18418593051511134,1.0353357628874604,-1.3373376417110803,7120.504,7085.907,-1.430687210816031,77.0,-0.06640275096234313,102.235,0,0,Late,Backmarker,Medium,False,False,False,False,False,False,False,True,False,False,False,False,False,False,False,False,False,False,False,False,False,False,False,False,False,False,False,True,False,False,102.19511687216377
0 days 02:12:35.912000,27,90.185,1.3446850499993555,3.0,,,29.112,-0.9677807053039116,24.679,0 days 02:11:34.879000,0 days 02:12:11.273000,0 days 02:12:35.952000,289.0,261.0,251.0,297.0,False,10.0,False,Haas F1 Team,0 days 02:11:05.727000,2024-07-07 15:16:02.756,1,6.0,False,,False,True,HUL,6.0,6.0,Finished,-0.4915154700660682,1.0130242160324043,1.3650350724629186,-1.0679360971126381,1.3861395163301742,7865.727,7806.02,-0.20306528153517733,73.0,0.40944813662670115,90.185,0,0,Late,Top10,VeryFast,False,False,False,True,False,False,False,False,False,False,False,False,False,False,False,False,False,False,False,False,True,False,False,False,False,False,False,False,False,True,88.2278602808615
0 days 01:55:01.736000,18,104.422,0.590320788315247,2.0,,,32.82,1.6116266820596352,28.804,0 days 01:53:50.193000,0 days 01:54:32.991000,0 days 01:55:01.795000,290.0,239.0,219.0,299.0,False,9.0,True,Aston Martin,0 days 01:53:17.314000,2024-07-07 14:58:14.343,1,7.0,False,,False,True,STR,8.0,7.0,Finished,-0.4915154700660682,-1.1675971562056209,-1.3718795141783422,0.724534384369309,-1.5438972706141552,6797.314,6785.879,-1.430687210816031,76.0,-1.0577587667728525,104.422,0,0,Late,Top10,Slow,False,False,False,False,False,False,False,False,False,False,False,False,False,False,True,False,False,False,True,False,False,False,False,False,False,False,False,True,False,False,104.15565362895076
0 days 01:10:37.772000,81,91.994,-1.2613005812730191,1.0,,,29.386,-0.5710417489402184,25.229,0 days 01:09:35.246000,0 days 01:10:12.625000,0 days 01:10:37.854000,309.0,260.0,247.0,316.0,False,8.0,True,McLaren,0 days 01:09:05.778000,2024-07-07 14:14:02.807,1,5.0,False,,False,True,PIA,5.0,4.0,Finished,1.3367372549011949,0.4909280000943269,0.08828620976242553,-1.0338898657979516,0.8671396018559188,4145.778,4145.541,1.0245566477456738,60.0,0.805990542950905,91.994,0,0,Early,Top5,Fast,False,False,False,False,False,False,False,False,False,True,False,False,False,False,False,False,False,False,False,False,False,False,True,False,False,False,False,False,True,False,92.86346176937474
0 days 01:26:15.016000,16,95.951,-0.5755148888329206,1.0,,,30.445,-0.181150063904628,27.159,0 days 01:25:09.563000,0 days 01:25:47.910000,0 days 01:26:15.069000,283.0,252.0,225.0,295.0,False,18.0,True,Ferrari,0 days 01:24:39.065000,2024-07-07 14:29:36.094,1,7.0,False,,False,True,LEC,11.0,14.0,Lapped,-0.8141483038838205,0.11057790353623147,0.5587722993227436,0.008114347922562142,0.5253291474206878,5079.065,5045.641,1.160959084332437,61.0,0.13186845219975876,95.951,0,0,Mid,Midfield,Medium,False,False,False,False,True,False,False,False,False,False,False,False,False,False,False,False,False,False,False,True,False,False,False,False,False,False,False,False,True,False,94.36560063849181
0 days 01:53:14.152000,27,104.263,0.5217422190712372,2.0,,,32.706,1.5455706527767457,28.923,0 days 01:52:02.635000,0 days 01:52:45.269000,0 days 01:53:14.192000,290.0,241.0,221.0,296.0,False,8.0,True,Haas F1 Team,0 days 01:51:29.889000,2024-07-07 14:56:26.918,1,6.0,False,,False,True,HUL,6.0,6.0,Finished,-0.599059748005319,-1.0785699661702919,-1.3741782231993878,0.9677349115648136,-0.7769999087702599,6689.889,6665.852,-1.430687210816031,75.0,-1.176721488670114,104.263,0,0,Mid,Top10,Slow,False,False,False,True,False,False,False,False,False,False,False,False,False,False,False,False,False,False,False,False,True,False,False,False,False,False,False,True,False,False,103.80954255705696
0 days 01:03:03.129000,22,93.062,-1.6041934274930685,1.0,,,29.476,-0.29594255381696716,25.524,0 days 01:01:59.603000,0 days 01:02:37.665000,0 days 01:03:03.189000,322.0,256.0,246.0,329.0,True,3.0,True,RB,0 days 01:01:30.067000,2024-07-07 14:06:27.096,1,11.0,False,,False,True,TSU,13.0,10.0,Finished,2.5197243122329533,0.5761713146886386,0.12423789141075345,-0.5010323172844435,0.4487916916081197,3690.067,3665.476,0.8881542111589152,62.0,3.5817873872203316,93.062,0,0,Early,Midfield,Fast,False,False,False,False,False,False,False,False,False,False,False,False,False,False,False,True,False,False,False,False,False,False,False,False,True,False,False,False,True,False,93.64960594933515
0 days 01:04:44.171000,77,94.322,-1.5356148582490585,1.0,,,29.89,0.017018023944038056,25.593,0 days 01:03:39.794000,0 days 01:04:18.633000,0 days 01:04:44.226000,289.0,254.0,245.0,319.0,True,4.0,True,Kick Sauber,0 days 01:03:09.849000,2024-07-07 14:08:06.878,1,19.0,False,,False,True,BOT,16.0,15.0,Lapped,1.659370088718947,0.3276266693801018,0.5700187692918364,0.4149753319963953,-0.09245020455644047,3789.849,3785.556,0.8881542111589152,61.0,0.05255997093491829,94.322,0,0,Early,Backmarker,Medium,False,True,False,False,False,False,False,False,False,False,False,False,False,False,False,False,False,False,False,False,False,True,False,False,False,False,False,False,True,False,93.81732165868682
0 days 01:37:48.464000,3,98.725,-0.09546490412485154,1.0,,,30.63,0.6876478334319052,27.591,0 days 01:36:40.451000,0 days 01:37:20.955000,0 days 01:37:48.546000,289.0,252.0,220.0,300.0,False,25.0,True,RB,0 days 01:36:09.739000,2024-07-07 14:41:06.768,1,14.0,False,,False,True,RIC,15.0,13.0,Lapped,-0.599059748005319,-0.4782771423164044,-0.6405377019303304,0.06436190115860822,0.4678321223153845,5769.739,5765.7,-0.7486750278822236,69.0,-0.7801790823459103,98.725,0,0,Mid,Midfield,Medium,False,False,False,False,False,False,False,False,False,False,True,False,False,False,False,False,False,False,False,False,False,False,False,False,True,False,False,False,True,False,98.41430372579435
0 days 01:26:16.188000,18,95.789,-0.5755148888329206,1.0,,,30.294,-0.3704569770933949,27.618,0 days 01:25:10.752000,0 days 01:25:48.629000,0 days 01:26:16.247000,291.0,257.0,232.0,324.0,False,18.0,True,Aston Martin,0 days 01:24:40.399000,2024-07-07 14:29:37.428,1,8.0,False,,False,True,STR,8.0,7.0,Finished,2.08954720047595,0.10895278794434521,-0.1746109869524243,0.7103002284047751,0.02727833945222665,5080.399,5045.641,1.160959084332437,61.0,0.13186845219975876,95.789,0,0,Mid,Top10,Medium,False,False,False,False,False,False,False,False,False,False,False,False,False,False,True,False,False,False,True,False,False,False,False,False,False,False,False,False,True,False,95.26491592568296
0 days 02:21:30.121000,55,88.293,1.7561564654634148,4.0,,,28.55,-1.2799357217321976,24.124,0 days 02:20:30.418000,0 days 02:21:06.037000,0 days 02:21:30.161000,299.0,264.0,252.0,301.0,True,5.0,False,Ferrari,0 days 02:20:01.828000,2024-07-07 15:24:58.857,1,5.0,False,,False,True,SAI,7.0,5.0,Finished,0.1537501975694364,1.2697394070694432,1.8859211581596715,-0.9954665970275979,0.003091355278417768,8401.828,8346.105,0.34254446481186895,68.0,0.5284108585239625,88.29299999999999,0,0,Late,Top10,VeryFast,False,False,False,False,False,False,False,False,False,False,False,False,True,False,False,False,False,False,False,True,False,False,False,False,False,False,False,False,False,True,88.19338624409934
0 days 01:29:40.749000,14,96.48,-0.4383577503449008,1.0,,,31.208,0.1253660231946298,26.164,0 days 01:28:35.569000,0 days 01:29:14.677000,0 days 01:29:40.841000,293.0,257.0,248.0,314.0,False,20.0,True,Aston Martin,0 days 01:28:04.269000,2024-07-07 14:33:01.298,1,8.0,False,,False,True,ALO,10.0,8.0,Finished,1.0141044210834425,-0.05354512834098283,-0.3405354910425624,0.43632206273296487,0.1775903694744701,5284.269,5225.66,0.7517517745721518,64.0,-0.4232909166541274,96.48,0,0,Mid,Top10,Medium,True,False,False,False,False,False,False,False,False,False,False,False,False,False,False,False,False,False,True,False,False,False,False,False,False,False,False,False,True,False,95.77312585341306
0 days 01:16:53.213000,18,92.362,-0.9869863042969798,1.0,,,29.552,-0.5790973622673984,25.451,0 days 01:15:50.462000,0 days 01:16:27.821000,0 days 01:16:53.272000,295.0,258.0,246.0,303.0,False,12.0,True,Aston Martin,0 days 01:15:20.851000,2024-07-07 14:20:17.880,1,7.0,False,,False,True,STR,8.0,7.0,Finished,-0.2764269141875667,0.5089577158293099,0.30921962072545134,-1.4756413312351488,0.05569352421325649,4520.851,4505.547,1.433763957505959,59.0,0.5284108585239625,92.362,0,0,Early,Top10,Fast,False,False,False,False,False,False,False,False,False,False,False,False,False,False,True,False,False,False,True,False,False,False,False,False,False,False,False,False,True,False,92.83112186662824
0 days 01:35:55.316000,22,94.106,-0.1640434733688614,1.0,,,29.812,-0.2737896171672179,26.177,0 days 01:34:51.082000,0 days 01:35:29.199000,0 days 01:35:55.376000,303.0,255.0,245.0,325.0,False,24.0,True,RB,0 days 01:34:21.210000,2024-07-07 14:39:18.239,1,10.0,False,,False,True,TSU,13.0,10.0,Finished,2.1970914784152007,0.26418740943995667,-0.1180638050047966,1.1353956810460273,-0.025799995800066346,5661.21,5645.691,-0.7486750278822236,68.0,-0.8198333229783312,94.106,0,0,Mid,Midfield,Medium,False,False,False,False,False,False,False,False,False,False,False,False,False,False,False,True,False,False,False,False,False,False,False,False,True,False,False,False,True,False,96.45388917455593
0 days 01:07:34.788000,55,91.9,-1.3984577197610388,1.0,,,29.439,-0.581514046265553,25.108,0 days 01:06:32.367000,0 days 01:07:09.720000,0 days 01:07:34.828000,309.0,259.0,246.0,317.0,True,6.0,True,Ferrari,0 days 01:06:02.888000,2024-07-07 14:10:59.917,1,6.0,False,,False,True,SAI,7.0,5.0,Finished,1.3367372549011949,0.6773419083390034,0.5824488578892546,-0.20602098883778514,0.27433526813685544,3962.888,3905.511,0.8881542111589152,60.0,0.09221421156733783,91.9,0,0,Early,Top10,Fast,False,False,False,False,False,False,False,False,False,False,False,False,True,False,False,False,False,False,False,True,False,False,False,False,False,False,False,False,True,False,92.85370963417101
0 days 01:23:15.808000,20,93.486,-0.7126720273209403,1.0,,,29.62,-0.5021662549928161,26.316,0 days 01:22:11.976000,0 days 01:22:49.526000,0 days 01:23:15.842000,317.0,257.0,246.0,297.0,False,16.0,True,Haas F1 Team,0 days 01:21:42.322000,2024-07-07 14:26:39.351,1,14.0,False,,False,True,MAG,17.0,12.0,Finished,1.4442815328404455,0.4408052792981049,0.43994050331031015,0.09940430652930812,0.8196818455216878,4902.322,4865.627,1.160959084332437,59.0,0.1715226928321783,93.486,0,0,Early,Backmarker,Fast,False,False,False,False,False,True,False,False,False,False,False,False,False,False,False,False,False,False,False,False,True,False,False,False,False,False,False,False,True,False,92.13440817280693
0 days 01:58:33.630000,14,100.747,0.7274779268032668,2.0,,,32.089,0.8878298246123677,27.657,0 days 01:57:25.064000,0 days 01:58:06.065000,0 days 01:58:33.722000,293.0,243.0,238.0,294.0,False,10.0,True,Aston Martin,0 days 01:56:52.883000,2024-07-07 15:01:49.912,1,8.0,False,,False,True,ALO,10.0,8.0,Finished,-0.7066040259445697,-0.5675948105328484,-0.5573823147955775,-0.3223553022338577,-0.7881295989779887,7012.883,6965.895,-1.5670896474027918,76.0,-1.0181045261404331,100.747,0,0,Late,Top10,Medium,True,False,False,False,False,False,False,False,False,False,False,False,False,False,False,False,False,False,True,False,False,False,False,False,False,False,False,True,False,False,99.87486132707242
0 days 01:50:13.921000,3,104.144,0.3845850805832175,2.0,,,32.457,1.2777215096479582,29.718,0 days 01:49:02.316000,0 days 01:49:44.285000,0 days 01:50:14.003000,294.0,236.0,213.0,297.0,False,6.0,True,RB,0 days 01:48:29.777000,2024-07-07 14:53:26.806,1,14.0,False,,False,True,RIC,15.0,13.0,Lapped,-0.7066040259445697,-1.1339089105818296,-0.9776341561630915,0.5675667734974876,-0.7390077414625227,6509.777,6485.796,-1.430687210816031,73.0,-1.2956842105673754,104.144,0,0,Mid,Midfield,Slow,False,False,False,False,False,False,False,False,False,False,True,False,False,False,False,False,False,False,False,False,False,False,False,False,True,False,False,True,False,False,102.53540761535885
0 days 01:24:32.145000,55,94.228,-0.6440934580769304,1.0,,,29.613,-0.5448610056268763,27.171,0 days 01:23:27.570000,0 days 01:24:05.014000,0 days 01:24:32.185000,289.0,256.0,238.0,299.0,False,17.0,True,Ferrari,0 days 01:22:57.917000,2024-07-07 14:27:54.946,1,6.0,False,,False,True,SAI,7.0,5.0,Finished,-0.4915154700660682,0.2868385272762804,0.6699268872500649,-0.09080447660707902,-0.014921741918701624,4977.917,4925.627,1.160959084332437,60.0,0.13186845219975876,94.22800000000001,0,0,Early,Top10,Medium,False,False,False,False,False,False,False,False,False,False,False,False,True,False,False,False,False,False,False,True,False,False,False,False,False,False,False,False,True,False,93.39064227835736
0 days 02:14:05.776000,27,89.864,1.4132636192433654,3.0,,,29.079,-1.0632397232310142,24.628,0 days 02:13:05.031000,0 days 02:13:41.188000,0 days 02:14:05.816000,295.0,260.0,250.0,302.0,False,11.0,False,Haas F1 Team,0 days 02:12:35.912000,2024-07-07 15:17:32.941,1,6.0,False,,False,True,HUL,6.0,6.0,Finished,0.04620591963018562,1.0978370724614734,1.1855665350943327,-1.159685771916979,1.2664098132558914,7955.912,7926.001,-0.06666284494841637,69.0,0.3697938959942802,89.86399999999999,0,0,Late,Top10,VeryFast,False,False,False,True,False,False,False,False,False,False,False,False,False,False,False,False,False,False,False,False,True,False,False,False,False,False,False,False,False,True,89.04749532952529
0 days 02:07:04.924000,3,90.765,1.070370773023316,3.0,,,29.208,-0.8719189067104508,24.925,0 days 02:06:03.449000,0 days 02:06:40.081000,0 days 02:07:05.006000,293.0,258.0,249.0,301.0,True,5.0,True,RB,0 days 02:05:34.159000,2024-07-07 15:10:31.188,1,13.0,False,,False,True,RIC,15.0,13.0,Lapped,-0.2764269141875667,0.87608428454837,0.9875169833193018,-0.9714269079278207,1.2803450102153946,7534.159,7505.955,-0.47587015470869926,75.0,0.29048541472943973,90.765,0,0,Late,Midfield,VeryFast,False,False,False,False,False,False,False,False,False,False,True,False,False,False,False,False,False,False,False,False,False,False,False,False,True,False,False,False,False,True,90.24203299625422
0 days 01:17:04.123000,20,92.531,-0.9869863042969798,1.0,,,29.664,-0.5347914889679,25.398,0 days 01:16:01.290000,0 days 01:16:38.759000,0 days 01:17:04.157000,293.0,258.0,246.0,304.0,True,12.0,True,Haas F1 Team,0 days 01:15:31.592000,2024-07-07 14:20:28.621,1,15.0,False,,False,True,MAG,17.0,12.0,Finished,0.04620591963018562,0.6678409515646637,0.7561610120078045,-0.38337912841021354,1.0412088381505105,4531.592,4505.547,1.433763957505959,59.0,0.5284108585239625,92.531,0,0,Early,Backmarker,Fast,False,False,False,False,False,True,False,False,False,False,False,False,False,False,False,False,False,False,False,False,True,False,False,False,False,False,False,False,True,False,90.37906478736654
0 days 01:18:14.830000,1,91.759,-0.9184077350529699,1.0,,,29.562,-0.7152372274967678,25.176,0 days 01:17:12.688000,0 days 01:17:49.709000,0 days 01:18:14.885000,293.0,257.0,246.0,298.0,False,13.0,True,Red Bull Racing,0 days 01:16:43.071000,2024-07-07 14:21:40.100,1,3.0,False,,False,True,VER,4.0,2.0,Finished,-0.38397119212681746,0.6587824093089187,0.8511256252148132,-0.7775023763494061,0.6722995316852305,4603.071,4565.557,1.433763957505959,61.0,0.4887566178915416,91.759,0,1,Early,Top5,Fast,False,False,False,False,False,False,False,False,False,False,False,False,False,False,False,False,True,False,False,False,False,False,False,False,False,True,False,False,True,False,90.82147277164428
0 days 02:15:19.981000,16,90.289,1.4132636192433654,4.0,,,29.193,-0.9605306533094479,24.684,0 days 02:14:18.938000,0 days 02:14:55.350000,0 days 02:15:20.034000,291.0,260.0,251.0,298.0,False,10.0,True,Ferrari,0 days 02:13:49.692000,2024-07-07 15:18:46.721,1,15.0,False,,False,True,LEC,11.0,14.0,Lapped,-0.2764269141875667,0.9047357447016914,1.6370637810352708,-1.4523936373269455,0.023306597764923782,8029.692,7986.026,-0.06666284494841637,71.0,0.3697938959942802,90.289,0,0,Late,Midfield,VeryFast,False,False,False,False,True,False,False,False,False,False,False,False,False,False,False,False,False,False,False,True,False,False,False,False,False,False,False,False,False,True,90.51222789935093
0 days 01:58:53.976000,3,100.483,0.7274779268032668,2.0,,0 days 01:58:47.921000,32.042,1.1995820603742957,26.666,0 days 01:57:45.617000,0 days 01:58:27.392000,0 days 01:58:54.058000,295.0,240.0,,301.0,False,11.0,True,RB,0 days 01:57:13.493000,2024-07-07 15:02:10.522,1,12.0,False,,False,False,RIC,15.0,13.0,Lapped,-0.2764269141875667,-0.8580770907427098,-0.9869089068446715,0.1253999765603736,-0.8273047976471685,7033.493,7025.895,-1.430687210816031,78.0,-0.5819078791838084,100.483,0,0,Late,Midfield,Slow,False,False,False,False,False,False,False,False,False,False,True,False,False,False,False,False,False,False,False,False,False,False,False,False,True,False,False,True,False,False,103.06593163458612
0 days 01:25:58.163000,4,94.125,-0.5755148888329206,1.0,,,29.647,-0.7140288854976904,27.454,0 days 01:24:53.746000,0 days 01:25:30.770000,0 days 01:25:58.224000,290.0,257.0,222.0,302.0,False,18.0,True,McLaren,0 days 01:24:24.038000,2024-07-07 14:29:21.067,1,3.0,False,,False,True,NOR,3.0,3.0,Finished,0.2612944755086871,0.24073834258709945,0.065155010882084,0.24742630617362688,-0.10939108391825056,5064.038,5045.641,1.160959084332437,61.0,0.13186845219975876,94.125,0,1,Mid,Top5,Medium,False,False,False,False,False,False,True,False,False,False,False,False,False,False,False,False,False,False,False,False,False,False,True,False,False,False,False,False,True,False,93.89332639647718
0 days 01:53:26.119000,14,104.375,0.5217422190712372,2.0,,,32.987,1.3341108029382296,29.279,0 days 01:52:14.823000,0 days 01:52:56.932000,0 days 01:53:26.211000,288.0,240.0,225.0,298.0,False,7.0,True,Aston Martin,0 days 01:51:41.744000,2024-07-07 14:56:38.773,1,8.0,False,,False,True,ALO,10.0,8.0,Finished,-0.7066040259445697,-1.0641147467816345,-1.2041371558518374,0.27890703412684203,-1.2965125269500233,6701.744,6665.852,-1.430687210816031,75.0,-1.176721488670114,104.375,0,0,Mid,Top10,Slow,True,False,False,False,False,False,False,False,False,False,False,False,False,False,False,False,False,False,True,False,False,False,False,False,False,False,False,True,False,False,102.85531783928896
0 days 01:48:23.313000,20,104.06,0.31600651133920765,2.0,,,32.369,1.3586804235861334,29.521,0 days 01:47:11.656000,0 days 01:47:53.826000,0 days 01:48:23.347000,289.0,240.0,215.0,296.0,False,4.0,True,Haas F1 Team,0 days 01:46:39.253000,2024-07-07 14:51:36.282,1,12.0,False,,False,True,MAG,17.0,12.0,Finished,-0.7066040259445697,-1.1867919511704006,-1.5806894298625833,0.9440872202312863,-1.8119263282090141,6399.253,6365.801,-1.1578823376425065,73.0,-1.2956842105673754,104.06,0,0,Mid,Backmarker,Slow,False,False,False,False,False,True,False,False,False,False,False,False,False,False,False,False,False,False,False,False,True,False,False,False,False,False,False,True,False,False,105.26459019842537
0 days 01:32:27.799000,1,91.904,-0.30120061185688113,1.0,,,29.61,-0.7128205434986131,25.267,0 days 01:31:25.560000,0 days 01:32:02.587000,0 days 01:32:27.854000,291.0,257.0,247.0,294.0,False,22.0,True,Red Bull Racing,0 days 01:30:55.895000,2024-07-07 14:35:52.924,1,5.0,False,,False,True,VER,4.0,2.0,Finished,-0.7066040259445697,0.6719327408645779,0.8708664525053451,-0.7575818360954127,0.994799193947893,5455.895,5405.664,-0.06666284494841637,69.0,-0.7405248417134893,91.904,0,1,Mid,Top5,Fast,False,False,False,False,False,False,False,False,False,False,False,False,False,False,False,False,True,False,False,False,False,False,False,False,False,True,False,False,True,False,91.14366081990696
0 days 02:10:29.909000,81,89.222,1.2761064807553457,3.0,,,29.038,-1.2255603317737227,24.43,0 days 02:09:29.807000,0 days 02:10:05.561000,0 days 02:10:29.991000,293.0,264.0,251.0,301.0,False,7.0,True,McLaren,0 days 02:09:00.687000,2024-07-07 15:13:57.716,1,4.0,False,,False,True,PIA,5.0,4.0,Finished,0.36883875344793793,1.1168777655856992,0.7593606977336502,-1.4941305903893314,1.1029121385051681,7740.687,7686.0,-0.3394677181219383,72.0,0.21117693346459926,89.22200000000001,0,0,Late,Top5,VeryFast,False,False,False,False,False,False,False,False,False,True,False,False,False,False,False,False,False,False,False,False,False,False,True,False,False,False,False,False,True,False,90.08290444277158
0 days 02:11:09.235000,18,90.025,1.2761064807553457,3.0,,,29.054,-1.037461760584033,24.75,0 days 02:10:08.323000,0 days 02:10:44.544000,0 days 02:11:09.294000,296.0,262.0,250.0,301.0,True,6.0,True,Aston Martin,0 days 02:09:39.210000,2024-07-07 15:14:36.239,1,7.0,False,,False,True,STR,8.0,7.0,Finished,-0.06133835830906515,0.9153932872928903,1.0543625640790735,-1.991396574018335,0.4788040412359918,7779.21,7746.012,-0.3394677181219383,73.0,0.21117693346459926,90.02499999999999,0,0,Late,Top10,VeryFast,False,False,False,False,False,False,False,False,False,False,False,False,False,False,True,False,False,False,True,False,False,False,False,False,False,False,False,False,True,False,89.32861036958606
0 days 02:15:56,22,91.367,1.4818421884873751,3.0,,,29.412,-0.7897516507731983,25.119,0 days 02:14:54.105000,0 days 02:15:30.941000,0 days 02:15:56.060000,296.0,260.0,250.0,301.0,False,10.0,True,RB,0 days 02:14:24.633000,2024-07-07 15:19:21.662,1,10.0,False,,False,True,TSU,13.0,10.0,Finished,-0.16888263624831593,0.8044045433929815,0.9246533668279473,-0.7243851824610884,0.8516602219238528,8064.633,8046.052,0.06973959163834459,71.0,0.4887566178915416,91.36699999999999,0,0,Late,Midfield,VeryFast,False,False,False,False,False,False,False,False,False,False,False,False,False,False,False,True,False,False,False,False,False,False,False,False,True,False,False,False,False,True,90.92664996014132
0 days 02:05:51.370000,1,89.472,1.070370773023316,3.0,,,28.913,-1.1792405551424279,24.69,0 days 02:04:50.866000,0 days 02:05:26.735000,0 days 02:05:51.425000,287.0,263.0,250.0,295.0,True,4.0,True,Red Bull Racing,0 days 02:04:21.898000,2024-07-07 15:09:18.927,1,3.0,False,,False,True,VER,4.0,2.0,Finished,-0.2764269141875667,1.1252239572726075,1.448855908554805,-1.487165687345136,1.5350606698347673,7461.898,7445.95,-0.47587015470869926,76.0,0.09221421156733783,89.472,0,1,Late,Top5,VeryFast,False,False,False,False,False,False,False,False,False,False,False,False,False,False,False,False,True,False,False,False,False,False,False,False,False,True,False,False,False,False,89.9275445890122
0 days 01:35:54.680000,18,94.585,-0.1640434733688614,1.0,,,30.202,-0.332998375122002,26.413,0 days 01:34:50.356000,0 days 01:35:28.326000,0 days 01:35:54.739000,296.0,255.0,247.0,304.0,False,24.0,True,Aston Martin,0 days 01:34:20.095000,2024-07-07 14:39:17.124,1,9.0,False,,False,True,STR,8.0,7.0,Finished,-0.06133835830906515,0.17793209053715558,0.016245050333012757,0.44593353715899703,0.02198536386648544,5660.095,5645.691,-0.7486750278822236,68.0,-0.8198333229783312,94.585,0,0,Mid,Top10,Medium,False,False,False,False,False,False,False,False,False,False,False,False,False,False,True,False,False,False,True,False,False,False,False,False,False,False,False,False,True,False,94.98932457293468
0 days 01:06:00.139000,1,91.778,-1.4670362890050488,1.0,,,29.608,-0.720876156825796,25.163,0 days 01:04:58.024000,0 days 01:05:35.031000,0 days 01:06:00.194000,293.0,257.0,245.0,297.0,False,5.0,True,Red Bull Racing,0 days 01:04:28.361000,2024-07-07 14:09:25.390,1,3.0,False,,False,True,VER,4.0,2.0,Finished,-0.599059748005319,0.6218427420087361,0.6243408630145671,-0.565995083843322,0.9208129985050191,3868.361,3845.509,0.7517517745721518,60.0,0.01290573030249735,91.77799999999999,0,1,Early,Top5,Fast,False,False,False,False,False,False,False,False,False,False,False,False,False,False,False,False,True,False,False,False,False,False,False,False,False,True,False,False,True,False,91.0498998737973
0 days 01:28:04.824000,22,104.585,-0.5069363195889107,1.0,,,34.098,1.1149981204388886,28.922,0 days 01:26:54.397000,0 days 01:27:35.962000,0 days 01:28:04.884000,293.0,240.0,233.0,309.0,False,19.0,True,RB,0 days 01:26:20.239000,2024-07-07 14:31:17.268,1,11.0,False,,False,True,TSU,13.0,10.0,Finished,0.4763830313871887,-1.1398074814058017,-1.463574065477459,1.701458027321233,-0.8289648847842629,5180.239,5165.639,1.0245566477456738,63.0,-0.30432819475686596,104.585,0,0,Mid,Midfield,Slow,False,False,False,False,False,False,False,False,False,False,False,False,False,False,False,True,False,False,False,False,False,False,False,False,True,False,False,False,True,False,102.41209612038566
0 days 01:26:00.583000,81,94.269,-0.5755148888329206,1.0,,,29.775,-0.6230004549005388,27.244,0 days 01:24:56.171000,0 days 01:25:33.421000,0 days 01:26:00.665000,289.0,246.0,230.0,297.0,False,18.0,True,McLaren,0 days 01:24:26.314000,2024-07-07 14:29:23.343,1,4.0,False,,False,True,PIA,5.0,4.0,Finished,-0.4915154700660682,0.34577103193424924,0.2645598299171593,-1.5156909172349406,1.2034918460256148,5066.314,5045.641,1.160959084332437,61.0,0.13186845219975876,94.269,0,0,Mid,Top5,Medium,False,False,False,False,False,False,False,False,False,True,False,False,False,False,False,False,False,False,False,False,False,False,True,False,False,False,False,False,True,False,92.40508875623377
0 days 01:34:24.058000,2,94.494,-0.23262204261287125,1.0,,,30.044,-0.3273594457929737,26.466,0 days 01:33:19.682000,0 days 01:33:57.666000,0 days 01:34:24.132000,294.0,254.0,242.0,299.0,False,23.0,True,Williams,0 days 01:32:49.564000,2024-07-07 14:37:46.593,1,13.0,False,,False,True,SAR,12.0,11.0,Finished,0.04620591963018562,0.20009688272229667,-0.07696960825656145,0.4933698238409879,0.3029797754781349,5569.564,5525.714,-0.6122725912954626,68.0,-0.7801790823459103,94.494,0,0,Mid,Midfield,Medium,False,False,False,False,False,False,False,False,False,False,False,False,False,True,False,False,False,False,False,False,False,False,False,False,False,False,True,False,True,False,94.58114150469322
0 days 01:44:57.120000,20,102.842,0.1788493728511879,2.0,,,33.006,1.0702894664730318,28.382,0 days 01:43:47.318000,0 days 01:44:28.772000,0 days 01:44:57.154000,288.0,241.0,224.0,298.0,False,2.0,True,Haas F1 Team,0 days 01:43:14.278000,2024-07-07 14:48:11.307,1,12.0,False,,False,True,MAG,17.0,12.0,Finished,-0.4915154700660682,-0.7730100279691376,-0.9861119638571952,0.877443726473165,-0.9125538108662943,6194.278,6185.794,-1.0214799010557456,71.0,-1.216375729302535,102.84200000000001,0,0,Mid,Backmarker,Medium,False,False,False,False,False,True,False,False,False,False,False,False,False,False,False,False,False,False,False,False,True,False,False,False,False,False,False,True,False,False,101.77193081678969
0 days 01:46:36.344000,23,103.271,0.24742794209519775,2.0,,,32.255,1.1870958597171646,29.272,0 days 01:45:25.328000,0 days 01:46:07.072000,0 days 01:46:36.344000,284.0,242.0,216.0,294.0,False,3.0,True,Williams,0 days 01:44:53.073000,2024-07-07 14:49:50.102,1,11.0,False,,False,True,ALB,9.0,9.0,Finished,-0.4915154700660682,-0.9797968536865556,-2.360604036717337,0.9509192652577481,-0.7977735790925972,6293.073,6245.797,-1.0214799010557456,70.0,-1.2956842105673754,103.27099999999999,0,0,Mid,Top10,Slow,False,False,False,False,False,False,False,False,False,False,False,False,False,False,False,False,False,False,False,False,False,False,False,False,False,False,True,True,False,False,105.02698753329743
0 days 01:26:16.822000,27,95.834,-0.5755148888329206,1.0,,,30.157,-0.30520650914322445,27.638,0 days 01:25:11.185000,0 days 01:25:49.224000,0 days 01:26:16.862000,311.0,258.0,210.0,325.0,False,18.0,True,Haas F1 Team,0 days 01:24:40.988000,2024-07-07 14:29:38.017,1,9.0,False,,False,True,HUL,6.0,6.0,Finished,2.08954720047595,0.09869659521386329,-0.3664969156211787,0.5357393629208734,0.21437162514137742,5080.988,5045.641,1.160959084332437,61.0,0.13186845219975876,95.834,0,0,Mid,Top10,Medium,False,False,False,True,False,False,False,False,False,False,False,False,False,False,False,False,False,False,False,False,True,False,False,False,False,False,False,False,True,False,96.33981359417035
0 days 01:01:28.265000,16,92.858,-1.6727719967370784,1.0,,,29.575,-0.3293733491247701,25.304,0 days 01:00:25.035000,0 days 01:01:03.014000,0 days 01:01:28.318000,312.0,259.0,246.0,325.0,True,2.0,True,Ferrari,0 days 00:59:55.407000,2024-07-07 14:04:52.436,1,8.0,False,,False,True,LEC,11.0,14.0,Lapped,2.1970914784152007,0.5028796042131017,0.20316404528182566,0.2738424928839116,0.21980146419842492,3595.407,3545.476,0.7517517745721518,63.0,3.5817873872203316,92.858,0,0,Early,Midfield,Fast,False,False,False,False,True,False,False,False,False,False,False,False,False,False,False,False,False,False,False,True,False,False,False,False,False,False,False,False,True,False,95.2736051369618
0 days 01:23:16.837000,11,94.231,-0.7126720273209403,1.0,,,29.905,-0.25123389985110767,26.153,0 days 01:22:12.585000,0 days 01:22:50.758000,0 days 01:23:16.911000,311.0,261.0,247.0,327.0,False,16.0,True,Red Bull Racing,0 days 01:21:42.606000,2024-07-07 14:26:39.635,1,16.0,False,,False,True,PER,20.0,17.0,Lapped,2.3046357563544517,0.23064764903957002,-0.21344275295293458,1.0934717428224305,-0.0017199468182494643,4902.606,4865.627,1.160959084332437,59.0,0.1715226928321783,94.231,0,0,Early,Backmarker,Medium,False,False,False,False,False,False,False,False,True,False,False,False,False,False,False,False,False,False,False,False,False,False,False,False,False,True,False,False,False,False,96.66832106618061
0 days 01:13:40.753000,4,91.83,-1.1241434427849994,1.0,,,29.516,-0.6697230121981919,25.18,0 days 01:12:38.500000,0 days 01:13:15.634000,0 days 01:13:40.814000,296.0,258.0,248.0,300.0,False,10.0,True,McLaren,0 days 01:12:08.923000,2024-07-07 14:17:05.952,1,4.0,False,,False,True,NOR,3.0,3.0,Finished,-0.2764269141875667,0.6732214915515127,0.23329675253880433,-0.5150768434203005,0.7924488396930648,4328.923,4325.535,1.5701663940927224,61.0,0.6870278210536436,91.83000000000001,0,1,Early,Top5,Fast,False,False,False,False,False,False,True,False,False,False,False,False,False,False,False,False,False,False,False,False,False,False,True,False,False,False,False,False,True,False,91.88191968812565
0 days 02:17:42.914000,44,89.682,1.618999326975395,3.0,,,29.222,-1.1482264438327794,24.514,0 days 02:16:42.482000,0 days 02:17:18.428000,0 days 02:17:42.942000,295.0,264.0,250.0,302.0,False,13.0,False,Mercedes,0 days 02:16:13.232000,2024-07-07 15:21:10.261,1,1.0,False,,False,True,HAM,2.0,1.0,Finished,0.36883875344793793,1.01120526372711,1.494127255107931,-0.8853828333977855,0.6639890951443752,8173.232,8166.076,0.206142028225108,69.0,0.4887566178915416,89.682,1,1,Late,Top5,VeryFast,False,False,True,False,False,False,False,False,False,False,False,False,False,False,False,False,False,False,False,False,False,False,False,True,False,False,False,False,False,True,90.53793081760553
0 days 02:16:48.399000,77,92.006,1.4818421884873751,3.0,,,29.424,-0.5694306262747801,25.199,0 days 02:15:45.872000,0 days 02:16:23.255000,0 days 02:16:48.454000,285.0,259.0,250.0,288.0,False,11.0,True,Kick Sauber,0 days 02:15:16.393000,2024-07-07 15:20:13.422,1,14.0,False,,False,True,BOT,16.0,15.0,Lapped,-0.9216925818230712,0.7196287808711009,1.0926504177358172,-1.091556372970176,0.5568223336962446,8116.393,8106.055,0.06973959163834459,72.0,0.4887566178915416,92.006,0,0,Late,Backmarker,VeryFast,False,True,False,False,False,False,False,False,False,False,False,False,False,False,False,False,False,False,False,False,False,True,False,False,False,False,False,False,False,True,92.06722970250662
0 days 01:09:11.020000,18,92.716,-1.329879150517029,1.0,,,29.669,-0.4916939576674787,25.471,0 days 01:08:08.032000,0 days 01:08:45.608000,0 days 01:09:11.079000,289.0,256.0,246.0,301.0,False,7.0,True,Aston Martin,0 days 01:07:38.304000,2024-07-07 14:12:35.333,1,7.0,False,,False,True,STR,8.0,7.0,Finished,-0.38397119212681746,0.5479280804707279,0.37366496723216874,-0.7935739538252382,0.6001783815834125,4058.304,4025.531,0.8881542111589152,61.0,0.5680650991563821,92.71600000000001,0,0,Early,Top10,Fast,False,False,False,False,False,False,False,False,False,False,False,False,False,False,True,False,False,False,True,False,False,False,False,False,False,False,False,False,True,False,91.81071681332274
0 days 01:16:56.356000,14,92.427,-0.9869863042969798,1.0,,,29.553,-0.556541644951291,25.459,0 days 01:15:53.574000,0 days 01:16:30.989000,0 days 01:16:56.448000,299.0,258.0,245.0,302.0,True,12.0,True,Aston Martin,0 days 01:15:23.929000,2024-07-07 14:20:20.958,1,10.0,False,,False,True,ALO,10.0,8.0,Finished,-0.16888263624831593,0.502340064757493,0.29251325455630245,-0.44696217209487676,0.08934901892215198,4523.929,4505.547,1.433763957505959,59.0,0.5284108585239625,92.427,0,0,Early,Top10,Fast,True,False,False,False,False,False,False,False,False,False,False,False,False,False,False,False,False,False,True,False,False,False,False,False,False,False,False,False,True,False,92.64040229419982
0 days 02:19:09.505000,20,91.143,1.618999326975395,3.0,,,29.487,-0.851377092726137,24.973,0 days 02:18:07.883000,0 days 02:18:44.566000,0 days 02:19:09.539000,293.0,259.0,248.0,303.0,False,13.0,True,Haas F1 Team,0 days 02:17:38.362000,2024-07-07 15:22:35.391,1,12.0,False,,False,True,MAG,17.0,12.0,Finished,0.1537501975694364,0.8547719471614963,0.6445870748537909,-0.5255906992212479,1.2218391070767334,8258.362,8226.085,0.206142028225108,69.0,0.5680650991563821,91.143,0,0,Late,Backmarker,VeryFast,False,False,False,False,False,True,False,False,False,False,False,False,False,False,False,False,False,False,False,False,True,False,False,False,False,False,False,False,False,True,91.34843847153986
0 days 02:03:19.304000,16,91.481,0.8646350652912865,4.0,,,29.086,-0.6846258968534774,25.298,0 days 02:02:16.962000,0 days 02:02:54.059000,0 days 02:03:19.357000,291.0,259.0,251.0,295.0,True,2.0,True,Ferrari,0 days 02:01:47.823000,2024-07-07 15:06:44.852,1,15.0,False,,False,True,LEC,11.0,14.0,Lapped,-0.7066040259445697,0.7309734086553549,1.1320794272781538,-0.5587279280959768,0.12348357058035475,7307.823,7265.92,-1.1578823376425065,75.0,0.2508311740970202,91.481,0,0,Late,Midfield,VeryFast,False,False,False,False,True,False,False,False,False,False,False,False,False,False,False,False,False,False,False,True,False,False,False,False,False,False,False,False,False,True,92.163295474184
0 days 01:26:49.316000,31,98.497,-0.5755148888329206,1.0,,,31.134,0.1990748851383413,28.072,0 days 01:25:42.018000,0 days 01:26:21.309000,0 days 01:26:49.381000,275.0,247.0,237.0,285.0,False,18.0,True,Alpine,0 days 01:25:10.819000,2024-07-07 14:30:07.848,1,18.0,False,,False,True,OCO,18.0,16.0,Lapped,-0.9216925818230712,-0.4280651469002939,0.1950710040725033,2.522842734975899,-0.9363522672363853,5110.819,5105.652,1.2973615209192007,60.0,-0.02674851032992359,98.497,0,0,Mid,Backmarker,Medium,False,False,False,False,False,False,False,True,False,False,False,False,False,False,False,False,False,False,False,False,False,False,False,False,False,False,False,False,False,True,98.03051753062444
0 days 01:34:21.791000,23,92.891,-0.23262204261287125,1.0,,,29.758,-0.47679107301219315,25.52,0 days 01:33:18.658000,0 days 01:33:56.271000,0 days 01:34:21.791000,296.0,255.0,249.0,303.0,False,23.0,True,Williams,0 days 01:32:48.900000,2024-07-07 14:37:45.929,1,11.0,False,,False,True,ALB,9.0,9.0,Finished,0.2612944755086871,0.48971033747072645,-0.016658368169260418,0.19119585831521252,0.5213981830026794,5568.9,5525.714,-0.6122725912954626,68.0,-0.7801790823459103,92.89099999999999,0,0,Mid,Top10,Fast,False,False,False,False,False,False,False,False,False,False,False,False,False,False,False,False,False,False,False,False,False,False,False,False,False,False,True,False,True,False,92.5456031096611
0 days 02:15:51.768000,23,90.068,1.4818421884873751,3.0,,,29.132,-0.9730168539665789,24.555,0 days 02:14:50.832000,0 days 02:15:27.213000,0 days 02:15:51.768000,295.0,260.0,252.0,300.0,True,10.0,True,Williams,0 days 02:14:21.700000,2024-07-07 15:19:18.729,1,9.0,False,,False,True,ALB,9.0,9.0,Finished,0.36883875344793793,1.017324673456027,0.4733379025719476,-0.46341638540963875,0.4761507537907913,8061.7,8046.052,0.06973959163834459,71.0,0.4887566178915416,90.06800000000001,0,0,Late,Top10,VeryFast,False,False,False,False,False,False,False,False,False,False,False,False,False,False,False,False,False,False,False,False,False,False,False,False,False,False,True,False,True,False,89.8799657423736
0 days 02:04:31.706000,77,92.973,0.9332136345352964,3.0,,,29.421,-0.31447046446948457,25.536,0 days 02:03:28.209000,0 days 02:04:06.225000,0 days 02:04:31.761000,284.0,256.0,249.0,287.0,True,3.0,True,Kick Sauber,0 days 02:02:58.733000,2024-07-07 15:07:55.762,1,14.0,False,,False,True,BOT,16.0,15.0,Lapped,-1.1367811377015729,0.5318112393584886,0.7250211868841927,-0.31870883253894783,0.2210700005010783,7378.733,7325.931,-0.7486750278822236,74.0,0.1715226928321783,92.973,0,0,Late,Backmarker,Fast,False,True,False,False,False,False,False,False,False,False,False,False,False,False,False,False,False,False,False,False,False,True,False,False,False,False,False,False,False,True,93.51007678966153
0 days 01:46:01.311000,55,102.737,0.24742794209519775,2.0,,,32.367,1.1049286037799122,28.83,0 days 01:44:50.981000,0 days 01:45:32.521000,0 days 01:46:01.351000,282.0,242.0,226.0,286.0,False,4.0,True,Ferrari,0 days 01:44:18.574000,2024-07-07 14:49:15.603,1,5.0,False,,False,True,SAI,7.0,5.0,Finished,-1.6745025273978267,-0.9051032237228704,-0.2822567206831503,1.2270414339388285,-0.98509724581067,6258.574,6245.797,-1.0214799010557456,70.0,-1.2956842105673754,102.737,0,0,Mid,Top10,Slow,False,False,False,False,False,False,False,False,False,False,False,False,True,False,False,False,False,False,False,True,False,False,False,False,False,False,False,True,False,False,100.33955085384804
0 days 02:04:02.870000,3,92.428,0.9332136345352964,3.0,,,29.333,-0.5541249609531365,25.674,0 days 02:02:59.857000,0 days 02:03:37.278000,0 days 02:04:02.952000,291.0,255.0,249.0,302.0,True,3.0,True,RB,0 days 02:02:30.442000,2024-07-07 15:07:27.471,1,13.0,False,,False,True,RIC,15.0,13.0,Lapped,-0.16888263624831593,0.621622568964172,0.40532562179991694,-0.5220696424473847,1.2249927962707126,7350.442,7325.931,-0.7486750278822236,74.0,0.1715226928321783,92.428,0,0,Late,Midfield,Fast,False,False,False,False,False,False,False,False,False,False,True,False,False,False,False,False,False,False,False,False,False,False,False,False,True,False,False,False,False,True,92.58112119635206
0 days 01:46:39.253000,20,102.133,0.24742794209519775,2.0,,,32.197,0.9812749392076738,28.703,0 days 01:45:29.351000,0 days 01:46:10.584000,0 days 01:46:39.287000,289.0,239.0,220.0,296.0,False,3.0,True,Haas F1 Team,0 days 01:44:57.120000,2024-07-07 14:49:54.149,1,12.0,False,,False,True,MAG,17.0,12.0,Finished,-0.599059748005319,-0.7825046375673045,-1.0791208627265743,1.1014146715464483,-0.957931173228381,6297.12,6245.797,-1.0214799010557456,70.0,-1.2956842105673754,102.13300000000001,0,0,Mid,Backmarker,Medium,False,False,False,False,False,True,False,False,False,False,False,False,False,False,False,False,False,False,False,False,True,False,False,False,False,False,False,True,False,False,102.23478798479135
0 days 02:16:26.598000,81,89.283,1.550420757731385,3.0,,,29.008,-1.138559707840161,24.305,0 days 02:15:26.405000,0 days 02:16:02.375000,0 days 02:16:26.680000,294.0,263.0,252.0,300.0,False,11.0,True,McLaren,0 days 02:14:57.315000,2024-07-07 15:19:54.344,1,4.0,False,,False,True,PIA,5.0,4.0,Finished,0.2612944755086871,1.1206463200877643,0.7117576625925903,-1.7254382343028443,1.0498102645843952,8097.315,8046.052,0.06973959163834459,71.0,0.4887566178915416,89.28299999999999,0,0,Late,Top5,VeryFast,False,False,False,False,False,False,False,False,False,True,False,False,False,False,False,False,False,False,False,False,False,False,True,False,False,False,False,False,True,False,90.5349770289283
0 days 01:46:33.465000,31,102.362,0.1788493728511879,4.0,,,32.379,0.927302329915557,28.884,0 days 01:45:23.547000,0 days 01:46:04.646000,0 days 01:46:33.530000,275.0,243.0,223.0,284.0,False,3.0,True,Alpine,0 days 01:44:51.103000,2024-07-07 14:49:48.132,1,18.0,False,,False,True,OCO,18.0,16.0,Lapped,-1.1367811377015729,-0.9202483220583926,-0.32331314258402905,2.042179809841434,-1.525798338980244,6291.103,6245.797,-1.0214799010557456,70.0,-1.2956842105673754,102.362,0,0,Mid,Backmarker,Slow,False,False,False,False,False,False,False,True,False,False,False,False,False,False,False,False,False,False,False,False,False,False,False,False,False,False,False,True,False,False,102.32484757617199
0 days 02:21:23.276000,16,91.674,1.6875778962194048,4.0,,,29.653,-0.842918698732596,25.317,0 days 02:20:21.308000,0 days 02:20:58.012000,0 days 02:21:23.329000,284.0,260.0,247.0,292.0,False,14.0,True,Ferrari,0 days 02:19:51.602000,2024-07-07 15:24:48.631,1,14.0,False,,False,True,LEC,11.0,14.0,Lapped,-0.38397119212681746,0.7105484154855957,1.4562631360722214,-1.0433410915132317,-0.34661420718886565,8391.602,8346.105,0.34254446481186895,68.0,0.5284108585239625,91.674,0,0,Late,Midfield,VeryFast,False,False,False,False,True,False,False,False,False,False,False,False,False,False,False,False,False,False,False,True,False,False,False,False,False,False,False,False,False,True,91.77023487343229
0 days 02:07:00.921000,20,90.093,1.070370773023316,3.0,,,28.933,-0.9097802893482048,24.622,0 days 02:05:59.795000,0 days 02:06:36.333000,0 days 02:07:00.955000,288.0,259.0,249.0,302.0,True,5.0,True,Haas F1 Team,0 days 02:05:30.828000,2024-07-07 15:10:27.857,1,11.0,False,,False,True,MAG,17.0,12.0,Finished,-0.16888263624831593,1.0756116175238932,1.2207169024631155,-1.091556372970176,1.2816113616818272,7530.828,7505.955,-0.47587015470869926,75.0,0.29048541472943973,90.093,0,0,Late,Backmarker,VeryFast,False,False,False,False,False,True,False,False,False,False,False,False,False,False,False,False,False,False,False,False,True,False,False,False,False,False,False,False,False,True,88.58338471591118
0 days 01:37:09.341000,55,95.143,-0.09546490412485154,1.0,,,29.847,-0.06998259998952357,26.673,0 days 01:36:04.085000,0 days 01:36:42.708000,0 days 01:37:09.381000,293.0,258.0,234.0,321.0,False,25.0,True,Ferrari,0 days 01:35:34.198000,2024-07-07 14:40:31.227,1,6.0,False,,False,True,SAI,7.0,5.0,Finished,1.766914366658198,0.19992931300369585,0.1210256274805828,0.9322260564229305,0.20114476287105298,5734.198,5705.725,-0.7486750278822236,68.0,-0.7801790823459103,95.143,0,0,Mid,Top10,Medium,False,False,False,False,False,False,False,False,False,False,False,False,True,False,False,False,False,False,False,True,False,False,False,False,False,False,False,False,True,False,96.12553311659511
0 days 01:32:24.336000,63,91.344,-0.30120061185688113,1.0,,,29.501,-0.7535013908008799,24.917,0 days 01:31:22.548000,0 days 01:31:59.474000,0 days 01:32:24.391000,293.0,258.0,249.0,304.0,False,22.0,True,Mercedes,0 days 01:30:52.992000,2024-07-07 14:35:50.021,1,4.0,False,,False,True,RUS,1.0,,Retired,0.04620591963018562,0.7703795712485214,0.810136631638911,-0.7563386632257157,2.0962795913570718,5452.992,5405.664,-0.06666284494841637,69.0,-0.7405248417134893,91.34400000000001,0,0,Mid,Top5,VeryFast,False,False,False,False,False,False,False,False,False,False,False,True,False,False,False,False,False,False,False,False,False,False,False,True,False,False,False,False,True,False,91.9931632961937
0 days 01:54:27.137000,1,103.029,0.590320788315247,2.0,,,32.556,1.3135689889539157,28.415,0 days 01:53:16.719000,0 days 01:53:58.777000,0 days 01:54:27.192000,292.0,243.0,223.0,295.0,False,9.0,True,Red Bull Racing,0 days 01:52:44.108000,2024-07-07 14:57:41.137,1,3.0,False,,False,True,VER,4.0,2.0,Finished,-0.7066040259445697,-0.981231065774502,-1.21654675988858,0.04854275816269271,-0.9792869359161164,6764.108,6725.865,-1.430687210816031,76.0,-1.0974130074052735,103.029,0,1,Late,Top5,Slow,False,False,False,False,False,False,False,False,False,False,False,False,False,False,False,False,True,False,False,False,False,False,False,False,False,True,False,True,False,False,103.69940271447659
0 days 02:00:08.648000,11,99.697,0.7274779268032668,3.0,,0 days 02:00:02.791000,31.763,0.9119966645939134,26.873,0 days 01:59:00.788000,0 days 01:59:41.849000,0 days 02:00:08.722000,291.0,243.0,,294.0,False,9.0,True,Red Bull Racing,0 days 01:58:28.951000,2024-07-07 15:03:25.980,1,16.0,False,,False,False,PER,20.0,17.0,Lapped,-0.9216925818230712,-0.9727928107046006,-0.7934002165819587,0.24785713641317514,-1.087732429859959,7108.951,7085.907,-1.430687210816031,77.0,-0.06640275096234313,99.697,0,0,Late,Backmarker,Slow,False,False,False,False,False,False,False,False,True,False,False,False,False,False,False,False,False,False,False,False,False,False,False,False,False,True,False,True,False,False,100.15784081740344
0 days 01:18:15.691000,4,91.472,-0.9184077350529699,1.0,,,29.496,-0.7438346548082615,25.026,0 days 01:17:13.776000,0 days 01:17:50.726000,0 days 01:18:15.752000,298.0,262.0,249.0,315.0,True,13.0,True,McLaren,0 days 01:16:44.219000,2024-07-07 14:21:41.248,1,4.0,False,,False,True,NOR,3.0,3.0,Finished,1.229192976961944,0.7027933844055672,0.3889498449593208,-0.35792086966914305,0.06394683785530644,4604.219,4565.557,1.433763957505959,61.0,0.4887566178915416,91.472,0,1,Early,Top5,VeryFast,False,False,False,False,False,False,True,False,False,False,False,False,False,False,False,False,False,False,False,False,False,False,True,False,False,False,False,False,True,False,92.09509390915895
0 days 01:07:32.858000,4,91.896,-1.3984577197610388,1.0,,,29.368,-0.5452637862932374,25.085,0 days 01:06:30.391000,0 days 01:07:07.834000,0 days 01:07:32.919000,309.0,260.0,248.0,313.0,False,6.0,True,McLaren,0 days 01:06:00.962000,2024-07-07 14:10:57.991,1,4.0,False,,False,True,NOR,3.0,3.0,Finished,1.1216486990226933,0.6659765258044866,-0.11355751032738086,-0.6676650896158521,0.756788913858918,3960.962,3905.511,0.8881542111589152,60.0,0.09221421156733783,91.89599999999999,0,1,Early,Top5,Fast,False,False,False,False,False,False,True,False,False,False,False,False,False,False,False,False,False,False,False,False,False,False,True,False,False,False,False,False,True,False,93.10795340329557
0 days 01:12:26.935000,11,92.8,-1.1927220120290094,1.0,,,29.471,-0.3938182557422215,25.51,0 days 01:11:23.680000,0 days 01:12:01.499000,0 days 01:12:27.009000,314.0,259.0,245.0,323.0,False,9.0,True,Red Bull Racing,0 days 01:10:54.135000,2024-07-07 14:15:51.164,1,16.0,False,,False,True,PER,20.0,17.0,Lapped,1.8744586445974487,0.4860879190716121,0.12194065655572922,0.3857228130686478,0.568988203847549,4254.135,4205.552,1.160959084332437,61.0,0.8456447835833258,92.80000000000001,0,0,Early,Backmarker,Fast,False,False,False,False,False,False,False,False,True,False,False,False,False,False,False,False,False,False,False,False,False,False,False,False,False,True,False,False,False,False,94.38036553549813
0 days 01:51:33.886000,11,104.035,0.3845850805832175,3.0,,,32.368,1.3651249142478779,29.481,0 days 01:50:22.293000,0 days 01:51:04.479000,0 days 01:51:33.960000,296.0,240.0,214.0,302.0,False,4.0,True,Red Bull Racing,0 days 01:49:49.851000,2024-07-07 14:54:46.880,1,17.0,False,,False,True,PER,20.0,17.0,Lapped,-0.16888263624831593,-1.0739564158265722,-1.5145425385859081,1.1411564711143145,-1.3681111167971185,6589.851,6545.813,-1.5670896474027918,73.0,-1.2956842105673754,104.035,0,0,Mid,Backmarker,Slow,False,False,False,False,False,False,False,False,True,False,False,False,False,False,False,False,False,False,False,False,False,False,False,False,False,True,False,True,False,False,103.04415345737804
0 days 01:35:58.095000,2,94.037,-0.1640434733688614,1.0,,,30.05,-0.23190042786587395,25.766,0 days 01:34:54.182000,0 days 01:35:32.403000,0 days 01:35:58.169000,311.0,254.0,240.0,320.0,False,24.0,True,Williams,0 days 01:34:24.058000,2024-07-07 14:39:21.087,1,13.0,False,,False,True,SAR,12.0,11.0,Finished,1.5518258107796963,0.4020452213723576,-0.19715690986458587,5.525521661000642,0.3363803834371917,5664.058,5645.691,-0.7486750278822236,68.0,-0.8198333229783312,94.037,0,0,Mid,Midfield,Medium,False,False,False,False,False,False,False,False,False,False,False,False,False,True,False,False,False,False,False,False,False,False,False,False,False,False,True,False,True,False,95.10716780671378
0 days 01:25:10.819000,31,98.735,-0.6440934580769304,1.0,,,30.742,0.3017839550599076,28.447,0 days 01:24:02.891000,0 days 01:24:42.437000,0 days 01:25:10.884000,274.0,248.0,233.0,285.0,False,17.0,True,Alpine,0 days 01:23:32.084000,2024-07-07 14:28:29.113,1,18.0,False,,False,True,OCO,18.0,16.0,Lapped,-1.2443254156408237,-0.3962785906395273,0.001977465929719013,1.69206583914332,-1.0684363162904946,5012.084,4985.646,1.0245566477456738,62.0,0.13186845219975876,98.735,0,0,Early,Backmarker,Medium,False,False,False,False,False,False,False,True,False,False,False,False,False,False,False,False,False,False,False,False,False,False,False,False,False,False,False,False,False,True,98.95233489648584
0 days 01:34:33.256000,3,94.224,-0.23262204261287125,1.0,,,29.69,-0.23995604119305394,26.333,0 days 01:33:28.804000,0 days 01:34:07.005000,0 days 01:34:33.338000,291.0,251.0,244.0,297.0,False,23.0,True,RB,0 days 01:32:59.032000,2024-07-07 14:37:56.061,1,14.0,False,,False,True,RIC,15.0,13.0,Lapped,-0.599059748005319,0.22968056623432512,0.07099115905605512,-1.0734490031317505,0.597445153591722,5579.032,5525.714,-0.6122725912954626,68.0,-0.7801790823459103,94.224,0,0,Mid,Midfield,Medium,False,False,False,False,False,False,False,False,False,False,True,False,False,False,False,False,False,False,False,False,False,False,False,False,True,False,False,False,True,False,95.18872874647474
0 days 01:24:20.594000,44,93.721,-0.6440934580769304,1.0,,,29.743,-0.745848558140058,27.033,0 days 01:23:16.644000,0 days 01:23:53.589000,0 days 01:24:20.622000,290.0,255.0,244.0,300.0,False,17.0,True,Mercedes,0 days 01:22:46.873000,2024-07-07 14:27:43.902,1,2.0,False,,False,True,HAM,2.0,1.0,Finished,-0.2764269141875667,0.37690051274750397,0.7338933064316245,-0.4268668319642418,1.1506628433043415,4966.873,4925.627,1.160959084332437,60.0,0.13186845219975876,93.721,1,1,Early,Top5,Medium,False,False,True,False,False,False,False,False,False,False,False,False,False,False,False,False,False,False,False,False,False,False,False,True,False,False,False,False,True,False,92.87746513462339
0 days 01:12:03.738000,63,91.621,-1.1927220120290094,1.0,,,29.438,-0.7168483501622032,25.166,0 days 01:11:01.610000,0 days 01:11:38.627000,0 days 01:12:03.793000,295.0,257.0,245.0,299.0,False,9.0,True,Mercedes,0 days 01:10:32.117000,2024-07-07 14:15:29.146,1,1.0,False,,False,True,RUS,1.0,,Retired,-0.4915154700660682,0.6825522798944932,1.010602348329679,-1.0024219003345551,1.4991144968583243,4232.117,4205.552,1.160959084332437,61.0,0.8456447835833258,91.621,0,0,Early,Top5,Fast,False,False,False,False,False,False,False,False,False,False,False,True,False,False,False,False,False,False,False,False,False,False,False,True,False,False,False,False,True,False,90.78594290430277
0 days 01:44:14.976000,63,100.405,0.1788493728511879,2.0,,,31.504,0.7867318773562396,28.151,0 days 01:43:06.130000,0 days 01:43:46.880000,0 days 01:44:15.031000,293.0,246.0,231.0,300.0,False,2.0,True,Mercedes,0 days 01:42:34.571000,2024-07-07 14:47:31.600,1,4.0,False,,False,True,RUS,1.0,,Retired,-0.38397119212681746,-0.5470531968785061,-0.5347159971366366,-0.2521853989155912,1.1163104652248863,6154.571,6125.769,-0.8850774644689846,69.0,-1.176721488670114,100.405,0,0,Mid,Top5,Medium,False,False,False,False,False,False,False,False,False,False,False,True,False,False,False,False,False,False,False,False,False,False,False,True,False,False,False,True,False,False,99.94178375065599
0 days 02:13:17.938000,1,89.411,1.4132636192433654,3.0,,,28.989,-1.1647404511535004,24.517,0 days 02:12:17.571000,0 days 02:12:53.476000,0 days 02:13:17.993000,294.0,264.0,252.0,298.0,False,9.0,True,Red Bull Racing,0 days 02:11:48.527000,2024-07-07 15:16:45.556,1,3.0,False,,False,True,VER,4.0,2.0,Finished,-0.16888263624831593,1.0998505257440292,1.506753150367701,-1.2717157829758905,1.2592376278202644,7908.527,7866.021,-0.20306528153517733,71.0,0.40944813662670115,89.411,0,1,Late,Top5,VeryFast,False,False,False,False,False,False,False,False,False,False,False,False,False,False,False,False,True,False,False,False,False,False,False,False,False,True,False,False,False,False,90.10976426349217
0 days 01:52:44.108000,1,102.447,0.5217422190712372,2.0,,,32.316,1.1057341651126313,28.589,0 days 01:51:34.032000,0 days 01:52:15.574000,0 days 01:52:44.163000,291.0,240.0,219.0,295.0,False,8.0,True,Red Bull Racing,0 days 01:51:01.661000,2024-07-07 14:55:58.690,1,3.0,False,,False,True,VER,4.0,2.0,Finished,-0.8141483038838205,-0.9065248040747291,-1.151790402535287,0.02198405520777116,-0.8387258214065274,6661.661,6605.843,-1.5670896474027918,74.0,-1.2956842105673754,102.447,0,1,Mid,Top5,Slow,False,False,False,False,False,False,False,False,False,False,False,False,False,False,False,False,True,False,False,False,False,False,False,False,False,True,False,True,False,False,103.19014353156054
0 days 01:58:01.348000,81,99.635,0.7274779268032668,2.0,,,31.659,0.7234953127378656,27.383,0 days 01:56:53.454000,0 days 01:57:34.047000,0 days 01:58:01.430000,292.0,244.0,242.0,295.0,False,9.0,True,McLaren,0 days 01:56:21.713000,2024-07-07 15:01:18.742,1,5.0,False,,False,True,PIA,5.0,4.0,Finished,-0.599059748005319,-0.5138489543861625,-0.7424711140071059,0.06990206380883522,0.6914415140048877,6981.713,6965.895,-1.5670896474027918,76.0,-1.0181045261404331,99.635,0,0,Late,Top5,Medium,False,False,False,False,False,False,False,False,False,True,False,False,False,False,False,False,False,False,False,False,False,False,True,False,False,False,False,True,False,False,99.49939947791516
0 days 01:42:54.613000,18,102.187,0.11027080360717804,2.0,,,31.808,1.159706774404748,28.703,0 days 01:41:44.293000,0 days 01:42:25.969000,0 days 01:42:54.672000,292.0,241.0,220.0,298.0,False,2.0,True,Aston Martin,0 days 01:41:12.426000,2024-07-07 14:46:09.455,1,8.0,False,,False,True,STR,8.0,7.0,Finished,-0.599059748005319,-0.7874721377443948,-1.4907412355974667,0.8925736007317656,-0.9683566526928851,6072.426,6065.769,-0.8850774644689846,70.0,-1.137067248037693,102.18700000000001,0,0,Mid,Top10,Medium,False,False,False,False,False,False,False,False,False,False,False,False,False,False,True,False,False,False,True,False,False,False,False,False,False,False,False,True,False,False,103.55840660976124
0 days 01:24:40.399000,18,95.713,-0.6440934580769304,1.0,,,29.444,-0.1469137072641059,27.837,0 days 01:23:34.189000,0 days 01:24:12.621000,0 days 01:24:40.458000,310.0,254.0,237.0,297.0,False,17.0,True,Aston Martin,0 days 01:23:04.686000,2024-07-07 14:28:01.715,1,8.0,False,,False,True,STR,8.0,7.0,Finished,0.4763830313871887,-0.032622994975941316,-0.10699395686354407,0.393861641980171,-0.031529406487690106,4984.686,4925.627,1.160959084332437,60.0,0.13186845219975876,95.71300000000001,0,0,Early,Top10,Medium,False,False,False,False,False,False,False,False,False,False,False,False,False,False,True,False,False,False,True,False,False,False,False,False,False,False,False,False,True,False,94.95734471218486
0 days 01:39:51.397000,77,109.533,-0.02688633488084168,1.0,,0 days 01:39:45.423000,32.03,3.7540170464235776,29.386,0 days 01:38:33.949000,0 days 01:39:22.066000,0 days 01:39:51.452000,281.0,213.0,,286.0,False,26.0,True,Kick Sauber,0 days 01:38:01.864000,2024-07-07 14:42:58.893,1,15.0,False,,False,False,BOT,16.0,15.0,Lapped,-1.889591083276328,-2.2079525080035487,-2.399093399651429,3.3466482652817193,-2.7721551525633745,5881.864,5825.735,-0.7486750278822236,67.0,-0.7801790823459103,109.53299999999999,0,0,Mid,Backmarker,Slow,False,True,False,False,False,False,False,False,False,False,False,False,False,False,False,False,False,False,False,False,False,True,False,False,False,False,False,False,True,False,110.12809309863418
0 days 01:55:25.355000,20,105.557,0.590320788315247,2.0,,,32.926,1.8577256692050317,29.222,0 days 01:54:12.758000,0 days 01:54:56.167000,0 days 01:55:25.389000,290.0,238.0,220.0,296.0,False,8.0,True,Haas F1 Team,0 days 01:53:39.798000,2024-07-07 14:58:36.827,1,11.0,False,,False,True,MAG,17.0,12.0,Finished,-0.599059748005319,-1.3371317189383822,-1.9845547471706053,1.2444850809808066,-1.5728556867666945,6819.798,6785.879,-1.430687210816031,76.0,-1.0577587667728525,105.55700000000002,0,0,Late,Backmarker,Slow,False,False,False,False,False,True,False,False,False,False,False,False,False,False,False,False,False,False,False,False,True,False,False,False,False,False,False,True,False,False,107.02231321014672
0 days 01:26:22.900000,2,94.9,-0.5755148888329206,1.0,,,30.152,-0.49451342233199136,27.179,0 days 01:25:18.226000,0 days 01:25:55.795000,0 days 01:26:22.974000,290.0,250.0,230.0,301.0,False,18.0,True,Williams,0 days 01:24:48,2024-07-07 14:29:45.029,1,13.0,False,,False,True,SAR,12.0,11.0,Finished,-0.16888263624831593,0.061588967315484196,-0.17902141150855164,-0.015091712983774054,-0.02796250957698391,5088.0,5045.641,1.160959084332437,61.0,0.13186845219975876,94.9,0,0,Mid,Midfield,Medium,False,False,False,False,False,False,False,False,False,False,False,False,False,True,False,False,False,False,False,False,False,False,False,False,False,False,True,False,True,False,94.86252619441262
0 days 01:15:08.326000,44,91.487,-1.0555648735409895,1.0,,,29.412,-0.7224872794912314,25.072,0 days 01:14:06.279000,0 days 01:14:43.282000,0 days 01:15:08.354000,298.0,258.0,246.0,300.0,False,11.0,True,Mercedes,0 days 01:13:36.839000,2024-07-07 14:18:33.868,1,2.0,False,,False,True,HAM,2.0,1.0,Finished,-0.38397119212681746,0.7317014335555704,0.9325390659987276,-0.4499185079771799,1.7075403837104937,4416.839,4385.545,1.5701663940927224,62.0,0.647373580421224,91.487,1,1,Early,Top5,VeryFast,False,False,True,False,False,False,False,False,False,False,False,False,False,False,False,False,False,False,False,False,False,False,False,True,False,False,False,False,True,False,91.22925111318735
0 days 01:54:06.560000,77,105.199,0.5217422190712372,2.0,,,33.01,1.619279514720457,29.372,0 days 01:52:54.426000,0 days 01:53:37.243000,0 days 01:54:06.615000,281.0,239.0,223.0,285.0,False,8.0,True,Kick Sauber,0 days 01:52:21.361000,2024-07-07 14:57:18.390,1,14.0,False,,False,True,BOT,16.0,15.0,Lapped,-1.459413971519325,-1.312744601808536,-1.0623226463925444,1.6925046945977749,-1.826697432778617,6741.361,6725.865,-1.430687210816031,76.0,-1.0974130074052735,105.199,0,0,Mid,Backmarker,Slow,False,True,False,False,False,False,False,False,False,False,False,False,False,False,False,False,False,False,False,False,False,True,False,False,False,False,False,True,False,False,105.41623489532405
0 days 01:36:09.739000,3,96.483,-0.1640434733688614,1.0,,,30.177,0.1753108258231566,27.074,0 days 01:35:03.515000,0 days 01:35:42.747000,0 days 01:36:09.821000,288.0,252.0,236.0,297.0,False,24.0,True,RB,0 days 01:34:33.256000,2024-07-07 14:39:30.285,1,14.0,False,,False,True,RIC,15.0,13.0,Lapped,-0.7066040259445697,-0.10702249723810221,-0.23655028477883616,-0.32926951374591085,0.5444804677893934,5673.256,5645.691,-0.7486750278822236,68.0,-0.8198333229783312,96.48299999999999,0,0,Mid,Midfield,Medium,False,False,False,False,False,False,False,False,False,False,True,False,False,False,False,False,False,False,False,False,False,False,False,False,True,False,False,False,True,False,96.57709389662226
0 days 02:14:12.817000,14,89.71,1.4132636192433654,3.0,,,29.031,-1.0886149052116343,24.585,0 days 02:13:12.230000,0 days 02:13:48.324000,0 days 02:14:12.909000,293.0,262.0,252.0,298.0,True,9.0,True,Aston Martin,0 days 02:12:43.107000,2024-07-07 15:17:40.136,1,8.0,False,,False,True,ALO,10.0,8.0,Finished,-0.16888263624831593,1.0270058356765195,1.128215393660555,-0.4572273241962399,0.2215290834140208,7963.107,7926.001,-0.06666284494841637,69.0,0.3697938959942802,89.71000000000001,0,0,Late,Top10,VeryFast,True,False,False,False,False,False,False,False,False,False,False,False,False,False,False,False,False,False,True,False,False,False,False,False,False,False,False,False,True,False,89.10896335143734
0 days 01:07:45.779000,3,93.666,-1.3984577197610388,1.0,,,29.619,-0.20974749121612182,25.771,0 days 01:06:41.814000,0 days 01:07:20.090000,0 days 01:07:45.861000,311.0,257.0,244.0,320.0,False,6.0,True,RB,0 days 01:06:12.113000,2024-07-07 14:11:09.142,1,15.0,False,,False,True,RIC,15.0,13.0,Lapped,1.659370088718947,0.362611527137757,-0.16613120226912179,-0.32416078653342384,0.6341885560567482,3972.113,3965.525,0.7517517745721518,61.0,0.13186845219975876,93.66600000000001,0,0,Early,Midfield,Medium,False,False,False,False,False,False,False,False,False,False,True,False,False,False,False,False,False,False,False,False,False,False,False,False,True,False,False,False,True,False,95.00008327149018
0 days 02:20:42.803000,44,90.146,1.7561564654634148,3.0,,,29.302,-1.0721008978909132,24.709,0 days 02:19:41.987000,0 days 02:20:18.122000,0 days 02:20:42.831000,294.0,264.0,246.0,301.0,False,15.0,False,Mercedes,0 days 02:19:12.657000,2024-07-07 15:24:09.686,1,1.0,False,,False,True,HAM,2.0,1.0,Finished,0.2612944755086871,0.8784107032944234,1.313761655894962,-0.9919435391422852,0.5015377699919974,8352.657,8346.105,0.34254446481186895,68.0,0.5284108585239625,90.146,1,1,Late,Top5,VeryFast,False,False,True,False,False,False,False,False,False,False,False,False,False,False,False,False,False,False,False,False,False,False,False,True,False,False,False,False,False,True,91.53268411260005
0 days 01:15:25.767000,22,92.805,-1.0555648735409895,1.0,,,29.618,-0.4437630583707483,25.492,0 days 01:14:22.640000,0 days 01:15:00.335000,0 days 01:15:25.827000,303.0,257.0,246.0,305.0,False,11.0,True,RB,0 days 01:13:52.962000,2024-07-07 14:18:49.991,1,11.0,False,,False,True,TSU,13.0,10.0,Finished,0.04620591963018562,0.25350345925685874,0.346119960983986,-0.2657555278976749,0.24682360023406463,4432.962,4385.545,1.5701663940927224,62.0,0.647373580421224,92.805,0,0,Early,Midfield,Medium,False,False,False,False,False,False,False,False,False,False,False,False,False,False,False,True,False,False,False,False,False,False,False,False,True,False,False,False,True,False,93.37285839621623
0 days 01:23:05.541000,27,93.194,-0.7126720273209403,1.0,,,29.588,-0.45342979436336656,25.935,0 days 01:22:01.975000,0 days 01:22:39.646000,0 days 01:23:05.581000,306.0,260.0,246.0,319.0,False,16.0,True,Haas F1 Team,0 days 01:21:32.347000,2024-07-07 14:26:29.376,1,9.0,False,,False,True,HUL,6.0,6.0,Finished,1.659370088718947,0.5777258327949293,0.04765410988761594,0.46456414095629206,0.665782028411818,4892.347,4865.627,1.160959084332437,59.0,0.1715226928321783,93.194,0,0,Early,Top10,Fast,False,False,False,True,False,False,False,False,False,False,False,False,False,False,False,False,False,False,False,False,True,False,False,False,False,False,False,False,True,False,94.02339046628165
0 days 02:13:28.191000,81,89.049,1.4132636192433654,3.0,,,28.946,-1.1949490011304325,24.273,0 days 02:12:28.170000,0 days 02:13:04,0 days 02:13:28.273000,293.0,265.0,251.0,300.0,True,9.0,True,McLaren,0 days 02:11:59.142000,2024-07-07 15:16:56.171,1,4.0,False,,False,True,PIA,5.0,4.0,Finished,0.1537501975694364,1.197257159453522,0.9344198198120698,-1.7271183451046548,1.4171491824894085,7919.142,7866.021,-0.20306528153517733,71.0,0.40944813662670115,89.04899999999999,0,0,Late,Top5,VeryFast,False,False,False,False,False,False,False,False,False,True,False,False,False,False,False,False,False,False,False,False,False,False,True,False,False,False,False,False,True,False,89.14519013714181
0 days 01:06:10.519000,2,93.139,-1.4670362890050488,1.0,,,29.869,-0.24962277718567222,25.093,0 days 01:05:07.323000,0 days 01:05:45.500000,0 days 01:06:10.593000,312.0,256.0,245.0,320.0,False,5.0,True,Williams,0 days 01:04:37.380000,2024-07-07 14:09:34.409,1,13.0,False,,False,True,SAR,12.0,11.0,Finished,1.659370088718947,0.3408637826545027,-0.23312302166073168,0.35185967986431965,-0.05322566090006007,3877.38,3845.509,0.7517517745721518,60.0,0.01290573030249735,93.139,0,0,Early,Midfield,Medium,False,False,False,False,False,False,False,False,False,False,False,False,False,True,False,False,False,False,False,False,False,False,False,False,False,False,True,False,True,False,94.34603523848813
0 days 01:24:39.065000,16,95.28,-0.6440934580769304,1.0,,,29.679,-0.3587763377689831,27.695,0 days 01:23:33.517000,0 days 01:24:11.423000,0 days 01:24:39.118000,284.0,252.0,235.0,293.0,False,17.0,True,Ferrari,0 days 01:23:03.785000,2024-07-07 14:28:00.814,1,7.0,False,,False,True,LEC,11.0,14.0,Lapped,-0.4915154700660682,0.07147113759594209,0.6354121896683449,-0.06092368327378881,0.2595706225598964,4983.785,4925.627,1.160959084332437,60.0,0.13186845219975876,95.28,0,0,Early,Midfield,Medium,False,False,False,False,True,False,False,False,False,False,False,False,False,False,False,False,False,False,False,True,False,False,False,False,False,False,False,False,True,False,94.21661035310419
0 days 01:10:55.236000,31,93.79,-1.2613005812730191,1.0,,,29.827,-0.04259351467710416,25.272,0 days 01:09:51.338000,0 days 01:10:30.029000,0 days 01:10:55.301000,304.0,255.0,244.0,332.0,False,8.0,True,Alpine,0 days 01:09:21.446000,2024-07-07 14:14:18.475,1,17.0,False,,False,True,OCO,18.0,16.0,Lapped,2.949901423989956,0.3443969756368032,0.5665080295304481,1.569073005763831,-0.5590382483497894,4161.446,4145.541,1.0245566477456738,60.0,0.805990542950905,93.78999999999999,0,0,Early,Backmarker,Medium,False,False,False,False,False,False,False,True,False,False,False,False,False,False,False,False,False,False,False,False,False,False,False,False,False,False,False,False,False,True,95.55539788752837
0 days 01:24:51.666000,11,94.829,-0.6440934580769304,1.0,,,29.675,-0.24196994452485038,26.958,0 days 01:23:46.586000,0 days 01:24:24.782000,0 days 01:24:51.740000,314.0,260.0,239.0,335.0,False,17.0,True,Red Bull Racing,0 days 01:23:16.837000,2024-07-07 14:28:13.866,1,15.0,False,,False,True,PER,20.0,17.0,Lapped,3.2725342578077083,0.28391914440957666,-0.2327334632224188,0.9029608005208049,0.06908216005145768,4996.837,4985.646,1.0245566477456738,62.0,0.13186845219975876,94.829,0,0,Early,Backmarker,Medium,False,False,False,False,False,False,False,False,True,False,False,False,False,False,False,False,False,False,False,False,False,False,False,False,False,True,False,False,False,False,96.81245412328991
0 days 01:12:21.452000,23,92.933,-1.1927220120290094,1.0,,,29.786,-0.463499311022343,25.501,0 days 01:11:18.305000,0 days 01:11:55.951000,0 days 01:12:21.452000,296.0,257.0,243.0,302.0,False,9.0,True,Williams,0 days 01:10:48.519000,2024-07-07 14:15:45.548,1,12.0,False,,False,True,ALB,9.0,9.0,Finished,0.04620591963018562,0.4187562452560225,-0.2532859369177609,-0.8017525877671582,0.21937104070688757,4248.519,4205.552,1.160959084332437,61.0,0.8456447835833258,92.933,0,0,Early,Top10,Fast,False,False,False,False,False,False,False,False,False,False,False,False,False,False,False,False,False,False,False,False,False,False,False,False,False,False,True,False,True,False,92.84705963019319
0 days 01:12:07.706000,1,91.883,-1.1927220120290094,1.0,,,29.639,-0.7325567961502079,25.266,0 days 01:11:05.517000,0 days 01:11:42.495000,0 days 01:12:07.761000,292.0,257.0,245.0,294.0,False,9.0,True,Red Bull Racing,0 days 01:10:35.823000,2024-07-07 14:15:32.852,1,3.0,False,,False,True,VER,4.0,2.0,Finished,-0.4915154700660682,0.6620063494076512,0.9460429063780904,-0.8721999724149994,1.00384466776913,4235.823,4205.552,1.160959084332437,61.0,0.8456447835833258,91.88300000000001,0,1,Early,Top5,Fast,False,False,False,False,False,False,False,False,False,False,False,False,False,False,False,False,True,False,False,False,False,False,False,False,False,True,False,False,True,False,89.88374086906367
0 days 01:13:55.206000,2,92.956,-1.1241434427849994,1.0,,,29.806,-0.38495708108232235,25.309,0 days 01:12:52.130000,0 days 01:13:29.971000,0 days 01:13:55.280000,312.0,256.0,245.0,319.0,False,10.0,True,Williams,0 days 01:12:22.250000,2024-07-07 14:17:19.279,1,13.0,False,,False,True,SAR,12.0,11.0,Finished,1.5518258107796963,0.4021887020763953,0.147594507053259,-1.0261895191966062,-0.0446915137998028,4342.25,4325.535,1.5701663940927224,61.0,0.6870278210536436,92.956,0,0,Early,Midfield,Medium,False,False,False,False,False,False,False,False,False,False,False,False,False,True,False,False,False,False,False,False,False,False,False,False,False,False,True,False,True,False,93.06166206403358
0 days 01:03:02.371000,14,92.951,-1.6041934274930685,1.0,,,29.481,-0.3068176318086627,25.435,0 days 01:01:58.993000,0 days 01:02:37.028000,0 days 01:03:02.463000,320.0,256.0,246.0,325.0,True,3.0,True,Aston Martin,0 days 01:01:29.420000,2024-07-07 14:06:26.449,1,10.0,False,,False,True,ALO,10.0,8.0,Finished,2.08954720047595,0.5913566907980662,-0.29259969398009256,-0.04522360542070508,0.40892027495407296,3689.42,3665.476,0.8881542111589152,62.0,3.5817873872203316,92.951,0,0,Early,Top10,Fast,True,False,False,False,False,False,False,False,False,False,False,False,False,False,False,False,False,False,True,False,False,False,False,False,False,False,False,False,True,False,94.3356653881032
0 days 01:45:45.007000,4,100.717,0.24742794209519775,2.0,,,31.98,0.7194675060742727,28.154,0 days 01:44:36.331000,0 days 01:45:16.914000,0 days 01:45:45.068000,290.0,247.0,223.0,297.0,False,3.0,True,McLaren,0 days 01:44:04.290000,2024-07-07 14:49:01.319,1,1.0,False,,False,True,NOR,3.0,3.0,Finished,-0.599059748005319,-0.6323845825800436,-0.8828533097763039,0.2849232565757375,0.17974857986074275,6244.29,6185.794,-1.0214799010557456,71.0,-1.216375729302535,100.717,0,1,Mid,Top5,Medium,False,False,False,False,False,False,True,False,False,False,False,False,False,False,False,False,False,False,False,False,False,False,True,False,False,False,False,True,False,False,99.51711143552437
0 days 01:16:44.219000,4,91.718,-0.9869863042969798,1.0,,,29.501,-0.7051677108377913,25.171,0 days 01:15:42.063000,0 days 01:16:19.109000,0 days 01:16:44.280000,298.0,259.0,247.0,300.0,False,12.0,True,McLaren,0 days 01:15:12.501000,2024-07-07 14:20:09.530,1,4.0,False,,False,True,NOR,3.0,3.0,Finished,-0.2764269141875667,0.688646113382743,0.40354693440560646,-0.5612432826461872,0.05569462432715528,4512.501,4505.547,1.433763957505959,59.0,0.5284108585239625,91.71799999999999,0,1,Early,Top5,Fast,False,False,False,False,False,False,True,False,False,False,False,False,False,False,False,False,False,False,False,False,False,False,True,False,False,False,False,False,True,False,91.93584620334423
0 days 01:28:02.574000,27,105.752,-0.5069363195889107,1.0,,,35.421,1.3751944309068542,28.12,0 days 01:26:52.283000,0 days 01:27:34.494000,0 days 01:28:02.614000,283.0,237.0,234.0,295.0,False,19.0,True,Haas F1 Team,0 days 01:26:16.822000,2024-07-07 14:31:13.851,1,8.0,False,,False,True,HUL,6.0,6.0,Finished,0.36883875344793793,-1.2501267845981487,-1.9603865264735363,1.6090285000750086,-1.0435892390443557,5176.822,5165.639,1.0245566477456738,63.0,-0.30432819475686596,105.75200000000001,0,0,Mid,Top10,Slow,False,False,False,True,False,False,False,False,False,False,False,False,False,False,False,False,False,False,False,False,True,False,False,False,False,False,False,False,True,False,104.2782634422672
0 days 02:11:21.963000,22,91.438,1.2761064807553457,3.0,,,29.287,-0.9480444526523168,25.708,0 days 02:10:19.872000,0 days 02:10:56.315000,0 days 02:11:22.023000,289.0,261.0,248.0,305.0,False,7.0,True,RB,0 days 02:09:50.525000,2024-07-07 15:14:47.554,1,10.0,False,,False,True,TSU,13.0,10.0,Finished,0.04620591963018562,0.922349944625602,1.2106813289787695,-0.3664848165020027,0.5903160149431131,7790.525,7746.012,-0.3394677181219383,73.0,0.21117693346459926,91.43799999999999,0,0,Late,Midfield,VeryFast,False,False,False,False,False,False,False,False,False,False,False,False,False,False,False,True,False,False,False,False,False,False,False,False,True,False,False,False,False,True,89.86105577078153
0 days 01:14:07.288000,24,95.828,-1.1241434427849994,1.0,,,30.416,-0.1384553132705649,26.959,0 days 01:13:01.933000,0 days 01:13:40.386000,0 days 01:14:07.345000,286.0,252.0,244.0,279.0,False,10.0,True,Kick Sauber,0 days 01:12:31.460000,2024-07-07 14:17:28.489,1,19.0,False,,False,True,ZHO,14.0,18.0,Lapped,-0.9216925818230712,-0.024244412411676127,0.14692822488355692,-0.3328950306077789,-0.05717389189174801,4351.46,4325.535,1.5701663940927224,61.0,0.6870278210536436,95.828,0,0,Early,Midfield,Medium,False,False,False,False,False,False,False,False,False,False,False,False,False,False,False,False,False,True,False,False,False,True,False,False,False,False,False,False,False,True,95.51891330425644
0 days 02:11:39.460000,31,90.928,1.2075279115113358,5.0,,,29.356,-0.910988631347282,25.037,0 days 02:10:37.953000,0 days 02:11:14.488000,0 days 02:11:39.525000,276.0,259.0,251.0,287.0,True,6.0,True,Alpine,0 days 02:10:08.532000,2024-07-07 15:15:05.561,1,17.0,False,,False,True,OCO,18.0,16.0,Lapped,-0.38397119212681746,0.8662709355950178,1.5215206874354326,0.6136449531874802,-0.22347961128807334,7808.532,7806.02,-0.20306528153517733,73.0,0.40944813662670115,90.928,0,0,Late,Backmarker,VeryFast,False,False,False,False,False,False,False,True,False,False,False,False,False,False,False,False,False,False,False,False,False,False,False,False,False,False,False,False,True,False,91.09249262628236
0 days 01:12:16.642000,16,92.326,-1.1927220120290094,1.0,,,29.579,-0.539624856964209,25.29,0 days 01:11:13.948000,0 days 01:11:51.405000,0 days 01:12:16.695000,306.0,260.0,248.0,316.0,True,9.0,True,Ferrari,0 days 01:10:44.316000,2024-07-07 14:15:41.345,1,8.0,False,,False,True,LEC,11.0,14.0,Lapped,1.229192976961944,0.577365036076742,0.590012832342273,-0.25582995760594446,-0.1213643998829934,4244.316,4205.552,1.160959084332437,61.0,0.8456447835833258,92.326,0,0,Early,Midfield,Fast,False,False,False,False,True,False,False,False,False,False,False,False,False,False,False,False,False,False,False,True,False,False,False,False,False,False,False,False,True,False,94.33532817864133
0 days 01:15:11.177000,1,91.81,-1.0555648735409895,1.0,,,29.524,-0.699528781508763,25.226,0 days 01:14:08.946000,0 days 01:14:46.006000,0 days 01:15:11.232000,294.0,257.0,246.0,295.0,False,11.0,True,Red Bull Racing,0 days 01:13:39.367000,2024-07-07 14:18:36.396,1,3.0,False,,False,True,VER,4.0,2.0,Finished,-0.7066040259445697,0.8094609195067067,0.8224883884654811,-0.6189138806974791,0.9442521605902274,4419.367,4385.545,1.5701663940927224,62.0,0.647373580421224,91.81,0,1,Early,Top5,VeryFast,False,False,False,False,False,False,False,False,False,False,False,False,False,False,False,False,True,False,False,False,False,False,False,False,False,True,False,False,True,False,90.59358032271969
0 days 01:01:27.535000,18,92.683,-1.6727719967370784,1.0,,,29.645,-0.3680402930952404,25.155,0 days 01:00:24.556000,0 days 01:01:02.439000,0 days 01:01:27.594000,319.0,259.0,245.0,328.0,True,2.0,True,Aston Martin,0 days 00:59:54.852000,2024-07-07 14:04:51.881,1,7.0,False,,False,True,STR,8.0,7.0,Finished,2.4121800342937023,0.5064240794983496,-0.42141507761183533,-0.4869086670576799,0.23688959316633848,3594.852,3545.476,0.7517517745721518,63.0,3.5817873872203316,92.683,0,0,Early,Top10,Fast,False,False,False,False,False,False,False,False,False,False,False,False,False,False,True,False,False,False,True,False,False,False,False,False,False,False,False,False,True,False,95.23136906880791
0 days 01:52:29.716000,24,105.029,0.3845850805832175,4.0,,,32.927,1.5701402734246495,29.407,0 days 01:51:17.671000,0 days 01:52:00.366000,0 days 01:52:29.773000,283.0,240.0,220.0,286.0,False,6.0,True,Kick Sauber,0 days 01:50:44.687000,2024-07-07 14:55:41.716,1,19.0,False,,False,True,ZHO,14.0,18.0,Lapped,-1.5669582494585759,-1.2323610739254927,-1.1363810954170959,1.1678682856849583,-1.5080178562256794,6644.687,6605.843,-1.5670896474027918,74.0,-1.2956842105673754,105.029,0,0,Mid,Midfield,Slow,False,False,False,False,False,False,False,False,False,False,False,False,False,False,False,False,False,True,False,False,False,True,False,False,False,False,False,True,False,False,104.51728967831495
0 days 01:06:13.009000,20,92.999,-1.4670362890050488,1.0,,,29.414,-0.3128593418040463,25.565,0 days 01:05:09.458000,0 days 01:05:47.478000,0 days 01:06:13.043000,323.0,261.0,246.0,334.0,True,5.0,True,Haas F1 Team,0 days 01:04:40.010000,2024-07-07 14:09:37.039,1,17.0,False,,False,True,MAG,17.0,12.0,Finished,3.3800785357469594,0.5534040717252136,-0.21484727952253566,1.1721928618856718,0.2076259372397074,3880.01,3845.509,0.7517517745721518,60.0,0.01290573030249735,92.999,0,0,Early,Backmarker,Fast,False,False,False,False,False,True,False,False,False,False,False,False,False,False,False,False,False,False,False,False,True,False,False,False,False,False,False,False,True,False,94.83973058175572
0 days 01:55:59.496000,4,102.34,0.6588993575592569,2.0,,,32.53,1.3457914422626414,27.672,0 days 01:54:49.747000,0 days 01:55:31.885000,0 days 01:55:59.557000,296.0,247.0,224.0,299.0,False,9.0,True,McLaren,0 days 01:54:17.156000,2024-07-07 14:59:14.185,1,1.0,False,,False,True,NOR,3.0,3.0,Finished,-0.2764269141875667,-0.8625588251342693,-1.2659160725187846,0.4053654594097072,-0.5666914604975066,6857.156,6845.886,-1.5670896474027918,75.0,-1.0974130074052735,102.34,0,1,Late,Top5,Slow,False,False,False,False,False,False,True,False,False,False,False,False,False,False,False,False,False,False,False,False,False,False,True,False,False,False,False,True,False,False,102.26099135629983
0 days 01:29:41.699000,22,96.875,-0.4383577503449008,1.0,,,31.315,0.07622678189882214,26.574,0 days 01:28:36.199000,0 days 01:29:15.185000,0 days 01:29:41.759000,298.0,253.0,247.0,312.0,False,20.0,True,RB,0 days 01:28:04.824000,2024-07-07 14:33:01.853,1,10.0,False,,False,True,TSU,13.0,10.0,Finished,0.799015865204941,-0.19251677994544308,-0.3176799456723593,0.9587519090046209,-0.18419352352302978,5284.824,5225.66,0.7517517745721518,64.0,-0.4232909166541274,96.875,0,0,Mid,Midfield,Medium,False,False,False,False,False,False,False,False,False,False,False,False,False,False,False,True,False,False,False,False,False,False,False,False,True,False,False,False,True,False,97.10903114446764
0 days 01:49:49.851000,11,102.676,0.31600651133920765,3.0,,,31.949,1.0799562024656502,29.249,0 days 01:48:39.198000,0 days 01:49:20.676000,0 days 01:49:49.925000,287.0,238.0,219.0,298.0,False,3.0,True,Red Bull Racing,0 days 01:48:07.175000,2024-07-07 14:53:04.204,1,17.0,False,,False,True,PER,20.0,17.0,Lapped,-0.4915154700660682,-0.9482488243511984,-1.4368886836279082,0.31942336407028554,-1.262806867122191,6487.175,6485.796,-1.430687210816031,73.0,-1.2956842105673754,102.676,0,0,Mid,Backmarker,Slow,False,False,False,False,False,False,False,False,True,False,False,False,False,False,False,False,False,False,False,False,False,False,False,False,False,True,False,True,False,False,102.56383358682706
0 days 01:12:22.250000,2,93.019,-1.1927220120290094,1.0,,,29.793,-0.35756799576990583,25.317,0 days 01:11:19.098000,0 days 01:11:57.007000,0 days 01:12:22.324000,310.0,257.0,244.0,318.0,False,9.0,True,Williams,0 days 01:10:49.231000,2024-07-07 14:15:46.260,1,13.0,False,,False,True,SAR,12.0,11.0,Finished,1.3367372549011949,0.3557234079449337,0.0061793014307714896,-0.3600086274260487,-0.06448536273648152,4249.231,4205.552,1.160959084332437,61.0,0.8456447835833258,93.019,0,0,Early,Midfield,Medium,False,False,False,False,False,False,False,False,False,False,False,False,False,True,False,False,False,False,False,False,False,False,False,False,False,False,True,False,True,False,93.61251267083628
0 days 01:19:58.107000,16,92.396,-0.84982916580896,1.0,,,29.708,-0.5811112655991949,25.334,0 days 01:18:55.472000,0 days 01:19:32.826000,0 days 01:19:58.160000,285.0,258.0,247.0,292.0,False,14.0,True,Ferrari,0 days 01:18:25.711000,2024-07-07 14:23:22.740,1,7.0,False,,False,True,LEC,11.0,14.0,Lapped,-0.4915154700660682,0.603373360667772,1.091683246073941,-0.9115834265517816,0.4056736905529426,4705.711,4685.594,1.2973615209192007,59.0,0.3301396553618607,92.396,0,0,Early,Midfield,Fast,False,False,False,False,True,False,False,False,False,False,False,False,False,False,False,False,False,False,False,True,False,False,False,False,False,False,False,False,True,False,91.98173416832192
0 days 01:18:32.842000,23,92.769,-0.9184077350529699,1.0,,,29.864,-0.5529166189540592,25.481,0 days 01:17:29.937000,0 days 01:18:07.361000,0 days 01:18:32.842000,296.0,257.0,246.0,304.0,False,13.0,True,Williams,0 days 01:17:00.073000,2024-07-07 14:21:57.102,1,12.0,False,,False,True,ALB,9.0,9.0,Finished,0.04620591963018562,0.49483585627723875,-0.2453988370306022,-0.1640027121047676,0.11880692647880273,4620.073,4565.557,1.433763957505959,61.0,0.4887566178915416,92.769,0,0,Early,Top10,Fast,False,False,False,False,False,False,False,False,False,False,False,False,False,False,False,False,False,False,False,False,False,False,False,False,False,False,True,False,True,False,93.1375863352562
0 days 02:14:34.388000,2,91.25,1.4132636192433654,3.0,,,29.434,-0.805460096761203,25.019,0 days 02:13:32.646000,0 days 02:14:09.443000,0 days 02:14:34.462000,291.0,259.0,249.0,294.0,False,9.0,True,Williams,0 days 02:13:03.138000,2024-07-07 15:18:00.167,1,11.0,False,,False,True,SAR,12.0,11.0,Finished,0.1537501975694364,0.7391540934525795,0.7379510782330844,-0.9972422558815587,-0.32551812903843375,7983.138,7926.001,-0.06666284494841637,69.0,0.3697938959942802,91.25,0,0,Late,Midfield,VeryFast,False,False,False,False,False,False,False,False,False,False,False,False,False,True,False,False,False,False,False,False,False,False,False,False,False,False,True,False,False,True,91.38109503883662
0 days 01:35:53.102000,14,94.088,-0.1640434733688614,1.0,,,29.949,-0.3869709844141188,26.303,0 days 01:34:49.055000,0 days 01:35:26.891000,0 days 01:35:53.194000,293.0,253.0,241.0,302.0,False,24.0,True,Aston Martin,0 days 01:34:19.014000,2024-07-07 14:39:16.043,1,8.0,False,,False,True,ALO,10.0,8.0,Finished,-0.2764269141875667,0.26512478876020285,-0.08009942260690965,0.24868583720181492,0.1277326618967339,5659.014,5645.691,-0.7486750278822236,68.0,-0.8198333229783312,94.088,0,0,Mid,Top10,Medium,True,False,False,False,False,False,False,False,False,False,False,False,False,False,False,False,False,False,True,False,False,False,False,False,False,False,False,False,True,False,95.06202307021842
0 days 01:10:58.608000,77,93.561,-1.2613005812730191,1.0,,,29.899,-0.3338039364547183,25.694,0 days 01:09:55.001000,0 days 01:10:32.969000,0 days 01:10:58.663000,289.0,254.0,246.0,295.0,False,8.0,True,Kick Sauber,0 days 01:09:25.047000,2024-07-07 14:14:22.076,1,19.0,False,,False,True,BOT,16.0,15.0,Lapped,-1.029236859762322,0.40793265373242316,0.778412694296821,-0.19466908472029165,0.39403783418976474,4165.047,4145.541,1.0245566477456738,60.0,0.805990542950905,93.561,0,0,Early,Backmarker,Medium,False,True,False,False,False,False,False,False,False,False,False,False,False,False,False,False,False,False,False,False,False,True,False,False,False,False,False,False,True,False,92.69149519553626
0 days 02:11:21.318000,23,90.406,1.2761064807553457,3.0,,,29.201,-0.88480788803394,24.605,0 days 02:10:20.113000,0 days 02:10:56.713000,0 days 02:11:21.318000,309.0,265.0,247.0,331.0,False,7.0,True,Williams,0 days 02:09:50.912000,2024-07-07 15:14:47.941,1,9.0,False,,False,True,ALB,9.0,9.0,Finished,2.8423571460507056,1.0701779553547157,0.5276648744015202,-0.3000056343190015,0.7061216851075932,7790.912,7746.012,-0.3394677181219383,73.0,0.21117693346459926,90.406,0,0,Late,Top10,VeryFast,False,False,False,False,False,False,False,False,False,False,False,False,False,False,False,False,False,False,False,False,False,False,False,False,False,False,True,False,True,False,89.31386735228492
0 days 01:15:31.592000,20,92.671,-1.0555648735409895,1.0,,,29.617,-0.46994380168408756,25.424,0 days 01:14:28.572000,0 days 01:15:06.202000,0 days 01:15:31.626000,292.0,256.0,246.0,306.0,False,11.0,True,Haas F1 Team,0 days 01:13:58.921000,2024-07-07 14:18:55.950,1,15.0,False,,False,True,MAG,17.0,12.0,Finished,0.2612944755086871,0.5235353655625563,0.40405908939563534,-0.9497309211079668,1.067060280735025,4438.921,4385.545,1.5701663940927224,62.0,0.647373580421224,92.67099999999999,0,0,Early,Backmarker,Fast,False,False,False,False,False,True,False,False,False,False,False,False,False,False,False,False,False,False,False,False,True,False,False,False,False,False,False,False,True,False,91.83819089870708
0 days 01:04:29.246000,4,91.976,-1.5356148582490585,1.0,,,29.32,-0.5416387602960054,25.204,0 days 01:03:26.651000,0 days 01:04:04.103000,0 days 01:04:29.307000,301.0,260.0,248.0,309.0,True,4.0,True,McLaren,0 days 01:02:57.270000,2024-07-07 14:07:54.299,1,4.0,False,,False,True,NOR,3.0,3.0,Finished,1.0141044210834425,0.6036554223311358,-0.008866579610734837,-1.3243654137499332,0.741631977304431,3777.27,3725.493,0.8881542111589152,61.0,0.13186845219975876,91.976,0,1,Early,Top5,Fast,False,False,False,False,False,False,True,False,False,False,False,False,False,False,False,False,False,False,False,False,False,False,True,False,False,False,False,False,True,False,92.59679739746419
0 days 02:17:45.736000,1,89.286,1.618999326975395,3.0,,,29.084,-1.2122685697838727,24.415,0 days 02:16:45.589000,0 days 02:17:21.376000,0 days 02:17:45.791000,295.0,265.0,252.0,290.0,False,12.0,True,Red Bull Racing,0 days 02:16:16.450000,2024-07-07 15:21:13.479,1,2.0,False,,False,True,VER,4.0,2.0,Finished,-0.2764269141875667,1.1244061938306948,1.5573054364319328,-1.6748219669121884,1.3863088228652418,8176.45,8166.076,0.206142028225108,69.0,0.4887566178915416,89.286,0,1,Late,Top5,VeryFast,False,False,False,False,False,False,False,False,False,False,False,False,False,False,False,False,True,False,False,False,False,False,False,False,False,True,False,False,False,False,89.90052104682552
0 days 01:09:19.815000,24,94.51,-1.329879150517029,1.0,,,30.318,-0.0941494399710664,25.629,0 days 01:08:15.680000,0 days 01:08:54.243000,0 days 01:09:19.872000,285.0,257.0,244.0,316.0,False,7.0,True,Kick Sauber,0 days 01:07:45.305000,2024-07-07 14:12:42.334,1,15.0,False,,False,True,ZHO,14.0,18.0,Lapped,1.3367372549011949,0.19451989661281055,0.29357633582672993,-0.35287872490826305,-0.11728429553868396,4065.305,4025.531,0.8881542111589152,61.0,0.5680650991563821,94.51,0,0,Early,Midfield,Medium,False,False,False,False,False,False,False,False,False,False,False,False,False,False,False,False,False,True,False,False,False,True,False,False,False,False,False,False,False,True,94.79394657280265
0 days 01:38:50.516000,1,101.491,-0.02688633488084168,1.0,,0 days 01:38:44.599000,30.72,2.0385741884002577,26.913,0 days 01:37:39.800000,0 days 01:38:23.658000,0 days 01:38:50.571000,294.0,247.0,,295.0,False,26.0,True,Red Bull Racing,0 days 01:37:09.025000,2024-07-07 14:42:06.054,1,5.0,False,,False,False,VER,4.0,2.0,Finished,-0.9216925818230712,-1.0860046803627623,-1.5638554120408303,2.111455980419368,-0.277477219670256,5829.025,5825.735,-0.7486750278822236,67.0,-0.7801790823459103,101.491,0,1,Mid,Top5,Slow,False,False,False,False,False,False,False,False,False,False,False,False,False,False,False,False,True,False,False,False,False,False,False,False,False,True,False,False,True,False,102.67093917904728
0 days 01:04:43.054000,11,92.57,-1.5356148582490585,1.0,,,29.338,-0.36038746043441855,25.33,0 days 01:03:39.896000,0 days 01:04:17.798000,0 days 01:04:43.128000,316.0,256.0,246.0,305.0,False,4.0,True,Red Bull Racing,0 days 01:03:10.484000,2024-07-07 14:08:07.513,1,18.0,False,,False,True,PER,20.0,17.0,Lapped,1.229192976961944,0.6254592854419181,0.5611423887244434,-0.32422582559320634,0.9820736685464923,3790.484,3785.556,0.8881542111589152,61.0,0.05255997093491829,92.57000000000001,0,0,Early,Backmarker,Fast,False,False,False,False,False,False,False,False,True,False,False,False,False,False,False,False,False,False,False,False,False,False,False,False,False,True,False,False,False,False,91.8741189589961
0 days 01:58:21.895000,27,100.657,0.7274779268032668,2.0,,,31.62,1.0819701057974438,27.554,0 days 01:57:12.898000,0 days 01:57:54.381000,0 days 01:58:21.935000,292.0,245.0,231.0,299.0,False,11.0,True,Haas F1 Team,0 days 01:56:41.238000,2024-07-07 15:01:38.267,1,6.0,False,,False,True,HUL,6.0,6.0,Finished,-0.4915154700660682,-0.5450366585829465,-0.9201760045487515,0.28192245787094117,-0.3919164560262762,7001.238,6965.895,-1.5670896474027918,76.0,-1.0181045261404331,100.657,0,0,Late,Top10,Medium,False,False,False,True,False,False,False,False,False,False,False,False,False,False,False,False,False,False,False,False,True,False,False,False,False,False,False,True,False,False,101.7489235002883
0 days 01:32:48.104000,22,92.681,-0.30120061185688113,1.0,,,29.696,-0.4912911770011205,25.408,0 days 01:31:45.179000,0 days 01:32:22.756000,0 days 01:32:48.164000,298.0,256.0,249.0,304.0,False,22.0,True,RB,0 days 01:31:15.423000,2024-07-07 14:36:12.452,1,10.0,False,,False,True,TSU,13.0,10.0,Finished,-0.06133835830906515,0.44356318590171,0.4072685951218441,-0.0369479295173635,0.38104950573083474,5475.423,5465.676,-0.3394677181219383,68.0,-0.7405248417134893,92.681,0,0,Mid,Midfield,Fast,False,False,False,False,False,False,False,False,False,False,False,False,False,False,False,True,False,False,False,False,False,False,False,False,True,False,False,False,True,False,93.76579703832464
0 days 01:45:48.106000,44,100.467,0.24742794209519775,2.0,,,31.833,0.6457586441305613,28.234,0 days 01:44:39.500000,0 days 01:45:19.900000,0 days 01:45:48.134000,294.0,240.0,227.0,298.0,False,3.0,True,Mercedes,0 days 01:44:07.639000,2024-07-07 14:49:04.668,1,2.0,False,,False,True,HAM,2.0,1.0,Finished,-0.599059748005319,-0.669064639726946,-0.4415944910959449,-0.11314331836420542,-0.13026571630960992,6247.639,6245.797,-1.0214799010557456,70.0,-1.2956842105673754,100.46700000000001,1,1,Mid,Top5,Medium,False,False,True,False,False,False,False,False,False,False,False,False,False,False,False,False,False,False,False,False,False,False,False,True,False,False,False,True,False,False,100.99415402263496
0 days 01:02:58.904000,55,92.102,-1.6041934274930685,1.0,,,29.321,-0.4566520396942403,25.118,0 days 01:01:56.163000,0 days 01:02:33.826000,0 days 01:02:58.944000,314.0,259.0,246.0,320.0,True,3.0,True,Ferrari,0 days 01:01:26.802000,2024-07-07 14:06:23.831,1,6.0,False,,False,True,SAI,7.0,5.0,Finished,1.659370088718947,0.6742929837229887,0.32697589650791825,0.024801061551248817,0.2081509588951592,3686.802,3665.476,0.8881542111589152,62.0,3.5817873872203316,92.10199999999999,0,0,Early,Top10,Fast,False,False,False,False,False,False,False,False,False,False,False,False,True,False,False,False,False,False,False,True,False,False,False,False,False,False,False,False,True,False,93.85888983973965
0 days 01:35:50.949000,27,93.352,-0.1640434733688614,1.0,,,29.702,-0.40066552707032704,25.848,0 days 01:34:47.339000,0 days 01:35:25.141000,0 days 01:35:50.989000,290.0,255.0,241.0,300.0,False,24.0,True,Haas F1 Team,0 days 01:34:17.597000,2024-07-07 14:39:14.626,1,7.0,False,,False,True,HUL,6.0,6.0,Finished,-0.2764269141875667,0.45114969149622736,0.634711160088706,-0.07627870447076222,0.7902980340806391,5657.597,5645.691,-0.7486750278822236,68.0,-0.8198333229783312,93.352,0,0,Mid,Top10,Fast,False,False,False,True,False,False,False,False,False,False,False,False,False,False,False,False,False,False,False,False,True,False,False,False,False,False,False,False,True,False,92.13754943892745
0 days 01:39:33.277000,3,104.813,-0.02688633488084168,1.0,,0 days 01:39:27.190000,31.531,2.5561473446716763,28.139,0 days 01:38:20.077000,0 days 01:39:05.220000,0 days 01:39:33.359000,291.0,237.0,,297.0,False,26.0,True,RB,0 days 01:37:48.464000,2024-07-07 14:42:45.493,1,14.0,False,,False,False,RIC,15.0,13.0,Lapped,-0.7066040259445697,-1.5791011987956933,-2.1517606278871253,0.8792716852590555,-1.0917405817133143,5868.464,5825.735,-0.7486750278822236,67.0,-0.7801790823459103,104.813,0,0,Mid,Midfield,Slow,False,False,False,False,False,False,False,False,False,False,True,False,False,False,False,False,False,False,False,False,False,False,False,False,True,False,False,False,True,False,106.19578577500204
0 days 02:18:58.487000,22,91.407,1.618999326975395,3.0,,,29.301,-0.7530986101345217,25.179,0 days 02:17:56.441000,0 days 02:18:33.368000,0 days 02:18:58.547000,295.0,261.0,249.0,297.0,False,12.0,True,RB,0 days 02:17:27.080000,2024-07-07 15:22:24.109,1,10.0,False,,False,True,TSU,13.0,10.0,Finished,-0.4915154700660682,0.6343333675426436,0.8671160789730633,-0.9576168737641195,0.6952740033678846,8247.08,8226.085,0.206142028225108,69.0,0.5680650991563821,91.407,0,0,Late,Midfield,Fast,False,False,False,False,False,False,False,False,False,False,False,False,False,False,False,True,False,False,False,False,False,False,False,False,True,False,False,False,False,True,91.3793565165812
0 days 01:28:13.965000,3,104.922,-0.5069363195889107,1.0,,,34.743,1.2450962756728714,28.291,0 days 01:27:03.868000,0 days 01:27:45.756000,0 days 01:28:14.047000,264.0,230.0,231.0,298.0,False,19.0,True,RB,0 days 01:26:29.043000,2024-07-07 14:31:26.072,1,16.0,False,,False,True,RIC,15.0,13.0,Lapped,-0.7066040259445697,-1.2353301149754143,-1.516163960747863,0.334729533160031,-0.460132657446614,5189.043,5165.639,1.0245566477456738,63.0,-0.30432819475686596,104.922,0,0,Mid,Midfield,Slow,False,False,False,False,False,False,False,False,False,False,True,False,False,False,False,False,False,False,False,False,False,False,False,False,True,False,False,False,True,False,102.45174332409935
0 days 01:04:38.246000,24,93.221,-1.5356148582490585,1.0,,,29.724,-0.3128593418040463,25.477,0 days 01:03:34.806000,0 days 01:04:12.826000,0 days 01:04:38.303000,309.0,258.0,245.0,321.0,True,4.0,True,Kick Sauber,0 days 01:03:05.025000,2024-07-07 14:08:02.054,1,14.0,False,,False,True,ZHO,14.0,18.0,Lapped,1.8744586445974487,0.5603764334223235,0.3933090437182995,0.3267163034601053,0.1455102969494516,3785.025,3725.493,0.8881542111589152,61.0,0.13186845219975876,93.221,0,0,Early,Midfield,Fast,False,False,False,False,False,False,False,False,False,False,False,False,False,False,False,False,False,True,False,False,False,True,False,False,False,False,False,False,False,True,93.958337693914
0 days 01:37:28.789000,14,95.687,-0.09546490412485154,1.0,,,29.912,0.075824001232464,26.79,0 days 01:36:23.106000,0 days 01:37:02.091000,0 days 01:37:28.881000,295.0,254.0,231.0,302.0,False,25.0,True,Aston Martin,0 days 01:35:53.102000,2024-07-07 14:40:50.131,1,8.0,False,,False,True,ALO,10.0,8.0,Finished,-0.2764269141875667,0.05589543032721344,-0.20652286339695647,-0.17889473170311634,-0.10882766950018177,5753.102,5705.725,-0.7486750278822236,68.0,-0.7801790823459103,95.68699999999998,0,0,Mid,Top10,Medium,True,False,False,False,False,False,False,False,False,False,False,False,False,False,False,False,False,False,True,False,False,False,False,False,False,False,False,False,True,False,95.86992286480246
0 days 02:15:36.141000,27,90.365,1.4818421884873751,3.0,,,29.221,-0.9415999619905695,24.685,0 days 02:14:35.037000,0 days 02:15:11.496000,0 days 02:15:36.181000,290.0,260.0,251.0,298.0,False,12.0,False,Haas F1 Team,0 days 02:14:05.776000,2024-07-07 15:19:02.805,1,6.0,False,,False,True,HUL,6.0,6.0,Finished,0.04620591963018562,1.0233003867565458,1.0260617461166834,-1.2002903064673114,1.333190140898781,8045.776,7986.026,-0.06666284494841637,71.0,0.3697938959942802,90.36500000000001,0,0,Late,Top10,VeryFast,False,False,False,True,False,False,False,False,False,False,False,False,False,False,False,False,False,False,False,False,True,False,False,False,False,False,False,False,False,True,89.75491590910583
0 days 01:51:41.744000,14,104.262,0.45316364982722734,2.0,,,32.69,1.3163884536184283,29.507,0 days 01:50:30.264000,0 days 01:51:12.329000,0 days 01:51:41.836000,286.0,239.0,219.0,291.0,False,6.0,True,Aston Martin,0 days 01:49:57.482000,2024-07-07 14:54:54.511,1,9.0,False,,False,True,ALO,10.0,8.0,Finished,-1.2443254156408237,-1.0635620887348727,-1.5046856001875024,0.753107688649151,-0.9253596034859181,6597.482,6545.813,-1.5670896474027918,73.0,-1.2956842105673754,104.262,0,0,Mid,Top10,Slow,True,False,False,False,False,False,False,False,False,False,False,False,False,False,False,False,False,False,True,False,False,False,False,False,False,False,False,True,False,False,103.64925550723379
0 days 01:21:55.562000,31,94.884,-0.7812505965649501,1.0,,,30.406,-0.18356674790278257,26.137,0 days 01:20:51.149000,0 days 01:21:29.490000,0 days 01:21:55.627000,280.0,253.0,243.0,286.0,False,15.0,True,Alpine,0 days 01:20:20.678000,2024-07-07 14:25:17.707,1,18.0,False,,False,True,OCO,18.0,16.0,Lapped,-1.029236859762322,0.2321973246274854,1.0125302413065975,0.9576827039743206,-0.2902367694495481,4820.678,4805.646,1.160959084332437,59.0,0.2508311740970202,94.884,0,0,Early,Backmarker,Medium,False,False,False,False,False,False,False,True,False,False,False,False,False,False,False,False,False,False,False,False,False,False,False,False,False,False,False,False,False,True,93.81705571386087
0 days 01:51:22.328000,16,103.795,0.3845850805832175,3.0,,,32.75,1.3296802156082785,28.947,0 days 01:50:11.336000,0 days 01:50:53.434000,0 days 01:51:22.381000,291.0,239.0,221.0,296.0,False,5.0,True,Ferrari,0 days 01:49:38.533000,2024-07-07 14:54:35.562,1,16.0,False,,False,True,LEC,11.0,14.0,Lapped,-0.7066040259445697,-1.153317202657138,-0.6763372497125866,0.12196446871373406,-0.41402506923825605,6578.533,6545.813,-1.5670896474027918,73.0,-1.2956842105673754,103.795,0,0,Mid,Midfield,Slow,False,False,False,False,True,False,False,False,False,False,False,False,False,False,False,False,False,False,False,True,False,False,False,False,False,False,False,True,False,False,102.51314433045822
0 days 02:13:13.986000,44,89.538,1.4132636192433654,3.0,,,29.069,-1.1164067711904118,24.444,0 days 02:12:13.545000,0 days 02:12:49.570000,0 days 02:13:14.014000,294.0,263.0,250.0,300.0,False,10.0,False,Mercedes,0 days 02:11:44.448000,2024-07-07 15:16:41.477,1,1.0,False,,False,True,HAM,2.0,1.0,Finished,-0.16888263624831593,1.163102151023946,1.6419227477639593,-1.153392069061678,1.5309141455198119,7904.448,7866.021,-0.20306528153517733,71.0,0.40944813662670115,89.538,1,1,Late,Top5,VeryFast,False,False,True,False,False,False,False,False,False,False,False,False,False,False,False,False,False,False,False,False,False,False,False,True,False,False,False,False,False,True,88.9786975027573
0 days 01:58:40.504000,31,101.215,0.6588993575592569,4.0,,,32.124,0.9583164412252083,27.915,0 days 01:57:31.478000,0 days 01:58:12.654000,0 days 01:58:40.569000,278.0,243.0,234.0,285.0,False,10.0,True,Alpine,0 days 01:56:59.289000,2024-07-07 15:01:56.318,1,17.0,False,,False,True,OCO,18.0,16.0,Lapped,-1.1367811377015729,-0.9414292963568602,-0.5543139435615374,1.6395131898769795,-1.4873290926630807,7019.289,6965.895,-1.5670896474027918,76.0,-1.0181045261404331,101.215,0,0,Late,Backmarker,Slow,False,False,False,False,False,False,False,True,False,False,False,False,False,False,False,False,False,False,False,False,False,False,False,False,False,False,False,True,False,False,103.79752165801769
0 days 01:32:22.648000,44,91.095,-0.30120061185688113,1.0,,,29.387,-0.7957933607685848,24.887,0 days 01:31:20.968000,0 days 01:31:57.789000,0 days 01:32:22.676000,293.0,259.0,250.0,306.0,True,22.0,True,Mercedes,0 days 01:30:51.553000,2024-07-07 14:35:48.582,1,3.0,False,,False,True,HAM,2.0,1.0,Finished,0.04620591963018562,0.7800753399351796,1.2159550122885328,0.10845287070839053,1.7065147910622755,5451.553,5405.664,-0.06666284494841637,69.0,-0.7405248417134893,91.095,1,1,Mid,Top5,VeryFast,False,False,True,False,False,False,False,False,False,False,False,False,False,False,False,False,False,False,False,False,False,False,False,True,False,False,False,False,True,False,90.84910443778968
0 days 01:01:38.144000,11,92.942,-1.6727719967370784,1.0,,,29.472,-0.37569312575606506,25.606,0 days 01:00:34.748000,0 days 01:01:12.612000,0 days 01:01:38.218000,292.0,256.0,245.0,303.0,True,2.0,True,Red Bull Racing,0 days 01:00:05.202000,2024-07-07 14:05:02.231,1,19.0,False,,False,True,PER,20.0,17.0,Lapped,-0.16888263624831593,0.5665733481784736,0.5950600994204288,-0.11350008375813006,1.0023168117588763,3605.202,3545.476,0.7517517745721518,63.0,3.5817873872203316,92.94200000000001,0,0,Early,Backmarker,Fast,False,False,False,False,False,False,False,False,True,False,False,False,False,False,False,False,False,False,False,False,False,False,False,False,False,True,False,False,False,False,91.64885565368527
0 days 01:58:51.004000,20,102.038,0.7274779268032668,2.0,,0 days 01:58:45.121000,32.302,1.6168628307223025,26.925,0 days 01:57:41.302000,0 days 01:58:24.113000,0 days 01:58:51.038000,289.0,236.0,,296.0,False,10.0,True,Haas F1 Team,0 days 01:57:08.966000,2024-07-07 15:02:05.995,1,11.0,False,,False,False,MAG,17.0,12.0,Finished,-0.8141483038838205,-1.18307078273352,-0.6588142881572002,1.256881911619958,-1.2524343477858464,7028.966,7025.895,-1.430687210816031,78.0,-0.5819078791838084,102.038,0,0,Late,Backmarker,Slow,False,False,False,False,False,True,False,False,False,False,False,False,False,False,False,False,False,False,False,False,True,False,False,False,False,False,False,True,False,False,101.35913921256878
0 days 01:46:03.307000,81,100.492,0.24742794209519775,2.0,,,31.712,0.7774679220299795,28.053,0 days 01:44:54.609000,0 days 01:45:35.336000,0 days 01:46:03.389000,293.0,241.0,222.0,296.0,False,2.0,True,McLaren,0 days 01:44:22.815000,2024-07-07 14:49:19.844,1,6.0,False,,False,True,PIA,5.0,4.0,Finished,-0.7066040259445697,-0.5186272343027127,-0.9447360074931876,-0.21987031186112652,-0.11259203035483184,6262.815,6245.797,-1.0214799010557456,70.0,-1.2956842105673754,100.49199999999999,0,0,Mid,Top5,Medium,False,False,False,False,False,False,False,False,False,True,False,False,False,False,False,False,False,False,False,False,False,False,True,False,False,False,False,True,False,False,100.55728490529624
0 days 02:16:05.589000,2,91.201,1.4818421884873751,3.0,,,29.5,-0.8703077840450125,25.065,0 days 02:15:03.962000,0 days 02:15:40.598000,0 days 02:16:05.663000,289.0,258.0,249.0,294.0,False,10.0,True,Williams,0 days 02:14:34.388000,2024-07-07 15:19:31.417,1,11.0,False,,False,True,SAR,12.0,11.0,Finished,0.1537501975694364,0.7695761145046834,0.7317331584713376,-0.7157896283792469,-0.5040985027123487,8074.388,8046.052,0.06973959163834459,71.0,0.4887566178915416,91.201,0,0,Late,Midfield,VeryFast,False,False,False,False,False,False,False,False,False,False,False,False,False,True,False,False,False,False,False,False,False,False,False,False,False,False,True,False,False,True,91.68253516066106
0 days 01:07:38.794000,16,92.758,-1.3984577197610388,1.0,,,29.562,-0.5174719203144598,25.684,0 days 01:06:35.651000,0 days 01:07:13.163000,0 days 01:07:38.847000,308.0,260.0,248.0,326.0,False,6.0,True,Ferrari,0 days 01:06:06.036000,2024-07-07 14:11:03.065,1,8.0,False,,False,True,LEC,11.0,14.0,Lapped,2.5197243122329533,0.48356091138815926,0.6245496374863581,-0.22754709016619995,0.4888930179055337,3966.036,3965.525,0.7517517745721518,61.0,0.13186845219975876,92.758,0,0,Early,Midfield,Fast,False,False,False,False,True,False,False,False,False,False,False,False,False,False,False,False,False,False,False,True,False,False,False,False,False,False,False,False,True,False,93.44195113278039
0 days 01:06:01.791000,81,91.832,-1.4670362890050488,1.0,,,29.512,-0.6258199195650516,25.077,0 days 01:04:59.553000,0 days 01:05:36.796000,0 days 01:06:01.873000,312.0,262.0,247.0,320.0,True,5.0,True,McLaren,0 days 01:04:29.959000,2024-07-07 14:09:26.988,1,5.0,False,,False,True,PIA,5.0,4.0,Finished,1.659370088718947,0.6532328348277282,0.2844343325664704,-0.912592931973105,0.7698164876368478,3869.959,3845.509,0.7517517745721518,60.0,0.01290573030249735,91.832,0,0,Early,Top5,Fast,False,False,False,False,False,False,False,False,False,True,False,False,False,False,False,False,False,False,False,False,False,False,True,False,False,False,False,False,True,False,91.96756341441613
0 days 01:23:03.785000,16,92.923,-0.7126720273209403,1.0,,,29.79,-0.6016530795835087,25.83,0 days 01:22:00.705000,0 days 01:22:38.008000,0 days 01:23:03.838000,284.0,257.0,248.0,290.0,False,16.0,True,Ferrari,0 days 01:21:30.862000,2024-07-07 14:26:27.891,1,7.0,False,,False,True,LEC,11.0,14.0,Lapped,-0.4915154700660682,0.5346932250711594,1.0764959250749422,-0.3882694850405789,0.5701870940480376,4890.862,4865.627,1.160959084332437,59.0,0.1715226928321783,92.92299999999999,0,0,Early,Midfield,Fast,False,False,False,False,True,False,False,False,False,False,False,False,False,False,False,False,False,False,False,True,False,False,False,False,False,False,False,False,True,False,92.003088244368
0 days 01:24:19.761000,63,94.793,-0.6440934580769304,1.0,,,29.793,-0.6117225962424852,27.722,0 days 01:23:14.816000,0 days 01:23:52.094000,0 days 01:24:19.816000,292.0,256.0,240.0,300.0,False,17.0,True,Mercedes,0 days 01:22:44.968000,2024-07-07 14:27:41.997,1,1.0,False,,False,True,RUS,1.0,,Retired,-0.4915154700660682,0.19716997458277594,0.17282733283974563,-0.6196953674120977,1.5388511229669437,4964.968,4925.627,1.160959084332437,60.0,0.13186845219975876,94.793,0,0,Early,Top5,Medium,False,False,False,False,False,False,False,False,False,False,False,True,False,False,False,False,False,False,False,False,False,False,False,True,False,False,False,False,True,False,94.66974344928903
0 days 01:30:48.816000,4,91.513,-0.369779181100891,1.0,,,29.432,-0.6580423728737801,24.918,0 days 01:29:46.796000,0 days 01:30:23.959000,0 days 01:30:48.877000,289.0,257.0,249.0,301.0,False,21.0,True,McLaren,0 days 01:29:17.303000,2024-07-07 14:34:14.332,1,1.0,False,,False,True,NOR,3.0,3.0,Finished,-0.06133835830906515,0.7255840230342802,0.769025230818843,-0.9177169153107892,0.6187614385507649,5357.303,5345.647,0.34254446481186895,67.0,-0.6612163604486488,91.513,0,1,Mid,Top5,VeryFast,False,False,False,False,False,False,True,False,False,False,False,False,False,False,False,False,False,False,False,False,False,False,True,False,False,False,False,False,True,False,90.58974009577264
0 days 01:29:43.106000,2,96.116,-0.4383577503449008,1.0,,,31.2,-0.002315448041198495,26.125,0 days 01:28:38.264000,0 days 01:29:17.055000,0 days 01:29:43.180000,289.0,247.0,248.0,301.0,False,20.0,True,Williams,0 days 01:28:06.990000,2024-07-07 14:33:04.019,1,12.0,False,,False,True,SAR,12.0,11.0,Finished,0.1537501975694364,-0.17101212318588874,-0.4091266954143995,0.5970193328870343,0.036992695073723755,5286.99,5285.648,0.6153493379853933,67.0,-0.5819078791838084,96.116,0,0,Mid,Midfield,Medium,False,False,False,False,False,False,False,False,False,False,False,False,False,True,False,False,False,False,False,False,False,False,False,False,False,False,True,False,True,False,96.02129119918119
0 days 02:15:16.393000,77,91.431,1.4132636192433654,3.0,,,29.454,-0.7551125134663181,25.055,0 days 02:14:14.471000,0 days 02:14:51.393000,0 days 02:15:16.448000,284.0,259.0,249.0,292.0,False,10.0,True,Kick Sauber,0 days 02:13:44.962000,2024-07-07 15:18:41.991,1,14.0,False,,False,True,BOT,16.0,15.0,Lapped,-0.7066040259445697,0.8080019636117908,1.441156115566221,0.2803540459105368,0.7584531257342804,8024.962,7986.026,-0.06666284494841637,71.0,0.3697938959942802,91.43100000000001,0,0,Late,Backmarker,VeryFast,False,True,False,False,False,False,False,False,False,False,False,False,False,False,False,False,False,False,False,False,False,True,False,False,False,False,False,False,False,True,90.34267320725894
0 days 01:47:36.517000,1,102.025,0.31600651133920765,2.0,,,32.091,0.9220661812528897,28.848,0 days 01:46:26.638000,0 days 01:47:07.724000,0 days 01:47:36.572000,288.0,240.0,218.0,291.0,False,5.0,True,Red Bull Racing,0 days 01:45:54.492000,2024-07-07 14:50:51.521,1,3.0,False,,False,True,VER,4.0,2.0,Finished,-0.9216925818230712,-0.7827775783906669,-0.660311889231705,-0.22800404125578824,-0.663136495550671,6354.492,6305.789,-1.0214799010557456,72.0,-1.2956842105673754,102.02499999999999,0,1,Mid,Top5,Medium,False,False,False,False,False,False,False,False,False,False,False,False,False,False,False,False,True,False,False,False,False,False,False,False,False,True,False,True,False,False,100.75602770461192
0 days 01:01:30.951000,2,93.435,-1.6727719967370784,1.0,,,29.891,-0.23270598919859023,25.325,0 days 01:00:27.481000,0 days 01:01:05.700000,0 days 01:01:31.025000,318.0,258.0,246.0,329.0,True,2.0,True,Williams,0 days 00:59:57.516000,2024-07-07 14:04:54.545,1,13.0,False,,False,True,SAR,12.0,11.0,Finished,2.627268590172204,0.3611352320069809,-0.08873902466672064,0.3857228130686478,0.1500232667666731,3597.516,3545.476,0.7517517745721518,63.0,3.5817873872203316,93.435,0,0,Early,Midfield,Medium,False,False,False,False,False,False,False,False,False,False,False,False,False,True,False,False,False,False,False,False,False,False,False,False,False,False,True,False,True,False,93.45473379592109
0 days 01:15:27.506000,23,92.981,-1.0555648735409895,1.0,,,29.81,-0.4324851997126946,25.448,0 days 01:14:24.335000,0 days 01:15:02.058000,0 days 01:15:27.506000,297.0,255.0,245.0,303.0,False,11.0,True,Williams,0 days 01:13:54.525000,2024-07-07 14:18:51.554,1,12.0,False,,False,True,ALB,9.0,9.0,Finished,-0.06133835830906515,0.2606654178840873,-0.68240629930824,-0.181966218979826,0.656250791471569,4434.525,4385.545,1.5701663940927224,62.0,0.647373580421224,92.981,0,0,Early,Top10,Medium,False,False,False,False,False,False,False,False,False,False,False,False,False,False,False,False,False,False,False,False,False,False,False,False,False,False,True,False,True,False,94.3592101302104
0 days 01:31:14.538000,18,93.291,-0.369779181100891,1.0,,,29.652,-0.3825403970841678,25.792,0 days 01:30:10.958000,0 days 01:30:48.805000,0 days 01:31:14.597000,298.0,255.0,248.0,304.0,False,21.0,True,Aston Martin,0 days 01:29:41.247000,2024-07-07 14:34:38.276,1,9.0,False,,False,True,STR,8.0,7.0,Finished,-0.06133835830906515,0.39242282032123277,0.07395700788677007,-0.23605723867624426,0.21569967318827737,5381.247,5345.647,0.34254446481186895,67.0,-0.6612163604486488,93.291,0,0,Mid,Top10,Medium,False,False,False,False,False,False,False,False,False,False,False,False,False,False,True,False,False,False,True,False,False,False,False,False,False,False,False,False,True,False,94.36962159932179
0 days 01:35:25.390000,44,91.635,-0.1640434733688614,1.0,,,29.344,-0.7752515467842709,25.419,0 days 01:34:23.127000,0 days 01:34:59.999000,0 days 01:35:25.418000,294.0,259.0,247.0,299.0,False,24.0,True,Mercedes,0 days 01:33:53.755000,2024-07-07 14:38:50.784,1,3.0,False,,False,True,HAM,2.0,1.0,Finished,0.1537501975694364,0.6251372405223793,1.1089134699398815,-0.601816688018759,1.2035058469038875,5633.755,5585.679,-0.6122725912954626,69.0,-0.7801790823459103,91.635,1,1,Mid,Top5,Fast,False,False,True,False,False,False,False,False,False,False,False,False,False,False,False,False,False,False,False,False,False,False,False,True,False,False,False,False,True,False,91.88584418147015
0 days 01:57:39.282000,4,99.786,0.7274779268032668,2.0,,,31.936,0.8253988213267099,27.004,0 days 01:56:31.493000,0 days 01:57:12.339000,0 days 01:57:39.343000,292.0,246.0,238.0,299.0,False,10.0,True,McLaren,0 days 01:55:59.496000,2024-07-07 15:00:56.525,1,1.0,False,,False,True,NOR,3.0,3.0,Finished,-0.38397119212681746,-0.6090468424247298,-0.8913272979228418,0.11967731214184253,-0.17134020821064233,6959.496,6905.885,-1.430687210816031,75.0,-1.0974130074052735,99.786,0,1,Late,Top5,Medium,False,False,False,False,False,False,True,False,False,False,False,False,False,False,False,False,False,False,False,False,False,False,True,False,False,False,False,True,False,False,100.38280454147704
0 days 01:18:36.863000,20,92.74,-0.9184077350529699,1.0,,,29.722,-0.48323556367393766,25.421,0 days 01:17:33.879000,0 days 01:18:11.476000,0 days 01:18:36.897000,294.0,257.0,245.0,304.0,False,13.0,True,Haas F1 Team,0 days 01:17:04.123000,2024-07-07 14:22:01.152,1,15.0,False,,False,True,MAG,17.0,12.0,Finished,0.1537501975694364,0.5890884097283374,0.5099156740343973,-0.9035615121582107,0.9727297043063335,4624.123,4565.557,1.433763957505959,61.0,0.4887566178915416,92.74000000000001,0,0,Early,Backmarker,Fast,False,False,False,False,False,True,False,False,False,False,False,False,False,False,False,False,False,False,False,False,True,False,False,False,False,False,False,False,True,False,91.57603821401148
0 days 01:46:30.996000,14,102.577,0.24742794209519775,2.0,,,32.527,1.2285822683521503,28.203,0 days 01:45:21.038000,0 days 01:46:02.885000,0 days 01:46:31.088000,289.0,242.0,231.0,299.0,False,3.0,True,Aston Martin,0 days 01:44:48.419000,2024-07-07 14:49:45.448,1,9.0,False,,False,True,ALO,10.0,8.0,Finished,-0.599059748005319,-0.8505154616780304,-1.2855050208357701,0.24902819621488229,-0.8483172346950822,6288.419,6245.797,-1.0214799010557456,70.0,-1.2956842105673754,102.577,0,0,Mid,Top10,Slow,True,False,False,False,False,False,False,False,False,False,False,False,False,False,False,False,False,False,True,False,False,False,False,False,False,False,False,True,False,False,102.41825772321484
0 days 02:04:00.687000,2,91.353,0.9332136345352964,3.0,,,28.877,-0.7551125134663181,25.554,0 days 02:02:58.285000,0 days 02:03:35.207000,0 days 02:04:00.761000,295.0,257.0,251.0,314.0,True,2.0,True,Williams,0 days 02:02:29.334000,2024-07-07 15:07:26.363,1,12.0,False,,False,True,SAR,12.0,11.0,Finished,0.9065601431441918,0.7727250030876125,0.4680101545128383,0.24523112352450013,0.6911570913745935,7349.334,7325.931,-0.7486750278822236,74.0,0.1715226928321783,91.353,0,0,Late,Midfield,VeryFast,False,False,False,False,False,False,False,False,False,False,False,False,False,True,False,False,False,False,False,False,False,False,False,False,False,False,True,False,False,True,91.26591894219987
0 days 01:35:55.751000,23,93.96,-0.1640434733688614,1.0,,,29.631,-0.26412288117459964,26.188,0 days 01:34:51.422000,0 days 01:35:29.563000,0 days 01:35:55.751000,317.0,257.0,240.0,330.0,False,24.0,True,Williams,0 days 01:34:21.791000,2024-07-07 14:39:18.820,1,11.0,False,,False,True,ALB,9.0,9.0,Finished,2.8423571460507056,0.31617428553920424,-0.7460519022856706,0.7893241099807004,0.504725507324772,5661.791,5645.691,-0.7486750278822236,68.0,-0.8198333229783312,93.96,0,0,Mid,Top10,Medium,False,False,False,False,False,False,False,False,False,False,False,False,False,False,False,False,False,False,False,False,False,False,False,False,False,False,True,False,True,False,95.65690407933833
0 days 01:47:06.100000,77,103.472,0.24742794209519775,2.0,,,32.322,1.2507352050018996,29.248,0 days 01:45:55.005000,0 days 01:46:36.907000,0 days 01:47:06.155000,281.0,240.0,222.0,285.0,False,4.0,True,Kick Sauber,0 days 01:45:22.628000,2024-07-07 14:50:19.657,1,15.0,False,,False,True,BOT,16.0,15.0,Lapped,-1.7820468053370775,-1.0742615469550623,-0.8272927702439495,2.2315294578584703,-1.2778001920590885,6322.628,6305.789,-1.0214799010557456,72.0,-1.2956842105673754,103.47200000000001,0,0,Mid,Backmarker,Slow,False,True,False,False,False,False,False,False,False,False,False,False,False,False,False,False,False,False,False,False,False,True,False,False,False,False,False,True,False,False,103.59030456794405
0 days 01:47:29.644000,44,101.538,0.31600651133920765,2.0,,,31.9,0.818148769332249,28.81,0 days 01:46:20.034000,0 days 01:47:00.862000,0 days 01:47:29.672000,294.0,241.0,224.0,299.0,False,4.0,True,Mercedes,0 days 01:45:48.106000,2024-07-07 14:50:45.135,1,2.0,False,,False,True,HAM,2.0,1.0,Finished,-0.4915154700660682,-0.6950507783119029,-0.41032769926632706,-0.09916000925186316,-0.2754836863572508,6348.106,6305.789,-1.0214799010557456,72.0,-1.2956842105673754,101.53800000000001,1,1,Mid,Top5,Medium,False,False,True,False,False,False,False,False,False,False,False,False,False,False,False,False,False,False,False,False,False,False,False,True,False,False,False,True,False,False,101.1078174971285
0 days 02:01:10.138000,24,101.608,0.7274779268032668,4.0,,0 days 02:01:04.272000,32.279,1.4597783708422614,26.908,0 days 02:00:00.866000,0 days 02:00:43.287000,0 days 02:01:10.195000,280.0,238.0,,287.0,False,11.0,True,Kick Sauber,0 days 01:59:28.530000,2024-07-07 15:04:25.559,1,18.0,False,,False,False,ZHO,14.0,18.0,Lapped,-1.2443254156408237,-1.1648035632656573,-1.0999140782906245,-0.09900077815288198,-1.020680153172636,7168.53,7145.921,-1.430687210816031,76.0,0.09221421156733783,101.608,0,0,Late,Midfield,Slow,False,False,False,False,False,False,False,False,False,False,False,False,False,False,False,False,False,True,False,False,False,True,False,False,False,False,False,True,False,False,104.23775060769965
0 days 01:15:16.831000,55,92.123,-1.0555648735409895,1.0,,,29.493,-0.5758751169365276,25.263,0 days 01:14:14.241000,0 days 01:14:51.608000,0 days 01:15:16.871000,295.0,258.0,245.0,298.0,False,11.0,True,Ferrari,0 days 01:13:44.708000,2024-07-07 14:18:41.737,1,6.0,False,,False,True,SAI,7.0,5.0,Finished,-0.4915154700660682,0.7693974574358445,1.379670177922707,-0.3297626814714497,-0.2100889815842873,4424.708,4385.545,1.5701663940927224,62.0,0.647373580421224,92.123,0,0,Early,Top10,VeryFast,False,False,False,False,False,False,False,False,False,False,False,False,True,False,False,False,False,False,False,True,False,False,False,False,False,False,False,False,True,False,90.32617684703156
0 days 02:10:08.532000,31,91.084,1.138949342267326,5.0,,,29.302,-0.8674883193804999,25.139,0 days 02:09:06.815000,0 days 02:09:43.458000,0 days 02:10:08.597000,278.0,258.0,251.0,284.0,True,5.0,True,Alpine,0 days 02:08:37.448000,2024-07-07 15:13:34.477,1,17.0,False,,False,True,OCO,18.0,16.0,Lapped,-0.4915154700660682,0.6296573769362981,1.5101786124325844,0.17138292773847288,-0.09598567980200967,7717.448,7686.0,-0.3394677181219383,72.0,0.21117693346459926,91.08399999999999,0,0,Late,Backmarker,Fast,False,False,False,False,False,False,False,True,False,False,False,False,False,False,False,False,False,False,False,False,False,False,False,False,False,False,False,False,True,False,90.93725170919606
0 days 01:41:02.888000,23,107.754,0.041692234363168185,1.0,,0 days 01:40:56.978000,32.341,3.377014342711479,28.232,0 days 01:39:47.475000,0 days 01:40:34.656000,0 days 01:41:02.888000,290.0,239.0,,300.0,False,27.0,True,Williams,0 days 01:39:15.134000,2024-07-07 14:44:12.163,1,9.0,False,,False,False,ALB,9.0,9.0,Finished,-0.38397119212681746,-1.897953335931277,-3.265816146693674,2.171446130169264,-1.2201872424073255,5955.134,5945.756,-0.7486750278822236,68.0,-1.0181045261404331,107.75399999999999,0,0,Mid,Top10,Slow,False,False,False,False,False,False,False,False,False,False,False,False,False,False,False,False,False,False,False,False,False,False,False,False,False,False,True,False,True,False,107.95973460161665
0 days 01:38:38.303000,4,101.515,-0.02688633488084168,1.0,,,30.452,1.4746812554975468,28.605,0 days 01:37:27.301000,0 days 01:38:09.759000,0 days 01:38:38.364000,290.0,255.0,213.0,301.0,False,26.0,True,McLaren,0 days 01:36:56.788000,2024-07-07 14:41:53.817,1,1.0,False,,False,True,NOR,3.0,3.0,Finished,-0.38397119212681746,-0.8425061784568091,-1.2844108686941484,0.9007988918081679,0.22431151103774885,5816.788,5765.7,-0.7486750278822236,69.0,-0.7801790823459103,101.515,0,1,Mid,Top5,Medium,False,False,False,False,False,False,True,False,False,False,False,False,False,False,False,False,False,False,False,False,False,False,True,False,False,False,False,False,True,False,99.85209142598019
0 days 01:13:54.525000,23,93.073,-1.1241434427849994,1.0,,,29.765,-0.4502075490324929,25.629,0 days 01:12:51.217000,0 days 01:13:28.896000,0 days 01:13:54.525000,299.0,255.0,245.0,303.0,False,10.0,True,Williams,0 days 01:12:21.452000,2024-07-07 14:17:18.481,1,12.0,False,,False,True,ALB,9.0,9.0,Finished,-0.06133835830906515,0.41456312711499044,-0.17736096872549678,-0.3600086274260487,0.31965057811926556,4341.452,4325.535,1.5701663940927224,61.0,0.6870278210536436,93.07300000000001,0,0,Early,Top10,Fast,False,False,False,False,False,False,False,False,False,False,False,False,False,False,False,False,False,False,False,False,False,False,False,False,False,False,True,False,True,False,92.49273384655307
0 days 01:21:14.942000,44,91.563,-0.7812505965649501,1.0,,,29.52,-0.7140288854976904,25.019,0 days 01:20:12.927000,0 days 01:20:49.951000,0 days 01:21:14.970000,296.0,259.0,247.0,297.0,False,15.0,True,Mercedes,0 days 01:19:43.379000,2024-07-07 14:24:40.408,1,2.0,False,,False,True,HAM,2.0,1.0,Finished,-0.4915154700660682,0.7732624519933962,1.179189317819961,-0.3664848165020027,1.9128902531684324,4783.379,4745.599,1.160959084332437,60.0,0.2508311740970202,91.56299999999999,1,1,Early,Top5,VeryFast,False,False,True,False,False,False,False,False,False,False,False,False,False,False,False,False,False,False,False,False,False,False,False,True,False,False,False,False,True,False,90.18592413248005
0 days 01:51:45.129000,22,104.979,0.45316364982722734,2.0,,,32.818,1.3727777469086997,29.956,0 days 01:50:33.028000,0 days 01:51:15.233000,0 days 01:51:45.189000,293.0,240.0,211.0,297.0,False,6.0,True,RB,0 days 01:50:00.150000,2024-07-07 14:54:57.179,1,10.0,False,,False,True,TSU,13.0,10.0,Finished,-0.599059748005319,-1.1577514537718745,-0.9201599451112161,0.5419821701656693,-0.6382144969767839,6600.15,6545.813,-1.5670896474027918,73.0,-1.2956842105673754,104.979,0,0,Mid,Midfield,Slow,False,False,False,False,False,False,False,False,False,False,False,False,False,False,False,True,False,False,False,False,False,False,False,False,True,False,False,True,False,False,102.03025686185669
0 days 02:14:41.287000,31,90.875,1.3446850499993555,5.0,,,29.417,-0.969391827969347,25.068,0 days 02:13:39.894000,0 days 02:14:16.284000,0 days 02:14:41.352000,277.0,258.0,251.0,284.0,True,8.0,True,Alpine,0 days 02:13:10.412000,2024-07-07 15:18:07.441,1,17.0,False,,False,True,OCO,18.0,16.0,Lapped,-0.38397119212681746,0.8992271396558638,1.5773356659610083,0.2422162804012352,-0.2098772870873312,7990.412,7986.026,-0.06666284494841637,71.0,0.3697938959942802,90.875,0,0,Late,Backmarker,VeryFast,False,False,False,False,False,False,False,True,False,False,False,False,False,False,False,False,False,False,False,False,False,False,False,False,False,False,False,False,True,False,90.91186856338138
0 days 01:31:36.647000,77,95.235,-0.369779181100891,1.0,,,30.651,-0.11187178929086752,26.065,0 days 01:30:32.118000,0 days 01:31:10.637000,0 days 01:31:36.702000,283.0,253.0,240.0,291.0,False,21.0,True,Kick Sauber,0 days 01:30:01.412000,2024-07-07 14:34:58.441,1,15.0,False,,False,True,BOT,16.0,15.0,Lapped,-0.7066040259445697,0.0744828753894736,0.303915666277224,0.7591297932061535,0.3458057449547063,5401.412,5345.647,0.34254446481186895,67.0,-0.6612163604486488,95.235,0,0,Mid,Backmarker,Medium,False,True,False,False,False,False,False,False,False,False,False,False,False,False,False,False,False,False,False,False,False,True,False,False,False,False,False,False,True,False,95.62741223265516
0 days 01:06:15.165000,11,92.111,-1.4670362890050488,1.0,,,29.469,-0.5331803663024645,25.169,0 days 01:05:12.597000,0 days 01:05:50.070000,0 days 01:06:15.239000,298.0,258.0,246.0,306.0,True,5.0,True,Red Bull Racing,0 days 01:04:43.054000,2024-07-07 14:09:40.083,1,18.0,False,,False,True,PER,20.0,17.0,Lapped,0.2612944755086871,0.7949158714030166,0.6640180726604146,-0.35078179591388503,0.7437988326363988,3883.054,3845.509,0.7517517745721518,60.0,0.01290573030249735,92.111,0,0,Early,Backmarker,VeryFast,False,False,False,False,False,False,False,False,True,False,False,False,False,False,False,False,False,False,False,False,False,False,False,False,False,True,False,False,False,False,91.70381383792893
0 days 01:09:25.047000,77,93.648,-1.329879150517029,1.0,,,29.919,-0.36199858309985394,25.831,0 days 01:08:21.373000,0 days 01:08:59.271000,0 days 01:09:25.102000,290.0,255.0,246.0,293.0,False,7.0,True,Kick Sauber,0 days 01:07:51.399000,2024-07-07 14:12:48.428,1,19.0,False,,False,True,BOT,16.0,15.0,Lapped,-1.1367811377015729,0.4105974390995231,0.7651087554078376,-0.11356303746517017,0.2591749231473914,4071.399,4025.531,0.8881542111589152,61.0,0.5680650991563821,93.64800000000001,0,0,Early,Backmarker,Fast,False,True,False,False,False,False,False,False,False,False,False,False,False,False,False,False,False,False,False,False,False,True,False,False,False,False,False,False,True,False,92.84236162354021
0 days 01:46:12.284000,16,101.602,0.1788493728511879,3.0,,,32.252,1.0275947158389689,28.002,0 days 01:45:02.987000,0 days 01:45:44.335000,0 days 01:46:12.337000,288.0,244.0,229.0,295.0,False,2.0,True,Ferrari,0 days 01:44:30.682000,2024-07-07 14:49:27.711,1,16.0,False,,False,True,LEC,11.0,14.0,Lapped,-0.8141483038838205,-0.7467680036710995,-0.5878074750799104,-0.15562131178036234,-0.4042019810011083,6270.682,6245.797,-1.0214799010557456,70.0,-1.2956842105673754,101.60199999999999,0,0,Mid,Midfield,Medium,False,False,False,False,True,False,False,False,False,False,False,False,False,False,False,False,False,False,False,True,False,False,False,False,False,False,False,True,False,False,101.89012413279421
0 days 01:45:22.628000,77,103.302,0.1788493728511879,2.0,,,32.442,1.3377358289354613,28.742,0 days 01:44:11.823000,0 days 01:44:53.941000,0 days 01:45:22.683000,282.0,238.0,222.0,289.0,False,3.0,True,Kick Sauber,0 days 01:43:39.326000,2024-07-07 14:48:36.355,1,15.0,False,,False,True,BOT,16.0,15.0,Lapped,-1.029236859762322,-1.0456541262865808,-0.9054319017895786,1.815956738859453,-1.4241682235463038,6219.326,6185.794,-1.0214799010557456,71.0,-1.216375729302535,103.302,0,0,Mid,Backmarker,Slow,False,True,False,False,False,False,False,False,False,False,False,False,False,False,False,False,False,False,False,False,False,True,False,False,False,False,False,True,False,False,103.97291749668594
0 days 01:32:49.564000,2,92.826,-0.30120061185688113,1.0,,,29.844,-0.4707493630168067,25.354,0 days 01:31:46.656000,0 days 01:32:24.284000,0 days 01:32:49.638000,295.0,254.0,248.0,303.0,False,22.0,True,Williams,0 days 01:31:16.738000,2024-07-07 14:36:13.767,1,12.0,False,,False,True,SAR,12.0,11.0,Finished,0.1537501975694364,0.49033390174865554,0.24749698950922336,-0.09834756278643657,0.35338633055179347,5476.738,5465.676,-0.3394677181219383,68.0,-0.7405248417134893,92.82600000000001,0,0,Mid,Midfield,Fast,False,False,False,False,False,False,False,False,False,False,False,False,False,True,False,False,False,False,False,False,False,False,False,False,False,False,True,False,True,False,93.12469497586802
0 days 01:09:13.565000,14,92.712,-1.329879150517029,1.0,,,29.605,-0.4800133183430668,25.502,0 days 01:08:10.550000,0 days 01:08:48.155000,0 days 01:09:13.657000,296.0,256.0,246.0,301.0,False,7.0,True,Aston Martin,0 days 01:07:40.853000,2024-07-07 14:12:37.882,1,10.0,False,,False,True,ALO,10.0,8.0,Finished,-0.2764269141875667,0.5383950275529021,0.5005159202206207,-0.4052155072160657,0.3463957844446116,4060.853,4025.531,0.8881542111589152,61.0,0.5680650991563821,92.71199999999999,0,0,Early,Top10,Fast,True,False,False,False,False,False,False,False,False,False,False,False,False,False,False,False,False,False,True,False,False,False,False,False,False,False,False,False,True,False,91.29443284532047
0 days 01:10:32.117000,63,91.731,-1.2613005812730191,1.0,,,29.582,-0.7373901641465169,25.183,0 days 01:09:30.023000,0 days 01:10:06.989000,0 days 01:10:32.172000,293.0,256.0,246.0,299.0,False,8.0,True,Mercedes,0 days 01:09:00.386000,2024-07-07 14:13:57.415,1,1.0,False,,False,True,RUS,1.0,,Retired,-0.38397119212681746,0.6206715738812876,0.9798739737636695,-1.3728863442686878,1.4312330278322194,4140.386,4085.539,1.0245566477456738,60.0,0.7266820616860644,91.731,0,0,Early,Top5,Fast,False,False,False,False,False,False,False,False,False,False,False,True,False,False,False,False,False,False,False,False,False,False,False,True,False,False,False,False,True,False,90.89665654713156
0 days 02:08:13.553000,14,90.098,1.138949342267326,3.0,,,29.019,-1.0092671139388973,24.788,0 days 02:07:12.566000,0 days 02:07:48.857000,0 days 02:08:13.645000,291.0,260.0,251.0,297.0,True,5.0,True,Aston Martin,0 days 02:06:43.455000,2024-07-07 15:11:40.484,1,8.0,False,,False,True,ALO,10.0,8.0,Finished,-0.16888263624831593,0.8985581596185187,0.5616660602796575,-0.1449112661448607,0.28046773208186354,7603.455,7565.968,-0.6122725912954626,75.0,0.40944813662670115,90.098,0,0,Late,Top10,VeryFast,True,False,False,False,False,False,False,False,False,False,False,False,False,False,False,False,False,False,True,False,False,False,False,False,False,False,False,False,True,False,91.33289134960731
0 days 01:07:46.553000,20,93.544,-1.3984577197610388,1.0,,,29.7,-0.22424759520504925,25.604,0 days 01:06:42.743000,0 days 01:07:20.983000,0 days 01:07:46.587000,316.0,259.0,246.0,328.0,False,6.0,True,Haas F1 Team,0 days 01:06:13.009000,2024-07-07 14:11:10.038,1,17.0,False,,False,True,MAG,17.0,12.0,Finished,2.627268590172204,0.4238245610686755,-0.0728748444224197,-0.23388657155512546,0.5637497532607564,3973.009,3965.525,0.7517517745721518,61.0,0.13186845219975876,93.544,0,0,Early,Backmarker,Fast,False,False,False,False,False,True,False,False,False,False,False,False,False,False,False,False,False,False,False,False,True,False,False,False,False,False,False,False,True,False,93.99237616966676
0 days 01:45:54.492000,1,102.098,0.24742794209519775,2.0,,,32.368,0.9160244712575034,28.659,0 days 01:44:44.817000,0 days 01:45:25.888000,0 days 01:45:54.547000,288.0,240.0,219.0,290.0,False,4.0,True,Red Bull Racing,0 days 01:44:12.394000,2024-07-07 14:49:09.423,1,3.0,False,,False,True,VER,4.0,2.0,Finished,-0.8141483038838205,-0.8558959303732652,-0.9062568250588651,-0.015032911957026223,-0.7961469076840597,6252.394,6245.797,-1.0214799010557456,70.0,-1.2956842105673754,102.09799999999998,0,1,Mid,Top5,Slow,False,False,False,False,False,False,False,False,False,False,False,False,False,False,False,False,True,False,False,False,False,False,False,False,False,True,False,True,False,False,101.80039493414971
0 days 01:07:45.305000,24,93.788,-1.3984577197610388,1.0,,,29.781,-0.33219281378928284,26.035,0 days 01:06:41.355000,0 days 01:07:19.327000,0 days 01:07:45.362000,306.0,253.0,245.0,299.0,False,6.0,True,Kick Sauber,0 days 01:06:11.517000,2024-07-07 14:11:08.546,1,14.0,False,,False,True,ZHO,14.0,18.0,Lapped,0.1537501975694364,0.36719596914415253,0.5285227988463055,-0.2790236790442751,-0.390434430029458,3971.517,3965.525,0.7517517745721518,61.0,0.13186845219975876,93.788,0,0,Early,Midfield,Medium,False,False,False,False,False,False,False,False,False,False,False,False,False,False,False,False,False,True,False,False,False,True,False,False,False,False,False,False,False,True,94.01711839507927
0 days 01:28:08.704000,20,103.505,-0.5069363195889107,1.0,,,34.669,0.8362738993184055,27.963,0 days 01:26:59.902000,0 days 01:27:40.775000,0 days 01:28:08.738000,287.0,229.0,240.0,299.0,False,19.0,True,Haas F1 Team,0 days 01:26:25.199000,2024-07-07 14:31:22.228,1,14.0,False,,False,True,MAG,17.0,12.0,Finished,-0.4915154700660682,-0.9802944639028406,-1.870814306092903,2.294973342172972,-1.3357314286751256,5185.199,5165.639,1.0245566477456738,63.0,-0.30432819475686596,103.505,0,0,Mid,Backmarker,Slow,False,False,False,False,False,True,False,False,False,False,False,False,False,False,False,False,False,False,False,False,True,False,False,False,False,False,False,False,True,False,104.07311936370021
0 days 02:21:00.808000,11,89.707,1.618999326975395,5.0,,,29.204,-1.1353374625092874,24.525,0 days 02:20:00.379000,0 days 02:20:36.357000,0 days 02:21:00.882000,297.0,263.0,251.0,302.0,True,3.0,True,Red Bull Racing,0 days 02:19:31.101000,2024-07-07 15:24:28.130,1,17.0,False,,False,True,PER,20.0,17.0,Lapped,0.2612944755086871,1.1073795792226344,1.2226684884467494,-1.1434356350590178,0.9273518932785995,8371.101,8346.105,0.34254446481186895,68.0,0.5284108585239625,89.707,0,0,Late,Backmarker,VeryFast,False,False,False,False,False,False,False,False,True,False,False,False,False,False,False,False,False,False,False,False,False,False,False,False,False,True,False,False,False,True,87.100468383103
0 days 02:15:39.294000,18,90.237,1.4818421884873751,3.0,,,29.16,-0.9222664900053358,24.57,0 days 02:14:38.276000,0 days 02:15:14.783000,0 days 02:15:39.353000,295.0,261.0,251.0,301.0,False,9.0,True,Aston Martin,0 days 02:14:09.057000,2024-07-07 15:19:06.086,1,7.0,False,,False,True,STR,8.0,7.0,Finished,-0.16888263624831593,1.018772303936274,0.9435675843675349,-1.1909518580234366,0.6739743839214711,8049.057,8046.052,0.06973959163834459,71.0,0.4887566178915416,90.237,0,0,Late,Top10,VeryFast,False,False,False,False,False,False,False,False,False,False,False,False,False,False,True,False,False,False,True,False,False,False,False,False,False,False,False,False,True,False,89.72695105048915
0 days 02:16:18.124000,4,90.515,1.550420757731385,3.0,,,29.176,-0.8690994420459353,24.7,0 days 02:15:16.846000,0 days 02:15:53.485000,0 days 02:16:18.185000,313.0,259.0,251.0,302.0,False,12.0,False,McLaren,0 days 02:14:47.609000,2024-07-07 15:19:44.638,1,3.0,False,,False,True,NOR,3.0,3.0,Finished,0.799015865204941,0.9202909791319461,0.6050180127849951,-1.1654792436507588,0.3580419628520657,8087.609,8046.052,0.06973959163834459,71.0,0.4887566178915416,90.515,0,1,Late,Top5,VeryFast,False,False,False,False,False,False,True,False,False,False,False,False,False,False,False,False,False,False,False,False,False,False,True,False,False,False,False,False,False,True,91.47800534376157
0 days 01:51:58.776000,3,104.855,0.45316364982722734,2.0,,,32.877,1.4432643635215403,29.598,0 days 01:50:46.880000,0 days 01:51:29.260000,0 days 01:51:58.858000,293.0,236.0,215.0,296.0,False,7.0,True,RB,0 days 01:50:13.921000,2024-07-07 14:55:10.950,1,14.0,False,,False,True,RIC,15.0,13.0,Lapped,-0.7066040259445697,-1.148798509259424,-1.2119991397576233,0.8461356533350501,-0.8921278987715626,6613.921,6605.843,-1.5670896474027918,74.0,-1.2956842105673754,104.855,0,0,Mid,Midfield,Slow,False,False,False,False,False,False,False,False,False,False,True,False,False,False,False,False,False,False,False,False,False,False,False,False,True,False,False,True,False,False,103.73849756229686
0 days 01:48:16.801000,31,103.336,0.24742794209519775,4.0,,,32.292,1.1951514730443475,29.28,0 days 01:47:05.822000,0 days 01:47:47.586000,0 days 01:48:16.866000,278.0,240.0,213.0,285.0,False,4.0,True,Alpine,0 days 01:46:33.465000,2024-07-07 14:51:30.494,1,18.0,False,,False,True,OCO,18.0,16.0,Lapped,-0.9216925818230712,-1.1379896917628165,-0.6182176456426682,2.0111168507518014,-1.885699531328182,6393.465,6365.801,-1.1578823376425065,73.0,-1.2956842105673754,103.33600000000001,0,0,Mid,Backmarker,Slow,False,False,False,False,False,False,False,True,False,False,False,False,False,False,False,False,False,False,False,False,False,False,False,False,False,False,False,True,False,False,104.02538550051983
0 days 01:49:48.930000,18,104.545,0.3845850805832175,2.0,,,32.837,1.4094307875473764,29.412,0 days 01:48:37.281000,0 days 01:49:19.577000,0 days 01:49:48.989000,290.0,236.0,214.0,293.0,False,6.0,True,Aston Martin,0 days 01:48:04.385000,2024-07-07 14:53:01.414,1,8.0,False,,False,True,STR,8.0,7.0,Finished,-1.029236859762322,-1.1870923721809494,-1.36154527065366,1.1187902213020653,-1.3319614836482037,6484.385,6425.794,-1.29428477422927,73.0,-1.2956842105673754,104.54500000000002,0,0,Mid,Top10,Slow,False,False,False,False,False,False,False,False,False,False,False,False,False,False,True,False,False,False,True,False,False,False,False,False,False,False,False,True,False,False,103.66679563582935
0 days 01:07:51.399000,77,93.46,-1.3984577197610388,1.0,,,29.755,-0.3382345237846693,25.748,0 days 01:06:47.749000,0 days 01:07:25.706000,0 days 01:07:51.454000,290.0,255.0,245.0,297.0,True,6.0,True,Kick Sauber,0 days 01:06:17.939000,2024-07-07 14:11:14.968,1,19.0,False,,False,True,BOT,16.0,15.0,Lapped,-0.4915154700660682,0.4411639672378393,0.6544412134065187,0.12721028835806641,0.14616285392140138,3977.939,3965.525,0.7517517745721518,61.0,0.13186845219975876,93.46000000000001,0,0,Early,Backmarker,Fast,False,True,False,False,False,False,False,False,False,False,False,False,False,False,False,False,False,False,False,False,False,True,False,False,False,False,False,False,True,False,93.3534859551483
0 days 01:01:30.490000,23,93.158,-1.6727719967370784,1.0,,,29.62,-0.28426191449255245,25.447,0 days 01:00:26.952000,0 days 01:01:05.043000,0 days 01:01:30.490000,317.0,260.0,245.0,331.0,True,2.0,True,Williams,0 days 00:59:57.332000,2024-07-07 14:04:54.361,1,12.0,False,,False,True,ALB,9.0,9.0,Finished,2.8423571460507056,0.4086790075600708,-0.49759126697150124,0.30308064274856067,0.7684767133980492,3597.332,3545.476,0.7517517745721518,63.0,3.5817873872203316,93.158,0,0,Early,Top10,Medium,False,False,False,False,False,False,False,False,False,False,False,False,False,False,False,False,False,False,False,False,False,False,False,False,False,False,True,False,True,False,92.99442841658049
0 days 01:46:41.821000,2,102.476,0.24742794209519775,2.0,,,32.298,0.9998028498601941,28.899,0 days 01:45:31.717000,0 days 01:46:12.996000,0 days 01:46:41.895000,290.0,239.0,214.0,296.0,False,3.0,True,Williams,0 days 01:44:59.345000,2024-07-07 14:49:56.374,1,13.0,False,,False,True,SAR,12.0,11.0,Finished,-0.4915154700660682,-0.8491386828419059,-1.0907184001678314,1.1176158949740862,-0.47661061159211165,6299.345,6245.797,-1.0214799010557456,70.0,-1.2956842105673754,102.476,0,0,Mid,Midfield,Medium,False,False,False,False,False,False,False,False,False,False,False,False,False,True,False,False,False,False,False,False,False,False,False,False,False,False,True,True,False,False,101.00976994870305
0 days 01:04:30.949000,55,92.045,-1.5356148582490585,1.0,,,29.36,-0.4687354596850103,25.052,0 days 01:03:28.304000,0 days 01:04:05.937000,0 days 01:04:30.989000,312.0,259.0,246.0,319.0,True,4.0,True,Ferrari,0 days 01:02:58.904000,2024-07-07 14:07:55.933,1,6.0,False,,False,True,SAI,7.0,5.0,Finished,1.659370088718947,0.5973107357449582,0.3036433415647411,0.08051672888653359,0.23787121116988705,3778.904,3725.493,0.8881542111589152,61.0,0.13186845219975876,92.04499999999999,0,0,Early,Top10,Fast,False,False,False,False,False,False,False,False,False,False,False,False,True,False,False,False,False,False,False,True,False,False,False,False,False,False,False,False,True,False,93.96030688032383
0 days 01:04:29.959000,81,91.919,-1.5356148582490585,1.0,,,29.458,-0.5835279495973494,25.113,0 days 01:03:27.580000,0 days 01:04:04.928000,0 days 01:04:30.041000,312.0,259.0,247.0,322.0,True,4.0,True,McLaren,0 days 01:02:58.040000,2024-07-07 14:07:55.069,1,5.0,False,,False,True,PIA,5.0,4.0,Finished,1.766914366658198,0.6088547264765455,0.2093337868665716,-1.2656104414437896,0.9312275634377014,3778.04,3725.493,0.8881542111589152,61.0,0.13186845219975876,91.919,0,0,Early,Top5,Fast,False,False,False,False,False,False,False,False,False,True,False,False,False,False,False,False,False,False,False,False,False,False,True,False,False,False,False,False,True,False,92.09502275837116
0 days 01:28:00.884000,16,105.868,-0.5069363195889107,1.0,,0 days 01:27:54.908000,34.904,1.7268219526383326,27.88,0 days 01:26:49.973000,0 days 01:27:33.057000,0 days 01:28:00.937000,279.0,208.0,,290.0,False,19.0,True,Ferrari,0 days 01:26:15.016000,2024-07-07 14:31:12.045,1,7.0,False,,False,False,LEC,11.0,14.0,Lapped,-1.029236859762322,-1.6857149259236592,-1.3318814761511206,0.13776610399499323,-0.6967276118608098,5175.016,5165.639,1.0245566477456738,63.0,-0.30432819475686596,105.868,0,0,Mid,Midfield,Slow,False,False,False,False,True,False,False,False,False,False,False,False,False,False,False,False,False,False,False,True,False,False,False,False,False,False,False,False,True,False,103.50626702692415
0 days 01:13:59.644000,11,92.709,-1.1241434427849994,1.0,,,29.426,-0.4453741810361837,25.592,0 days 01:12:56.435000,0 days 01:13:34.126000,0 days 01:13:59.718000,314.0,259.0,245.0,328.0,False,10.0,True,Red Bull Racing,0 days 01:12:26.935000,2024-07-07 14:17:23.964,1,16.0,False,,False,True,PER,20.0,17.0,Lapped,2.627268590172204,0.3326396875285397,-0.0124861433849113,0.45616597762940736,0.3032426889451931,4346.935,4325.535,1.5701663940927224,61.0,0.6870278210536436,92.709,0,0,Early,Backmarker,Medium,False,False,False,False,False,False,False,False,True,False,False,False,False,False,False,False,False,False,False,False,False,False,False,False,False,True,False,False,False,False,95.24926999962655
0 days 02:12:13.566000,77,93.159,1.2761064807553457,3.0,,,30.514,-0.43006851571454,24.916,0 days 02:11:10.976000,0 days 02:11:48.705000,0 days 02:12:13.621000,167.0,259.0,251.0,295.0,False,8.0,True,Kick Sauber,0 days 02:10:40.407000,2024-07-07 15:15:37.436,1,14.0,False,,False,True,BOT,16.0,15.0,Lapped,-0.599059748005319,0.38540474085218485,0.5387145223788777,0.5473277200021552,0.2524541643975996,7840.407,7806.02,-0.20306528153517733,73.0,0.40944813662670115,93.15899999999999,0,0,Late,Backmarker,Medium,False,True,False,False,False,False,False,False,False,False,False,False,False,False,False,False,False,False,False,False,False,True,False,False,False,False,False,False,False,True,94.51688662624382
0 days 02:07:53.884000,24,91.151,1.0017922037793063,5.0,,,29.163,-0.826001910745514,25.242,0 days 02:06:51.953000,0 days 02:07:28.699000,0 days 02:07:53.941000,285.0,257.0,249.0,292.0,True,5.0,False,Kick Sauber,0 days 02:06:22.733000,2024-07-07 15:11:19.762,1,18.0,False,,False,True,ZHO,14.0,18.0,Lapped,-0.4915154700660682,0.7154815625332354,0.9102273860331963,-1.5493923545710415,-0.568497661335149,7582.733,7565.968,-0.6122725912954626,75.0,0.40944813662670115,91.15100000000001,0,0,Late,Midfield,VeryFast,False,False,False,False,False,False,False,False,False,False,False,False,False,False,False,False,False,True,False,False,False,True,False,False,False,False,False,False,False,True,92.88352935521425
0 days 02:21:38.525000,27,90.847,1.7561564654634148,3.0,,,29.432,-0.9766418799638107,25.043,0 days 02:20:37.150000,0 days 02:21:13.522000,0 days 02:21:38.565000,288.0,261.0,250.0,298.0,False,16.0,False,Haas F1 Team,0 days 02:20:07.678000,2024-07-07 15:25:04.707,1,6.0,False,,False,True,HUL,6.0,6.0,Finished,0.6914715872656902,0.887399782267858,0.865653776060133,0.1984005603431167,0.8616117088677361,8407.678,8406.092,0.206142028225108,69.0,0.4887566178915416,90.84700000000001,0,0,Late,Top10,VeryFast,False,False,False,True,False,False,False,False,False,False,False,False,False,False,False,False,False,False,False,False,True,False,False,False,False,False,False,False,False,True,91.04895644431393
0 days 01:09:07.490000,55,92.702,-1.329879150517029,1.0,,,29.762,-0.518680262313537,25.431,0 days 01:08:04.590000,0 days 01:08:42.099000,0 days 01:09:07.530000,293.0,258.0,246.0,297.0,False,7.0,True,Ferrari,0 days 01:07:34.788000,2024-07-07 14:12:31.817,1,6.0,False,,False,True,SAI,7.0,5.0,Finished,-0.7066040259445697,0.5406808485749088,0.8231759508063123,-0.16643307293307355,0.6817758870963213,4054.788,4025.531,0.8881542111589152,61.0,0.5680650991563821,92.702,0,0,Early,Top10,Fast,False,False,False,False,False,False,False,False,False,False,False,False,True,False,False,False,False,False,False,True,False,False,False,False,False,False,False,False,True,False,91.5463234190167
0 days 01:15:21.486000,16,92.348,-1.0555648735409895,1.0,,,29.594,-0.5726528716056539,25.379,0 days 01:14:18.785000,0 days 01:14:56.160000,0 days 01:15:21.539000,307.0,260.0,247.0,318.0,False,11.0,True,Ferrari,0 days 01:13:49.138000,2024-07-07 14:18:46.167,1,8.0,False,,False,True,LEC,11.0,14.0,Lapped,1.4442815328404455,0.4541635504843018,0.5946303733142038,-0.06015971010324533,0.025448761970841217,4429.138,4385.545,1.5701663940927224,62.0,0.647373580421224,92.348,0,0,Early,Midfield,Fast,False,False,False,False,True,False,False,False,False,False,False,False,False,False,False,False,False,False,False,True,False,False,False,False,False,False,False,False,True,False,94.31558154229363
0 days 01:35:24.015000,81,91.392,-0.1640434733688614,1.0,,,29.283,-0.8090851227584349,25.321,0 days 01:34:21.988000,0 days 01:34:58.776000,0 days 01:35:24.097000,292.0,258.0,249.0,300.0,False,24.0,True,McLaren,0 days 01:33:52.623000,2024-07-07 14:38:49.652,1,2.0,False,,False,True,PIA,5.0,4.0,Finished,-0.16888263624831593,0.6982987424998957,0.4098957141974996,-0.8075748010511027,1.4538072497926935,5632.623,5585.679,-0.6122725912954626,69.0,-0.7801790823459103,91.392,0,0,Mid,Top5,VeryFast,False,False,False,False,False,False,False,False,False,True,False,False,False,False,False,False,False,False,False,False,False,False,True,False,False,False,False,False,True,False,92.1014569325782
0 days 01:53:05.545000,16,103.217,0.45316364982722734,3.0,,,32.727,1.2072348930351176,28.696,0 days 01:51:55.108000,0 days 01:52:36.902000,0 days 01:53:05.598000,290.0,240.0,220.0,293.0,False,6.0,True,Ferrari,0 days 01:51:22.328000,2024-07-07 14:56:19.357,1,16.0,False,,False,True,LEC,11.0,14.0,Lapped,-0.9216925818230712,-1.014393799659703,-0.4377142225977049,0.009085517694974392,-0.13376291166971138,6682.328,6665.852,-1.430687210816031,75.0,-1.176721488670114,103.21699999999998,0,0,Mid,Midfield,Slow,False,False,False,False,True,False,False,False,False,False,False,False,False,False,False,False,False,False,False,True,False,False,False,False,False,False,False,True,False,False,101.35969894973516
0 days 02:17:48.668000,4,90.544,1.618999326975395,3.0,,,29.399,-0.9472388913195977,24.7,0 days 02:16:47.584000,0 days 02:17:24.029000,0 days 02:17:48.729000,299.0,262.0,251.0,300.0,False,13.0,False,McLaren,0 days 02:16:18.124000,2024-07-07 15:21:15.153,1,3.0,False,,False,True,NOR,3.0,3.0,Finished,0.36883875344793793,0.8825057494200977,0.4930650211719821,-1.3079825553246913,-0.16990647455118837,8178.124,8166.076,0.206142028225108,69.0,0.4887566178915416,90.544,0,1,Late,Top5,VeryFast,False,False,False,False,False,False,True,False,False,False,False,False,False,False,False,False,False,False,False,False,False,False,True,False,False,False,False,False,False,True,92.45258320492454
0 days 01:15:20.851000,18,92.273,-1.0555648735409895,1.0,,,29.487,-0.5629861356130356,25.387,0 days 01:14:18.124000,0 days 01:14:55.523000,0 days 01:15:20.910000,295.0,255.0,247.0,302.0,True,11.0,True,Aston Martin,0 days 01:13:48.578000,2024-07-07 14:18:45.607,1,7.0,False,,False,True,STR,8.0,7.0,Finished,-0.38397119212681746,0.5201894936281406,0.42990599228131493,-0.5255906992212479,0.17193587758858542,4428.578,4385.545,1.5701663940927224,62.0,0.647373580421224,92.273,0,0,Early,Top10,Fast,False,False,False,False,False,False,False,False,False,False,False,False,False,False,True,False,False,False,True,False,False,False,False,False,False,False,False,False,True,False,92.23504149750794
0 days 02:10:49.730000,16,89.933,1.2075279115113358,4.0,,,29.086,-1.0563924519029086,24.673,0 days 02:09:48.936000,0 days 02:10:25.110000,0 days 02:10:49.783000,286.0,262.0,251.0,294.0,False,7.0,True,Ferrari,0 days 02:09:19.797000,2024-07-07 15:14:16.826,1,15.0,False,,False,True,LEC,11.0,14.0,Lapped,-0.2764269141875667,1.0137723303465214,1.726652536457627,-1.015464214508827,0.11389511858659869,7759.797,7746.012,-0.3394677181219383,73.0,0.21117693346459926,89.93299999999999,0,0,Late,Midfield,VeryFast,False,False,False,False,True,False,False,False,False,False,False,False,False,False,False,False,False,False,False,True,False,False,False,False,False,False,False,False,False,True,89.93135737177431
0 days 02:04:32.599000,81,89.574,1.0017922037793063,3.0,,,28.853,-1.1309068751793392,24.732,0 days 02:03:31.960000,0 days 02:04:07.949000,0 days 02:04:32.681000,295.0,262.0,250.0,301.0,True,3.0,True,McLaren,0 days 02:03:03.025000,2024-07-07 15:08:00.054,1,4.0,False,,False,True,PIA,5.0,4.0,Finished,0.04620591963018562,1.1896609098122035,0.7519140136626685,-1.6525281719579161,1.4073908720986472,7383.025,7325.931,-0.7486750278822236,74.0,0.1715226928321783,89.574,0,0,Late,Top5,VeryFast,False,False,False,False,False,False,False,False,False,True,False,False,False,False,False,False,False,False,False,False,False,False,True,False,False,False,False,False,True,False,89.64650036981713
0 days 02:05:34.159000,3,91.289,1.0017922037793063,3.0,,,29.171,-0.7498763648036479,25.183,0 days 02:04:32.123000,0 days 02:05:09.058000,0 days 02:05:34.241000,291.0,258.0,248.0,301.0,True,4.0,True,RB,0 days 02:04:02.870000,2024-07-07 15:08:59.899,1,13.0,False,,False,True,RIC,15.0,13.0,Lapped,-0.2764269141875667,0.9054421240418363,0.7209517684110948,-0.8982920791172335,1.2077735766035804,7442.87,7385.959,-0.6122725912954626,73.0,0.09221421156733783,91.28899999999999,0,0,Late,Midfield,VeryFast,False,False,False,False,False,False,False,False,False,False,True,False,False,False,False,False,False,False,False,False,False,False,False,False,True,False,False,False,False,True,91.31500954027757
0 days 01:56:01.506000,44,101.924,0.6588993575592569,2.0,,,32.184,1.3051105949603747,27.703,0 days 01:54:51.794000,0 days 01:55:33.831000,0 days 01:56:01.534000,297.0,243.0,236.0,300.0,False,9.0,True,Mercedes,0 days 01:54:19.582000,2024-07-07 14:59:16.611,1,2.0,False,,False,True,HAM,2.0,1.0,Finished,-0.2764269141875667,-0.8176971803060626,-0.7236836582185432,-0.2860556917955801,-0.2472375705406091,6859.582,6845.886,-1.5670896474027918,75.0,-1.0974130074052735,101.924,1,1,Late,Top5,Medium,False,False,True,False,False,False,False,False,False,False,False,False,False,False,False,False,False,False,False,False,False,False,False,True,False,False,False,True,False,False,102.74535422227464
0 days 01:32:29.167000,55,92.157,-0.30120061185688113,1.0,,,29.792,-0.6379033395558243,25.152,0 days 01:31:26.842000,0 days 01:32:04.055000,0 days 01:32:29.207000,289.0,254.0,249.0,300.0,False,22.0,True,Ferrari,0 days 01:30:57.010000,2024-07-07 14:35:54.039,1,6.0,False,,False,True,SAI,7.0,5.0,Finished,-0.38397119212681746,0.5793024673316776,1.0719694534371282,0.11286034089041806,0.30783297266536275,5457.01,5405.664,-0.06666284494841637,69.0,-0.7405248417134893,92.157,0,0,Mid,Top10,Fast,False,False,False,False,False,False,False,False,False,False,False,False,True,False,False,False,False,False,False,True,False,False,False,False,False,False,False,False,True,False,91.91657475571233
0 days 01:21:36.900000,22,92.589,-0.7812505965649501,1.0,,,29.66,-0.54808325095775,25.493,0 days 01:20:34.031000,0 days 01:21:11.467000,0 days 01:21:36.960000,300.0,257.0,246.0,304.0,False,15.0,True,RB,0 days 01:20:04.311000,2024-07-07 14:25:01.340,1,11.0,False,,False,True,TSU,13.0,10.0,Finished,-0.06133835830906515,0.6179443255894658,0.5962576223312461,-0.564382002662115,0.5573250517725638,4804.311,4745.599,1.160959084332437,60.0,0.2508311740970202,92.589,0,0,Early,Midfield,Fast,False,False,False,False,False,False,False,False,False,False,False,False,False,False,False,True,False,False,False,False,False,False,False,False,True,False,False,False,True,False,92.2153308024853
0 days 01:28:06.990000,2,104.09,-0.5069363195889107,1.0,,,34.979,0.8326488733211735,28.247,0 days 01:26:57.953000,0 days 01:27:38.817000,0 days 01:28:07.064000,289.0,233.0,231.0,304.0,False,19.0,True,Williams,0 days 01:26:22.900000,2024-07-07 14:31:19.929,1,13.0,False,,False,True,SAR,12.0,11.0,Finished,-0.06133835830906515,-1.1592795643337934,-2.014579830295712,1.800262426972055,-0.7956754849763815,5182.9,5165.639,1.0245566477456738,63.0,-0.30432819475686596,104.08999999999999,0,0,Mid,Midfield,Slow,False,False,False,False,False,False,False,False,False,False,False,False,False,True,False,False,False,False,False,False,False,False,False,False,False,False,True,False,True,False,103.34300707590833
0 days 01:50:00.150000,22,104.456,0.3845850805832175,2.0,,,32.762,1.3727777469086997,29.489,0 days 01:48:48.516000,0 days 01:49:30.721000,0 days 01:50:00.210000,293.0,240.0,215.0,297.0,False,5.0,True,RB,0 days 01:48:15.694000,2024-07-07 14:53:12.723,1,10.0,False,,False,True,TSU,13.0,10.0,Finished,-0.4915154700660682,-1.1460847660212752,-0.8424178813611353,0.8155233151555592,-0.7635548611541324,6495.694,6485.796,-1.430687210816031,73.0,-1.2956842105673754,104.456,0,0,Mid,Midfield,Slow,False,False,False,False,False,False,False,False,False,False,False,False,False,False,False,True,False,False,False,False,False,False,False,False,True,False,False,True,False,False,101.76819690088008
0 days 01:01:32.642000,31,93.846,-1.6727719967370784,1.0,,,29.749,-0.034537901349924176,25.386,0 days 01:00:28.610000,0 days 01:01:07.321000,0 days 01:01:32.707000,325.0,259.0,245.0,323.0,True,2.0,True,Alpine,0 days 00:59:58.796000,2024-07-07 14:04:55.825,1,16.0,False,,False,True,OCO,18.0,16.0,Lapped,2.1970914784152007,0.2950457519002774,0.5973524072284072,2.7329430847896607,-0.1654464587797285,3598.796,3545.476,0.7517517745721518,63.0,3.5817873872203316,93.84599999999999,0,0,Early,Backmarker,Medium,False,False,False,False,False,False,False,True,False,False,False,False,False,False,False,False,False,False,False,False,False,False,False,False,False,False,False,False,False,True,94.78560687008753
0 days 01:01:25.279000,4,92.188,-1.6727719967370784,1.0,,,29.225,-0.353942969772674,25.045,0 days 01:00:22.377000,0 days 01:01:00.295000,0 days 01:01:25.340000,317.0,259.0,248.0,320.0,True,2.0,True,McLaren,0 days 00:59:53.091000,2024-07-07 14:04:50.120,1,4.0,False,,False,True,NOR,3.0,3.0,Finished,1.659370088718947,0.5871145767547405,-0.27684678302851,-0.6422942806779073,1.2800031471310722,3593.091,3545.476,0.7517517745721518,63.0,3.5817873872203316,92.188,0,1,Early,Top5,Fast,False,False,False,False,False,False,True,False,False,False,False,False,False,False,False,False,False,False,False,False,False,False,True,False,False,False,False,False,True,False,93.13803795960925
0 days 01:41:02.175000,22,108.126,0.041692234363168185,1.0,,0 days 01:40:56.345000,32.036,3.4559593533178607,28.713,0 days 01:39:46.145000,0 days 01:40:33.522000,0 days 01:41:02.235000,273.0,238.0,,296.0,False,27.0,True,RB,0 days 01:39:14.049000,2024-07-07 14:44:11.078,1,8.0,False,,False,False,TSU,13.0,10.0,Finished,-0.38397119212681746,-1.9541281240019868,-1.999785362960297,2.123585767292833,-1.2365364697747734,5954.049,5945.756,-0.7486750278822236,68.0,-1.0181045261404331,108.126,0,0,Mid,Midfield,Slow,False,False,False,False,False,False,False,False,False,False,False,False,False,False,False,True,False,False,False,False,False,False,False,False,True,False,False,False,True,False,105.61139722964072
0 days 01:21:33.515000,14,92.259,-0.7812505965649501,1.0,,,29.565,-0.5573472062840101,25.281,0 days 01:20:30.913000,0 days 01:21:08.326000,0 days 01:21:33.607000,297.0,257.0,247.0,304.0,True,15.0,True,Aston Martin,0 days 01:20:01.256000,2024-07-07 14:24:58.285,1,10.0,False,,False,True,ALO,10.0,8.0,Finished,-0.06133835830906515,0.6030855861535518,0.5179053583474524,-0.31314861279138995,0.206059604267223,4801.256,4745.599,1.160959084332437,60.0,0.2508311740970202,92.25899999999999,0,0,Early,Top10,Fast,True,False,False,False,False,False,False,False,False,False,False,False,False,False,False,False,False,False,True,False,False,False,False,False,False,False,False,False,True,False,91.78650925180322
0 days 01:42:30.861000,1,101.176,0.11027080360717804,2.0,,,31.767,0.9615386865560792,28.225,0 days 01:41:21.507000,0 days 01:42:02.691000,0 days 01:42:30.916000,289.0,245.0,224.0,296.0,False,2.0,True,Red Bull Racing,0 days 01:40:49.685000,2024-07-07 14:45:46.714,1,4.0,False,,False,True,VER,4.0,2.0,Finished,-0.599059748005319,-0.5392868195647992,-0.5670807274671749,-0.30735749876467744,-0.042641416779325855,6049.685,6005.753,-0.7486750278822236,68.0,-1.0974130074052735,101.17599999999999,0,1,Mid,Top5,Medium,False,False,False,False,False,False,False,False,False,False,False,False,False,False,False,False,True,False,False,False,False,False,False,False,False,True,False,True,False,False,99.50994471378088
0 days 01:58:11.655000,16,100.091,0.6588993575592569,3.0,,,31.807,0.901927147934937,27.248,0 days 01:57:03.424000,0 days 01:57:44.460000,0 days 01:58:11.708000,290.0,245.0,238.0,297.0,False,9.0,True,Ferrari,0 days 01:56:31.564000,2024-07-07 15:01:28.593,1,15.0,False,,False,True,LEC,11.0,14.0,Lapped,-0.7066040259445697,-0.5023331810141001,0.08388199093879564,-0.34688162471622064,-0.48708970458514705,6991.564,6965.895,-1.5670896474027918,76.0,-1.0181045261404331,100.09100000000001,0,0,Late,Midfield,Medium,False,False,False,False,True,False,False,False,False,False,False,False,False,False,False,False,False,False,False,True,False,False,False,False,False,False,False,True,False,False,99.7174361066721
0 days 01:38:01.864000,77,99.761,-0.09546490412485154,1.0,,,30.996,0.6679115807803105,28.31,0 days 01:36:53.154000,0 days 01:37:33.609000,0 days 01:38:01.919000,289.0,245.0,214.0,296.0,False,25.0,True,Kick Sauber,0 days 01:36:22.103000,2024-07-07 14:41:19.132,1,15.0,False,,False,True,BOT,16.0,15.0,Lapped,-0.8141483038838205,-0.517134450427712,-0.49894853877679046,1.4997780075007583,-0.6615833209223645,5782.103,5765.7,-0.7486750278822236,69.0,-0.7801790823459103,99.761,0,0,Mid,Backmarker,Medium,False,True,False,False,False,False,False,False,False,False,False,False,False,False,False,False,False,False,False,False,False,True,False,False,False,False,False,False,True,False,100.20416295528962
0 days 01:33:10.677000,77,94.03,-0.30120061185688113,1.0,,,30.193,-0.3060120704759436,25.8,0 days 01:32:06.895000,0 days 01:32:44.932000,0 days 01:33:10.732000,283.0,255.0,246.0,290.0,False,22.0,True,Kick Sauber,0 days 01:31:36.647000,2024-07-07 14:36:33.676,1,15.0,False,,False,True,BOT,16.0,15.0,Lapped,-0.9216925818230712,0.40688302922457925,0.9165399347738752,0.2444396210481951,0.7491203630337617,5496.647,5465.676,-0.3394677181219383,68.0,-0.7405248417134893,94.03,0,0,Mid,Backmarker,Medium,False,True,False,False,False,False,False,False,False,False,False,False,False,False,False,False,False,False,False,False,False,True,False,False,False,False,False,False,True,False,92.77470059375455
0 days 01:18:35.790000,3,92.88,-0.9184077350529699,1.0,,,29.622,-0.40992948239658433,25.479,0 days 01:17:32.614000,0 days 01:18:10.393000,0 days 01:18:35.872000,296.0,255.0,245.0,303.0,False,13.0,True,RB,0 days 01:17:02.910000,2024-07-07 14:21:59.939,1,14.0,False,,False,True,RIC,15.0,13.0,Lapped,-0.16888263624831593,0.531247907306296,0.588195334811643,-1.1645822651182496,1.1748361043306275,4622.91,4565.557,1.433763957505959,61.0,0.4887566178915416,92.88000000000001,0,0,Early,Midfield,Fast,False,False,False,False,False,False,False,False,False,False,True,False,False,False,False,False,False,False,False,False,False,False,False,False,True,False,False,False,True,False,91.74435913904979
0 days 01:15:22.185000,27,92.428,-1.0555648735409895,1.0,,,29.466,-0.4977356676628651,25.401,0 days 01:14:19.263000,0 days 01:14:56.824000,0 days 01:15:22.225000,311.0,259.0,246.0,322.0,False,11.0,True,Haas F1 Team,0 days 01:13:49.757000,2024-07-07 14:18:46.786,1,9.0,False,,False,True,HUL,6.0,6.0,Finished,1.766914366658198,0.4716235552768205,0.014689784717035727,-0.19767488080111945,0.5754062814691038,4429.757,4385.545,1.5701663940927224,62.0,0.647373580421224,92.428,0,0,Early,Top10,Fast,False,False,False,True,False,False,False,False,False,False,False,False,False,False,False,False,False,False,False,False,True,False,False,False,False,False,False,False,True,False,94.03517750308207
0 days 01:42:36.127000,55,102.641,0.11027080360717804,2.0,,,32.526,1.007455682521016,28.817,0 days 01:41:26.052000,0 days 01:42:07.350000,0 days 01:42:36.167000,290.0,245.0,223.0,298.0,False,2.0,True,Ferrari,0 days 01:40:53.486000,2024-07-07 14:45:50.515,1,6.0,True,TRACK LIMITS AT TURN 3 LAP 28 ,False,True,SAI,7.0,5.0,Finished,-0.4915154700660682,-0.8856955111090951,-0.3178125107836176,1.30652503307456,-1.1169682802966319,6053.486,6005.753,-0.7486750278822236,68.0,-1.0974130074052735,102.64100000000002,0,0,Mid,Top10,Slow,False,False,False,False,False,False,False,False,False,False,False,False,True,False,False,False,False,False,False,True,False,False,False,False,False,False,False,True,False,False,100.44939169203815
0 days 02:13:10.412000,31,90.952,1.2761064807553457,5.0,,,29.305,-0.9262942966689258,25.15,0 days 02:12:08.830000,0 days 02:12:45.327000,0 days 02:13:10.477000,277.0,259.0,251.0,285.0,False,7.0,True,Alpine,0 days 02:11:39.460000,2024-07-07 15:16:36.489,1,17.0,False,,False,True,OCO,18.0,16.0,Lapped,-0.4915154700660682,0.8239855867078288,1.4116814682065155,0.08690240064307767,-0.23914789893183874,7899.46,7866.021,-0.20306528153517733,71.0,0.40944813662670115,90.952,0,0,Late,Backmarker,VeryFast,False,False,False,False,False,False,False,True,False,False,False,False,False,False,False,False,False,False,False,False,False,False,False,False,False,False,False,False,True,False,91.57267612529157
0 days 01:27:40.277000,63,104.151,-0.5069363195889107,1.0,,,35.263,0.8882326052787287,27.886,0 days 01:26:31.444000,0 days 01:27:12.446000,0 days 01:27:40.332000,290.0,242.0,232.0,299.0,False,19.0,True,Mercedes,0 days 01:25:56.126000,2024-07-07 14:30:53.155,1,3.0,True,TRACK LIMITS AT TURN 2 LAP 19 ,False,True,RUS,1.0,,Retired,-0.38397119212681746,-1.2439399788077328,-1.8314115571625134,1.0823274403917145,-0.08971231079031963,5156.126,5105.652,1.2973615209192007,60.0,-0.02674851032992359,104.151,0,0,Mid,Top5,Slow,False,False,False,False,False,False,False,False,False,False,False,True,False,False,False,False,False,False,False,False,False,False,False,True,False,False,False,False,True,False,104.67667244220353
0 days 01:48:07.175000,11,100.021,0.24742794209519775,3.0,,,31.537,0.5261327862219158,28.381,0 days 01:46:58.765000,0 days 01:47:38.868000,0 days 01:48:07.249000,292.0,241.0,224.0,297.0,False,2.0,True,Red Bull Racing,0 days 01:46:27.154000,2024-07-07 14:51:24.183,1,17.0,False,,False,True,PER,20.0,17.0,Lapped,-0.599059748005319,-0.509988335883126,-0.8417506677228421,-0.07854160263307963,-0.6113602799729279,6387.154,6365.801,-1.1578823376425065,73.0,-1.2956842105673754,100.021,0,0,Mid,Backmarker,Medium,False,False,False,False,False,False,False,False,True,False,False,False,False,False,False,False,False,False,False,False,False,False,False,False,False,True,False,True,False,False,99.4101092652734
0 days 01:01:29.420000,14,93.202,-1.6727719967370784,1.0,,,29.547,-0.18276118657006343,25.312,0 days 01:00:25.857000,0 days 01:01:04.200000,0 days 01:01:29.512000,316.0,259.0,246.0,328.0,True,2.0,True,Aston Martin,0 days 00:59:56.218000,2024-07-07 14:04:53.247,1,10.0,False,,False,True,ALO,10.0,8.0,Finished,2.5197243122329533,0.45223017070126914,-0.13405618205152256,0.20416432196544093,0.3645718996430769,3596.218,3545.476,0.7517517745721518,63.0,3.5817873872203316,93.202,0,0,Early,Top10,Fast,True,False,False,False,False,False,False,False,False,False,False,False,False,False,False,False,False,False,True,False,False,False,False,False,False,False,False,False,True,False,93.68485715455513
0 days 01:21:18.779000,1,92.249,-0.7812505965649501,1.0,,,29.622,-0.7744459854515517,25.753,0 days 01:20:16.207000,0 days 01:20:53.081000,0 days 01:21:18.834000,292.0,257.0,246.0,302.0,False,15.0,True,Red Bull Racing,0 days 01:19:46.530000,2024-07-07 14:24:43.559,1,4.0,False,,False,True,VER,4.0,2.0,Finished,-0.2764269141875667,0.6281489465016852,0.7075654030327496,-0.7154550070907653,0.7915189327189279,4786.53,4745.599,1.160959084332437,60.0,0.2508311740970202,92.24900000000001,0,1,Early,Top5,Fast,False,False,False,False,False,False,False,False,False,False,False,False,False,False,False,False,True,False,False,False,False,False,False,False,False,True,False,False,True,False,91.39590862237664
0 days 01:02:57.270000,4,91.991,-1.6041934274930685,1.0,,,29.279,-0.5078051843218415,25.176,0 days 01:01:54.619000,0 days 01:02:32.155000,0 days 01:02:57.331000,304.0,260.0,247.0,312.0,True,3.0,True,McLaren,0 days 01:01:25.279000,2024-07-07 14:06:22.308,1,4.0,False,,False,True,NOR,3.0,3.0,Finished,1.0141044210834425,0.625354048853903,-0.21948369727344938,-0.06752775860436422,0.9028177633639446,3685.279,3665.476,0.8881542111589152,62.0,3.5817873872203316,91.991,0,1,Early,Top5,Fast,False,False,False,False,False,False,True,False,False,False,False,False,False,False,False,False,False,False,False,False,False,False,True,False,False,False,False,False,True,False,93.28900056202376
0 days 01:18:33.891000,2,93.04,-0.9184077350529699,1.0,,,29.696,-0.3571652151035477,25.434,0 days 01:17:30.621000,0 days 01:18:08.531000,0 days 01:18:33.965000,309.0,255.0,245.0,302.0,False,13.0,True,Williams,0 days 01:17:00.851000,2024-07-07 14:21:57.880,1,13.0,False,,False,True,SAR,12.0,11.0,Finished,0.4763830313871887,0.4725699259307782,0.1925126394829389,0.046060174090426384,0.1589443667299437,4620.851,4565.557,1.433763957505959,61.0,0.4887566178915416,93.03999999999999,0,0,Early,Midfield,Fast,False,False,False,False,False,False,False,False,False,False,False,False,False,True,False,False,False,False,False,False,False,False,False,False,False,False,True,False,True,False,92.85256134811247
0 days 01:54:49.149000,16,103.604,0.5217422190712372,3.0,,,32.822,1.3981529288893226,28.514,0 days 01:53:38.420000,0 days 01:54:20.688000,0 days 01:54:49.202000,292.0,243.0,224.0,297.0,False,7.0,True,Ferrari,0 days 01:53:05.545000,2024-07-07 14:58:02.574,1,15.0,False,,False,True,LEC,11.0,14.0,Lapped,-0.7066040259445697,-1.0217623867959955,-0.5954975601045436,0.5229472540187455,-0.4025185171372897,6785.545,6725.865,-1.430687210816031,76.0,-1.0974130074052735,103.604,0,0,Mid,Midfield,Slow,False,False,False,False,True,False,False,False,False,False,False,False,False,False,False,False,False,False,False,True,False,False,False,False,False,False,False,True,False,False,102.35337822144879
0 days 02:11:05.727000,27,90.048,1.2761064807553457,3.0,,,28.987,-0.9979892552808408,24.742,0 days 02:10:04.706000,0 days 02:10:41.025000,0 days 02:11:05.767000,291.0,261.0,250.0,298.0,False,9.0,False,Haas F1 Team,0 days 02:09:35.679000,2024-07-07 15:14:32.708,1,6.0,False,,False,True,HUL,6.0,6.0,Finished,-0.16888263624831593,1.0656705787681202,1.1645417265986997,-1.4874997141866577,1.0877668735703847,7775.679,7746.012,-0.3394677181219383,73.0,0.21117693346459926,90.048,0,0,Late,Top10,VeryFast,False,False,False,True,False,False,False,False,False,False,False,False,False,False,False,False,False,False,False,False,True,False,False,False,False,False,False,False,False,True,89.28888060816757
0 days 02:20:44.268000,1,89.089,1.7561564654634148,3.0,,,29.149,-1.2416715584280855,24.226,0 days 02:19:44.383000,0 days 02:20:20.097000,0 days 02:20:44.323000,298.0,266.0,251.0,306.0,False,14.0,True,Red Bull Racing,0 days 02:19:15.179000,2024-07-07 15:24:12.208,1,2.0,False,,False,True,VER,4.0,2.0,Finished,0.04620591963018562,1.1107264757710338,1.5998968926494028,-0.8450088917025432,0.8637850565579065,8355.179,8346.105,0.34254446481186895,68.0,0.5284108585239625,89.089,0,1,Late,Top5,VeryFast,False,False,False,False,False,False,False,False,False,False,False,False,False,False,False,False,True,False,False,False,False,False,False,False,False,True,False,False,False,False,90.30779914992735
0 days 01:48:02.070000,27,103.274,0.31600651133920765,2.0,,,32.172,1.2463046176719488,29.211,0 days 01:46:51.008000,0 days 01:47:32.899000,0 days 01:48:02.110000,291.0,238.0,219.0,297.0,False,5.0,True,Haas F1 Team,0 days 01:46:18.796000,2024-07-07 14:51:15.825,1,7.0,False,,False,True,HUL,6.0,6.0,Finished,-0.599059748005319,-0.9145385564496781,-1.022075085797353,0.9516887158733527,-0.5889972004548037,6378.796,6365.801,-1.1578823376425065,73.0,-1.2956842105673754,103.27399999999999,0,0,Mid,Top10,Slow,False,False,False,True,False,False,False,False,False,False,False,False,False,False,False,False,False,False,False,False,True,False,False,False,False,False,False,True,False,False,101.94426526222425
0 days 01:28:31.047000,31,101.731,-0.5069363195889107,1.0,,0 days 01:28:25.181000,33.657,0.6268279528116857,27.721,0 days 01:27:23.038000,0 days 01:28:03.391000,0 days 01:28:31.112000,272.0,240.0,,283.0,False,19.0,True,Alpine,0 days 01:26:49.316000,2024-07-07 14:31:46.345,1,18.0,False,,False,False,OCO,18.0,16.0,Lapped,-1.1367811377015729,-1.2508759230720026,-0.48776655169672395,2.5365326098685608,-1.8907981794029372,5209.316,5165.639,1.0245566477456738,63.0,-0.30432819475686596,101.731,0,0,Mid,Backmarker,Slow,False,False,False,False,False,False,False,True,False,False,False,False,False,False,False,False,False,False,False,False,False,False,False,False,False,False,False,False,False,True,101.91066083938725
0 days 01:36:22.103000,77,97.35,-0.1640434733688614,1.0,,,30.277,0.30822844572165214,27.511,0 days 01:35:15.085000,0 days 01:35:54.647000,0 days 01:36:22.158000,283.0,249.0,221.0,288.0,False,24.0,True,Kick Sauber,0 days 01:34:44.753000,2024-07-07 14:39:41.782,1,15.0,False,,False,True,BOT,16.0,15.0,Lapped,-1.459413971519325,-0.24030027317370536,-0.13951905068937676,0.6341712745782988,-0.42588509465281293,5684.753,5645.691,-0.7486750278822236,68.0,-0.8198333229783312,97.35,0,0,Mid,Backmarker,Medium,False,True,False,False,False,False,False,False,False,False,False,False,False,False,False,False,False,False,False,False,False,True,False,False,False,False,False,False,True,False,98.40180808772227
0 days 02:08:45.369000,44,89.697,1.2075279115113358,3.0,,,29.087,-1.0604202585664986,24.446,0 days 02:07:44.787000,0 days 02:08:20.951000,0 days 02:08:45.397000,292.0,261.0,250.0,300.0,False,7.0,False,Mercedes,0 days 02:07:15.672000,2024-07-07 15:12:12.701,1,1.0,False,,False,True,HAM,2.0,1.0,Finished,-0.2764269141875667,1.0207750368176367,1.7547360708893478,-1.116796725465556,1.9257343105857283,7635.672,7626.012,-0.47587015470869926,75.0,0.3697938959942802,89.697,1,1,Late,Top5,VeryFast,False,False,True,False,False,False,False,False,False,False,False,False,False,False,False,False,False,False,False,False,False,False,False,True,False,False,False,False,False,True,88.06194595228236
0 days 01:47:45.468000,81,102.161,0.31600651133920765,2.0,,,31.932,0.9264967685828408,29.132,0 days 01:46:35.321000,0 days 01:47:16.418000,0 days 01:47:45.550000,294.0,239.0,218.0,300.0,False,3.0,True,McLaren,0 days 01:46:03.307000,2024-07-07 14:51:00.336,1,6.0,False,,False,True,PIA,5.0,4.0,Finished,-0.38397119212681746,-0.9219494644863913,-1.2442560677367211,-0.06532945336256436,-0.4337193991945118,6363.307,6305.789,-1.0214799010557456,72.0,-1.2956842105673754,102.161,0,0,Mid,Top5,Slow,False,False,False,False,False,False,False,False,False,True,False,False,False,False,False,False,False,False,False,False,False,False,True,False,False,False,False,True,False,False,102.21567287149091
0 days 01:17:02.910000,3,92.797,-0.9869863042969798,1.0,,,29.722,-0.4570548203605984,25.413,0 days 01:15:59.917000,0 days 01:16:37.579000,0 days 01:17:02.992000,295.0,255.0,244.0,304.0,False,12.0,True,RB,0 days 01:15:30.113000,2024-07-07 14:20:27.142,1,14.0,False,,False,True,RIC,15.0,13.0,Lapped,-0.06133835830906515,0.5554644406805692,0.5830602485727009,-0.2909187857187655,1.1930623766284485,4530.113,4505.547,1.433763957505959,59.0,0.5284108585239625,92.797,0,0,Early,Midfield,Fast,False,False,False,False,False,False,False,False,False,False,True,False,False,False,False,False,False,False,False,False,False,False,False,False,True,False,False,False,True,False,91.64221217061737
0 days 01:37:31.363000,23,95.612,-0.09546490412485154,1.0,,,29.917,-0.014398868031968477,26.934,0 days 01:36:25.668000,0 days 01:37:04.429000,0 days 01:37:31.363000,316.0,255.0,237.0,306.0,False,25.0,True,Williams,0 days 01:35:55.751000,2024-07-07 14:40:52.780,1,11.0,False,,False,True,ALB,9.0,9.0,Finished,1.229192976961944,0.11014371553729298,-0.9051886200189482,1.107356477875818,0.6282267904276408,5755.751,5705.725,-0.7486750278822236,68.0,-0.7801790823459103,95.612,0,0,Mid,Top10,Medium,False,False,False,False,False,False,False,False,False,False,False,False,False,False,False,False,False,False,False,False,False,False,False,False,False,False,True,False,True,False,96.25977834680121
0 days 01:20:01.256000,14,92.383,-0.84982916580896,1.0,,,29.586,-0.5835279495973494,25.449,0 days 01:18:58.551000,0 days 01:19:35.899000,0 days 01:20:01.348000,299.0,258.0,246.0,303.0,True,14.0,True,Aston Martin,0 days 01:18:28.873000,2024-07-07 14:23:25.902,1,10.0,False,,False,True,ALO,10.0,8.0,Finished,-0.16888263624831593,0.697714500994533,0.5497027508123198,-0.6560587831273641,0.20213341081222244,4708.873,4685.594,1.2973615209192007,59.0,0.3301396553618607,92.383,0,0,Early,Top10,VeryFast,True,False,False,False,False,False,False,False,False,False,False,False,False,False,False,False,False,False,True,False,False,False,False,False,False,False,False,False,True,False,91.57613218540547
0 days 01:07:47.415000,11,92.25,-1.3984577197610388,1.0,,,29.44,-0.5243191916425654,25.315,0 days 01:06:44.679000,0 days 01:07:22.174000,0 days 01:07:47.489000,299.0,257.0,246.0,310.0,False,6.0,True,Red Bull Racing,0 days 01:06:15.165000,2024-07-07 14:11:12.194,1,18.0,False,,False,True,PER,20.0,17.0,Lapped,0.5839273093264394,0.615342400714721,0.739571265928578,-0.22754709016619995,0.5548392502683159,3975.165,3965.525,0.7517517745721518,61.0,0.13186845219975876,92.25,0,0,Early,Backmarker,Fast,False,False,False,False,False,False,False,False,True,False,False,False,False,False,False,False,False,False,False,False,False,False,False,False,False,True,False,False,False,False,91.64982940344288
0 days 02:06:02.180000,81,89.581,1.070370773023316,3.0,,,28.933,-1.1256707265166692,24.646,0 days 02:05:01.614000,0 days 02:05:37.616000,0 days 02:06:02.262000,293.0,262.0,251.0,299.0,False,4.0,True,McLaren,0 days 02:04:32.599000,2024-07-07 15:09:29.628,1,4.0,False,,False,True,PIA,5.0,4.0,Finished,-0.16888263624831593,1.11638368140027,0.7877989082523844,-1.841815192927176,1.7560084193921095,7472.599,7445.95,-0.47587015470869926,76.0,0.09221421156733783,89.581,0,0,Late,Top5,VeryFast,False,False,False,False,False,False,False,False,False,True,False,False,False,False,False,False,False,False,False,False,False,False,True,False,False,False,False,False,True,False,89.27282064298015
0 days 01:41:00.920000,14,108.513,0.041692234363168185,1.0,,0 days 01:40:55.058000,32.455,3.510334743276336,28.546,0 days 01:39:44.954000,0 days 01:40:32.466000,0 days 01:41:01.012000,286.0,238.0,,300.0,False,27.0,True,Aston Martin,0 days 01:39:12.407000,2024-07-07 14:44:09.436,1,7.0,False,,False,False,ALO,10.0,8.0,Finished,-0.7066040259445697,-2.0097525591373895,-2.115120706300745,1.2814226181549435,-1.461254367387515,5952.407,5945.756,-0.7486750278822236,68.0,-1.0181045261404331,108.513,0,0,Mid,Top10,Slow,True,False,False,False,False,False,False,False,False,False,False,False,False,False,False,False,False,False,True,False,False,False,False,False,False,False,False,False,True,False,105.21668445855333
0 days 01:50:51.143000,4,102.607,0.45316364982722734,2.0,,,32.409,0.9816777198740348,28.964,0 days 01:49:41.006000,0 days 01:50:22.240000,0 days 01:50:51.204000,293.0,242.0,217.0,297.0,False,6.0,True,McLaren,0 days 01:49:08.536000,2024-07-07 14:54:05.565,1,1.0,False,,False,True,NOR,3.0,3.0,Finished,-0.599059748005319,-0.9672520125706254,-1.235980736586857,-0.10599810033587033,-0.566376299980623,6548.536,6545.813,-1.5670896474027918,73.0,-1.2956842105673754,102.607,0,1,Mid,Top5,Slow,False,False,False,False,False,False,True,False,False,False,False,False,False,False,False,False,False,False,False,False,False,False,True,False,False,False,False,True,False,False,101.91569808255372
0 days 02:09:09.130000,77,91.732,1.138949342267326,3.0,,,29.24,-0.6254171388986934,25.248,0 days 02:08:06.693000,0 days 02:08:43.937000,0 days 02:09:09.185000,285.0,257.0,249.0,292.0,True,6.0,True,Kick Sauber,0 days 02:07:37.398000,2024-07-07 15:12:34.427,1,14.0,False,,False,True,BOT,16.0,15.0,Lapped,-0.8141483038838205,0.7609424655254373,0.9083285783909397,-0.640120538957467,0.6416312831346099,7657.398,7626.012,-0.47587015470869926,75.0,0.3697938959942802,91.732,0,0,Late,Backmarker,VeryFast,False,True,False,False,False,False,False,False,False,False,False,False,False,False,False,False,False,False,False,False,False,True,False,False,False,False,False,False,False,True,92.54347958969701
0 days 01:23:51.715000,24,95.202,-0.7126720273209403,2.0,,,29.675,-0.6040697635816633,28.23,0 days 01:22:46.245000,0 days 01:23:23.542000,0 days 01:23:51.772000,284.0,255.0,233.0,290.0,False,4.0,True,Kick Sauber,0 days 01:22:16.513000,2024-07-07 14:27:13.542,1,19.0,False,,False,True,ZHO,14.0,18.0,Lapped,-0.8141483038838205,0.1454669327869737,0.26324247842006376,-0.1282570717245515,0.2687438195472872,4936.513,4925.627,1.160959084332437,60.0,0.13186845219975876,95.202,0,0,Early,Midfield,Medium,False,False,False,False,False,False,False,False,False,False,False,False,False,False,False,False,False,True,False,False,False,True,False,False,False,False,False,False,True,False,93.9861778222632
0 days 01:15:30.113000,3,92.804,-1.0555648735409895,1.0,,,29.746,-0.4498047683661347,25.378,0 days 01:14:27.137000,0 days 01:15:04.817000,0 days 01:15:30.195000,296.0,253.0,244.0,304.0,False,11.0,True,RB,0 days 01:13:57.309000,2024-07-07 14:18:54.338,1,14.0,False,,False,True,RIC,15.0,13.0,Lapped,-0.06133835830906515,0.40651526087029344,0.3231845288503566,-0.6717857622029928,1.1701538878069777,4437.309,4385.545,1.5701663940927224,62.0,0.647373580421224,92.804,0,0,Early,Midfield,Medium,False,False,False,False,False,False,False,False,False,False,True,False,False,False,False,False,False,False,False,False,False,False,False,False,True,False,False,False,True,False,92.76336494054598
0 days 02:06:35.451000,27,90.701,1.070370773023316,3.0,,,29.077,-0.8284185947436686,24.884,0 days 02:05:33.867000,0 days 02:06:10.607000,0 days 02:06:35.491000,287.0,261.0,251.0,294.0,True,6.0,False,Haas F1 Team,0 days 02:05:04.750000,2024-07-07 15:10:01.779,1,6.0,False,,False,True,HUL,6.0,6.0,Finished,-0.4915154700660682,0.970842706713615,1.027314714286374,-0.9316122445257661,1.2994297526577332,7504.75,7445.95,-0.47587015470869926,76.0,0.09221421156733783,90.70100000000001,0,0,Late,Top10,VeryFast,False,False,False,True,False,False,False,False,False,False,False,False,False,False,False,False,False,False,False,False,True,False,False,False,False,False,False,False,False,True,89.56272905080303
0 days 01:36:56.788000,4,94.307,-0.09546490412485154,1.0,,,29.696,-0.24640053185479852,26.426,0 days 01:35:52.238000,0 days 01:36:30.423000,0 days 01:36:56.849000,291.0,257.0,231.0,298.0,False,25.0,True,McLaren,0 days 01:35:22.481000,2024-07-07 14:40:19.510,1,1.0,False,,False,True,NOR,3.0,3.0,Finished,-0.38397119212681746,0.27895536963274936,-0.05691034450858545,-0.3558671514408827,0.1917108940798791,5722.481,5705.725,-0.7486750278822236,68.0,-0.7801790823459103,94.307,0,1,Mid,Top5,Medium,False,False,False,False,False,False,True,False,False,False,False,False,False,False,False,False,False,False,False,False,False,False,True,False,False,False,False,False,True,False,94.68787582993654
0 days 01:56:57.560000,22,102.726,0.6588993575592569,2.0,,,32.477,1.4384309955252312,27.881,0 days 01:55:47.371000,0 days 01:56:29.739000,0 days 01:56:57.620000,294.0,241.0,232.0,298.0,False,9.0,True,RB,0 days 01:55:14.834000,2024-07-07 15:00:11.863,1,9.0,False,,False,True,TSU,13.0,10.0,Finished,-0.4915154700660682,-0.9175713320483604,-1.1114299823791236,0.7406778838056729,-0.5825310380621138,6914.834,6905.885,-1.430687210816031,75.0,-1.0974130074052735,102.726,0,0,Late,Midfield,Slow,False,False,False,False,False,False,False,False,False,False,False,False,False,False,False,True,False,False,False,False,False,False,False,False,True,False,False,True,False,False,102.99455174858082
0 days 01:13:36.839000,44,91.515,-1.1241434427849994,1.0,,,29.484,-0.7547097327999571,25.108,0 days 01:12:34.836000,0 days 01:13:11.759000,0 days 01:13:36.867000,295.0,258.0,246.0,297.0,False,10.0,True,Mercedes,0 days 01:12:05.324000,2024-07-07 14:17:02.353,1,2.0,False,,False,True,HAM,2.0,1.0,Finished,-0.38397119212681746,0.5750667524000356,0.7800559146453037,-0.8916527440995131,1.814596110324455,4325.324,4265.539,1.2973615209192007,62.0,0.805990542950905,91.51500000000001,1,1,Early,Top5,Fast,False,False,True,False,False,False,False,False,False,False,False,False,False,False,False,False,False,False,False,False,False,False,False,True,False,False,False,False,True,False,91.70596783903484
0 days 01:06:17.939000,77,93.768,-1.4670362890050488,1.0,,,29.92,-0.2745951784999342,25.733,0 days 01:05:14.146000,0 days 01:05:52.261000,0 days 01:06:17.994000,289.0,254.0,246.0,294.0,True,5.0,True,Kick Sauber,0 days 01:04:44.171000,2024-07-07 14:09:41.200,1,19.0,False,,False,True,BOT,16.0,15.0,Lapped,-0.8141483038838205,0.5823021382273117,0.929863783398139,-0.5612432826461872,0.14307490295895456,3884.171,3845.509,0.7517517745721518,60.0,0.01290573030249735,93.768,0,0,Early,Backmarker,Fast,False,True,False,False,False,False,False,False,False,False,False,False,False,False,False,False,False,False,False,False,False,True,False,False,False,False,False,False,True,False,92.12742894554708
0 days 01:38:15.482000,24,108.867,-0.1640434733688614,3.0,,,34.457,2.2786314655502706,29.956,0 days 01:37:01.129000,0 days 01:37:45.583000,0 days 01:38:15.539000,289.0,236.0,207.0,295.0,False,5.0,True,Kick Sauber,0 days 01:36:26.615000,2024-07-07 14:41:23.644,1,19.0,False,,False,True,ZHO,14.0,18.0,Lapped,-0.8141483038838205,-1.7451383260561486,-1.6790941365364547,0.46640947900185037,-1.6924209892383422,5786.615,5765.7,-0.7486750278822236,69.0,-0.7801790823459103,108.867,0,0,Mid,Midfield,Slow,False,False,False,False,False,False,False,False,False,False,False,False,False,False,False,False,False,True,False,False,False,True,False,False,False,False,False,True,False,False,106.7727672000548
0 days 02:00:17.328000,22,98.67,0.7960564960472767,2.0,,0 days 02:00:11.160000,32.084,0.8274127246585063,25.735,0 days 01:59:10.802000,0 days 01:59:51.653000,0 days 02:00:17.388000,294.0,247.0,,299.0,False,11.0,True,RB,0 days 01:58:38.658000,2024-07-07 15:03:35.687,1,9.0,False,,False,False,TSU,13.0,10.0,Finished,-0.4915154700660682,-0.6057428020266525,-0.27711132679593514,-0.11331735615109279,-0.7423436881057969,7118.658,7085.907,-1.430687210816031,77.0,-0.06640275096234313,98.67,0,0,Late,Midfield,Medium,False,False,False,False,False,False,False,False,False,False,False,False,False,False,False,True,False,False,False,False,False,False,False,False,True,False,False,True,False,False,99.83373819638217
0 days 01:49:57.482000,14,103.69,0.3845850805832175,2.0,,,32.451,1.2970549816331947,29.222,0 days 01:48:46.335000,0 days 01:49:28.352000,0 days 01:49:57.574000,290.0,238.0,224.0,297.0,False,5.0,True,Aston Martin,0 days 01:48:13.792000,2024-07-07 14:53:10.821,1,9.0,False,,False,True,ALO,10.0,8.0,Finished,-0.7066040259445697,-1.0000206477191478,-1.2768859119210527,0.8469399477259865,-0.8520532438831392,6493.792,6485.796,-1.430687210816031,73.0,-1.2956842105673754,103.69,0,0,Mid,Top10,Slow,True,False,False,False,False,False,False,False,False,False,False,False,False,False,False,False,False,False,True,False,False,False,False,False,False,False,False,True,False,False,102.57379400246175
0 days 01:23:10.823000,23,93.178,-0.7126720273209403,1.0,,,29.57,-0.4610826270241884,25.956,0 days 01:22:07.215000,0 days 01:22:44.867000,0 days 01:23:10.823000,310.0,258.0,246.0,322.0,False,16.0,True,Williams,0 days 01:21:37.645000,2024-07-07 14:26:34.674,1,12.0,False,,False,True,ALB,9.0,9.0,Finished,1.766914366658198,0.5933302484421409,-0.4135874689701298,0.11524163362187512,0.5707392454527429,4897.645,4865.627,1.160959084332437,59.0,0.1715226928321783,93.17800000000001,0,0,Early,Top10,Fast,False,False,False,False,False,False,False,False,False,False,False,False,False,False,False,False,False,False,False,False,False,False,False,False,False,False,True,False,True,False,93.5316315767889
0 days 01:06:09.768000,23,92.846,-1.4670362890050488,1.0,,,29.783,-0.4312768577136173,25.337,0 days 01:05:06.705000,0 days 01:05:44.431000,0 days 01:06:09.768000,312.0,259.0,245.0,322.0,True,5.0,True,Williams,0 days 01:04:36.922000,2024-07-07 14:09:33.951,1,12.0,False,,False,True,ALB,9.0,9.0,Finished,1.766914366658198,0.3529213553821876,-0.6888071340208552,0.24523112352450013,0.30055204418958137,3876.922,3845.509,0.7517517745721518,60.0,0.01290573030249735,92.846,0,0,Early,Top10,Medium,False,False,False,False,False,False,False,False,False,False,False,False,False,False,False,False,False,False,False,False,False,False,False,False,False,False,True,False,True,False,94.3317058256887
0 days 01:37:32.188000,20,95.15,-0.09546490412485154,1.0,,,29.923,0.06817116857164214,26.261,0 days 01:36:26.995000,0 days 01:37:05.961000,0 days 01:37:32.222000,298.0,252.0,245.0,300.0,False,25.0,True,Haas F1 Team,0 days 01:35:57.038000,2024-07-07 14:40:54.067,1,12.0,False,,False,True,MAG,17.0,12.0,Finished,-0.38397119212681746,0.16903111505283872,-0.2922422613535465,0.9054278434961864,0.3391519578620774,5757.038,5705.725,-0.7486750278822236,68.0,-0.7801790823459103,95.14999999999999,0,0,Mid,Backmarker,Medium,False,False,False,False,False,True,False,False,False,False,False,False,False,False,False,False,False,False,False,False,True,False,False,False,False,False,False,False,True,False,96.37474672305528
0 days 01:51:11.930000,81,103.325,0.45316364982722734,2.0,,,32.527,1.0026223145247068,29.512,0 days 01:50:01.214000,0 days 01:50:42.500000,0 days 01:51:12.012000,294.0,238.0,206.0,301.0,False,5.0,True,McLaren,0 days 01:49:28.605000,2024-07-07 14:54:25.634,1,6.0,False,,False,True,PIA,5.0,4.0,Finished,-0.2764269141875667,-1.0951398812502213,-1.3245488276335184,-0.386253543208911,-0.005697911968716776,6568.605,6545.813,-1.5670896474027918,73.0,-1.2956842105673754,103.325,0,0,Mid,Top5,Slow,False,False,False,False,False,False,False,False,False,True,False,False,False,False,False,False,False,False,False,False,False,False,True,False,False,False,False,True,False,False,102.28308607912163
0 days 01:15:39.601000,77,93.561,-1.0555648735409895,1.0,,,29.856,-0.34467901444641386,25.764,0 days 01:14:35.951000,0 days 01:15:13.892000,0 days 01:15:39.656000,287.0,255.0,246.0,289.0,False,11.0,True,Kick Sauber,0 days 01:14:06.040000,2024-07-07 14:19:03.069,1,18.0,False,,False,True,BOT,16.0,15.0,Lapped,-1.029236859762322,0.49025369104052874,0.948617242115551,0.029225150850372444,0.26322699396305743,4446.04,4445.565,1.5701663940927224,60.0,0.5680650991563821,93.56099999999999,0,0,Early,Backmarker,Fast,False,True,False,False,False,False,False,False,False,False,False,False,False,False,False,False,False,False,False,False,False,True,False,False,False,False,False,False,True,False,92.27750173008546
0 days 01:22:57.917000,55,92.455,-0.7126720273209403,1.0,,,29.68,-0.6294449455622834,25.541,0 days 01:21:55.182000,0 days 01:22:32.416000,0 days 01:22:57.957000,289.0,259.0,247.0,297.0,False,16.0,True,Ferrari,0 days 01:21:25.462000,2024-07-07 14:26:22.491,1,6.0,False,,False,True,SAI,7.0,5.0,Finished,-0.4915154700660682,0.4948470930174156,1.1355138655457406,0.44028075225150975,-0.4460608497866786,4885.462,4865.627,1.160959084332437,59.0,0.1715226928321783,92.455,0,0,Early,Top10,Fast,False,False,False,False,False,False,False,False,False,False,False,False,True,False,False,False,False,False,False,True,False,False,False,False,False,False,False,False,True,False,91.77815338640679
0 days 02:18:09.282000,55,89.434,1.618999326975395,3.0,,0 days 02:18:03.383000,28.907,-1.1768238711442731,24.652,0 days 02:17:08.795000,0 days 02:17:44.670000,0 days 02:18:09.322000,294.0,265.0,,304.0,False,11.0,True,Ferrari,0 days 02:16:39.848000,2024-07-07 15:21:36.877,1,5.0,False,,False,False,SAI,7.0,5.0,Finished,-0.06133835830906515,0.6896948346907832,1.478720062127139,0.31730946859497555,-0.7079563945348413,8199.848,8166.076,0.206142028225108,69.0,0.4887566178915416,89.434,0,0,Late,Top10,VeryFast,False,False,False,False,False,False,False,False,False,False,False,False,True,False,False,False,False,False,False,True,False,False,False,False,False,False,False,False,False,False,93.11551134019022
0 days 02:12:47.303000,11,90.565,1.2761064807553457,4.0,,,29.075,-0.9053497020182538,24.941,0 days 02:11:45.887000,0 days 02:12:22.436000,0 days 02:12:47.377000,290.0,259.0,252.0,299.0,False,8.0,True,Red Bull Racing,0 days 02:11:16.738000,2024-07-07 15:16:13.767,1,16.0,False,,False,True,PER,20.0,17.0,Lapped,-0.38397119212681746,0.873492854646366,1.1759539262261254,-1.353013673234935,0.25249840078014624,7876.738,7866.021,-0.20306528153517733,71.0,0.40944813662670115,90.565,0,0,Late,Backmarker,VeryFast,False,False,False,False,False,False,False,False,True,False,False,False,False,False,False,False,False,False,False,False,False,False,False,False,False,True,False,False,True,False,87.92115536042598
0 days 01:19:59.675000,27,92.621,-0.84982916580896,1.0,,,29.547,-0.4397352517071583,25.369,0 days 01:18:56.641000,0 days 01:19:34.346000,0 days 01:19:59.715000,311.0,259.0,247.0,321.0,False,14.0,True,Haas F1 Team,0 days 01:18:27.054000,2024-07-07 14:23:24.083,1,9.0,False,,False,True,HUL,6.0,6.0,Finished,1.766914366658198,0.6374645924159513,0.19123226378139319,0.44406258245562436,0.6087666318970651,4707.054,4685.594,1.2973615209192007,59.0,0.3301396553618607,92.621,0,0,Early,Top10,Fast,False,False,False,True,False,False,False,False,False,False,False,False,False,False,False,False,False,False,False,False,True,False,False,False,False,False,False,False,True,False,93.36529322764576
0 days 01:41:48.840000,24,105.113,-0.02688633488084168,3.0,,0 days 01:41:42.992000,33.799,2.1352415483264378,27.216,0 days 01:40:37.583000,0 days 01:41:21.681000,0 days 01:41:48.897000,280.0,235.0,,288.0,False,7.0,True,Kick Sauber,0 days 01:40:03.727000,2024-07-07 14:45:00.756,1,19.0,False,,False,False,ZHO,14.0,18.0,Lapped,-1.1367811377015729,-1.545376289093324,-1.4158416191649883,1.293800379280508,-1.6788484232245582,6003.727,5945.756,-0.7486750278822236,68.0,-1.0181045261404331,105.113,0,0,Mid,Midfield,Slow,False,False,False,False,False,False,False,False,False,False,False,False,False,False,False,False,False,True,False,False,False,True,False,False,False,False,False,True,False,False,105.75265887988553
0 days 01:07:43.423000,2,92.904,-1.3984577197610388,1.0,,,29.746,-0.3474984791109294,25.224,0 days 01:06:40.339000,0 days 01:07:18.273000,0 days 01:07:43.497000,309.0,257.0,245.0,321.0,True,6.0,True,Williams,0 days 01:06:10.519000,2024-07-07 14:11:07.548,1,13.0,False,,False,True,SAR,12.0,11.0,Finished,1.766914366658198,0.45427400309950106,-0.18900940713507836,-0.14392888608236173,0.03667063860815021,3970.519,3965.525,0.7517517745721518,61.0,0.13186845219975876,92.904,0,0,Early,Midfield,Fast,False,False,False,False,False,False,False,False,False,False,False,False,False,True,False,False,False,False,False,False,False,False,False,False,False,False,True,False,True,False,94.15869402938742
0 days 02:10:01.699000,2,90.003,1.2075279115113358,3.0,,,29.318,-0.9065580440173311,24.139,0 days 02:09:01.088000,0 days 02:09:37.634000,0 days 02:10:01.773000,310.0,266.0,250.0,329.0,False,6.0,True,Williams,0 days 02:08:31.696000,2024-07-07 15:13:28.725,1,11.0,False,,False,True,SAR,12.0,11.0,Finished,2.627268590172204,0.8522840132011816,0.91313960403788,-0.417751993560636,0.41561178647013164,7711.696,7686.0,-0.3394677181219383,72.0,0.21117693346459926,90.003,0,0,Late,Midfield,VeryFast,False,False,False,False,False,False,False,False,False,False,False,False,False,True,False,False,False,False,False,False,False,False,False,False,False,False,True,False,False,True,89.85161330807546
0 days 01:10:36.947000,4,92.018,-1.2613005812730191,1.0,,,29.566,-0.6592507148728574,25.292,0 days 01:09:34.556000,0 days 01:10:11.716000,0 days 01:10:37.008000,298.0,258.0,248.0,298.0,False,8.0,True,McLaren,0 days 01:09:04.929000,2024-07-07 14:14:01.958,1,4.0,False,,False,True,NOR,3.0,3.0,Finished,-0.38397119212681746,0.4713229558071659,0.12435212795485193,-0.8075748010511027,0.567315822737286,4144.929,4085.539,1.0245566477456738,60.0,0.7266820616860644,92.018,0,1,Early,Top5,Fast,False,False,False,False,False,False,True,False,False,False,False,False,False,False,False,False,False,False,False,False,False,False,True,False,False,False,False,False,True,False,92.41050766258867
0 days 01:10:48.519000,23,92.798,-1.2613005812730191,1.0,,,29.718,-0.48081887967578313,25.477,0 days 01:09:45.439000,0 days 01:10:23.042000,0 days 01:10:48.519000,297.0,255.0,245.0,305.0,True,8.0,True,Williams,0 days 01:09:15.721000,2024-07-07 14:14:12.750,1,12.0,False,,False,True,ALB,9.0,9.0,Finished,0.1537501975694364,0.5931760561994924,-0.15170417219102966,-0.08373912894718827,0.07326857104699289,4155.721,4145.541,1.0245566477456738,60.0,0.805990542950905,92.798,0,0,Early,Top10,Fast,False,False,False,False,False,False,False,False,False,False,False,False,False,False,False,False,False,False,False,False,False,False,False,False,False,False,True,False,True,False,92.48074571245864
0 days 02:07:37.398000,77,92.348,1.070370773023316,3.0,,,29.377,-0.48565224767209225,25.38,0 days 02:06:34.482000,0 days 02:07:12.073000,0 days 02:07:37.453000,285.0,257.0,250.0,288.0,True,5.0,True,Kick Sauber,0 days 02:06:05.050000,2024-07-07 15:11:02.079,1,14.0,False,,False,True,BOT,16.0,15.0,Lapped,-0.8141483038838205,0.5497513085620078,0.8674807774904996,-0.045731470280719944,0.30730172324037697,7565.05,7505.955,-0.47587015470869926,75.0,0.29048541472943973,92.348,0,0,Late,Backmarker,Fast,False,True,False,False,False,False,False,False,False,False,False,False,False,False,False,False,False,False,False,False,False,True,False,False,False,False,False,False,False,True,92.9735374614575
0 days 01:24:26.314000,81,93.988,-0.6440934580769304,1.0,,,29.302,-0.5964169309208386,27.37,0 days 01:23:21.710000,0 days 01:23:59.026000,0 days 01:24:26.396000,309.0,258.0,241.0,327.0,False,17.0,True,McLaren,0 days 01:22:52.326000,2024-07-07 14:27:49.355,1,4.0,False,,False,True,PIA,5.0,4.0,Finished,2.4121800342937023,0.2906605765310664,-0.06281490372005559,-0.8525828111106165,0.8240888727964935,4972.326,4925.627,1.160959084332437,60.0,0.13186845219975876,93.988,0,0,Early,Top5,Medium,False,False,False,False,False,False,False,False,False,True,False,False,False,False,False,False,False,False,False,False,False,False,True,False,False,False,False,False,True,False,94.0468519256531
0 days 01:20:04.311000,22,92.731,-0.84982916580896,1.0,,,29.644,-0.4981384483292232,25.527,0 days 01:19:01.284000,0 days 01:19:38.844000,0 days 01:20:04.371000,300.0,257.0,246.0,304.0,False,14.0,True,RB,0 days 01:18:31.580000,2024-07-07 14:23:28.609,1,11.0,False,,False,True,TSU,13.0,10.0,Finished,-0.06133835830906515,0.520662051552771,0.7050210371137374,-0.6171381753416949,0.4551539422728067,4711.58,4685.594,1.2973615209192007,59.0,0.3301396553618607,92.73100000000001,0,0,Early,Midfield,Fast,False,False,False,False,False,False,False,False,False,False,False,False,False,False,False,True,False,False,False,False,False,False,False,False,True,False,False,False,True,False,91.77745740418045
0 days 01:01:22.373000,63,91.418,-1.6727719967370784,1.0,,,29.454,-0.7422235321428261,25.01,0 days 01:00:20.464000,0 days 01:00:57.418000,0 days 01:01:22.428000,290.0,257.0,245.0,299.0,True,2.0,True,Mercedes,0 days 00:59:50.955000,2024-07-07 14:04:47.984,1,1.0,False,,False,True,RUS,1.0,,Retired,-0.599059748005319,0.6893247161050351,1.1419781334672388,-0.9381411845588999,1.5982310923076948,3590.955,3545.476,0.7517517745721518,63.0,3.5817873872203316,91.418,0,0,Early,Top5,VeryFast,False,False,False,False,False,False,False,False,False,False,False,True,False,False,False,False,False,False,False,False,False,False,False,True,False,False,False,False,True,False,89.79485559051977
0 days 02:21:24.624000,77,92.217,1.6875778962194048,3.0,,,29.389,-0.5492915929568273,25.395,0 days 02:20:21.851000,0 days 02:20:59.284000,0 days 02:21:24.679000,307.0,259.0,248.0,294.0,False,14.0,True,Kick Sauber,0 days 02:19:52.407000,2024-07-07 15:24:49.436,1,15.0,False,,False,True,BOT,16.0,15.0,Lapped,0.36883875344793793,0.6173481055379921,0.86114693233363,0.06946789556165212,0.20314364944247482,8392.407,8346.105,0.34254446481186895,68.0,0.5284108585239625,92.217,0,0,Late,Backmarker,Fast,False,True,False,False,False,False,False,False,False,False,False,False,False,False,False,False,False,False,False,False,False,True,False,False,False,False,False,False,False,True,93.4394187525746
0 days 01:44:48.419000,14,103.072,0.1788493728511879,2.0,,,32.901,1.095664648453655,28.654,0 days 01:43:38.340000,0 days 01:44:19.857000,0 days 01:44:48.511000,285.0,243.0,229.0,297.0,False,2.0,True,Aston Martin,0 days 01:43:05.347000,2024-07-07 14:48:02.376,1,9.0,False,,False,True,ALO,10.0,8.0,Finished,-0.7066040259445697,-0.9989955588221721,-1.226139208063409,0.8687075681131867,-1.1427620499146012,6185.347,6125.769,-0.8850774644689846,69.0,-1.176721488670114,103.072,0,0,Mid,Top10,Slow,True,False,False,False,False,False,False,False,False,False,False,False,False,False,False,False,False,False,True,False,False,False,False,False,False,False,False,True,False,False,102.36841884756856
0 days 02:11:44.448000,44,89.641,1.3446850499993555,3.0,,,29.154,-1.0636425038973722,24.331,0 days 02:10:43.989000,0 days 02:11:20.145000,0 days 02:11:44.476000,298.0,261.0,251.0,304.0,False,9.0,False,Mercedes,0 days 02:10:14.807000,2024-07-07 15:15:11.836,1,1.0,False,,False,True,HAM,2.0,1.0,Finished,-0.06133835830906515,1.0941240898074942,1.7418396607152498,-1.2879784724992622,1.6217185226381747,7814.807,7806.02,-0.20306528153517733,73.0,0.40944813662670115,89.641,1,1,Late,Top5,VeryFast,False,False,True,False,False,False,False,False,False,False,False,False,False,False,False,False,False,False,False,False,False,False,False,True,False,False,False,False,False,True,88.46862672226223
0 days 01:43:19.403000,3,103.338,0.11027080360717804,2.0,,,32.195,1.395736244891168,28.881,0 days 01:42:08.342000,0 days 01:42:50.604000,0 days 01:43:19.485000,295.0,240.0,215.0,299.0,False,2.0,True,RB,0 days 01:41:36.065000,2024-07-07 14:46:33.094,1,14.0,False,,False,True,RIC,15.0,13.0,Lapped,-0.4915154700660682,-0.9883829821030657,-1.3093616731787798,0.8045504252398327,-0.3833538272788751,6096.065,6065.769,-0.8850774644689846,70.0,-1.137067248037693,103.338,0,0,Mid,Midfield,Slow,False,False,False,False,False,False,False,False,False,False,True,False,False,False,False,False,False,False,False,False,False,False,False,False,True,False,False,True,False,False,103.2782542061031
0 days 01:33:35.001000,11,104.936,-0.30120061185688113,2.0,,,33.088,1.6583492393572885,28.934,0 days 01:32:23.227000,0 days 01:33:06.141000,0 days 01:33:35.075000,288.0,238.0,209.0,294.0,False,3.0,True,Red Bull Racing,0 days 01:31:50.065000,2024-07-07 14:36:47.094,1,17.0,False,,False,True,PER,20.0,17.0,Lapped,-1.029236859762322,-1.2182088068524535,-1.3849170008171239,0.10126621545021244,-1.675083190249164,5510.065,5465.676,-0.3394677181219383,68.0,-0.7405248417134893,104.936,0,0,Mid,Backmarker,Slow,False,False,False,False,False,False,False,False,True,False,False,False,False,False,False,False,False,False,False,False,False,False,False,False,False,True,False,True,False,False,102.61500882493301
0 days 01:57:45.707000,24,102.569,0.590320788315247,4.0,,,32.458,1.3224301636138147,28.031,0 days 01:56:35.653000,0 days 01:57:17.733000,0 days 01:57:45.764000,293.0,243.0,234.0,297.0,False,9.0,True,Kick Sauber,0 days 01:56:03.138000,2024-07-07 15:01:00.167,1,18.0,False,,False,True,ZHO,14.0,18.0,Lapped,-0.4915154700660682,-0.8521046485672722,-0.8455899129284636,0.5278608895996407,-1.2090947538228443,6963.138,6905.885,-1.430687210816031,75.0,-1.0974130074052735,102.56899999999999,0,0,Late,Midfield,Slow,False,False,False,False,False,False,False,False,False,False,False,False,False,False,False,False,False,True,False,False,False,True,False,False,False,False,False,True,False,False,103.21824068449266
0 days 01:10:49.231000,2,92.806,-1.2613005812730191,1.0,,,29.748,-0.41476285039289346,25.291,0 days 01:09:46.247000,0 days 01:10:24.014000,0 days 01:10:49.305000,309.0,257.0,243.0,321.0,True,8.0,True,Williams,0 days 01:09:16.425000,2024-07-07 14:14:13.454,1,13.0,False,,False,True,SAR,12.0,11.0,Finished,1.766914366658198,0.5616831840725485,0.22125213252428058,-0.43988267116609775,-0.22215861676320056,4156.425,4145.541,1.0245566477456738,60.0,0.805990542950905,92.806,0,0,Early,Midfield,Fast,False,False,False,False,False,False,False,False,False,False,False,False,False,True,False,False,False,False,False,False,False,False,False,False,False,False,True,False,True,False,92.78438949003468
0 days 01:23:12.742000,2,93.701,-0.7126720273209403,1.0,,,29.851,-0.5702361876074993,26.469,0 days 01:22:08.966000,0 days 01:22:46.347000,0 days 01:23:12.816000,294.0,257.0,245.0,303.0,False,16.0,True,Williams,0 days 01:21:39.041000,2024-07-07 14:26:36.070,1,13.0,True,TRACK LIMITS AT TURN 15 LAP 16 ,False,True,SAR,12.0,11.0,Finished,0.04620591963018562,0.4614667936763764,0.3580326157551,0.038138885500797685,0.30929996945543864,4899.041,4865.627,1.160959084332437,59.0,0.1715226928321783,93.701,0,0,Early,Midfield,Fast,False,False,False,False,False,False,False,False,False,False,False,False,False,True,False,False,False,False,False,False,False,False,False,False,False,False,True,False,True,False,92.14231846324057
0 days 02:04:00.218000,20,92.071,0.9332136345352964,3.0,,,29.092,-0.4792077570103477,25.372,0 days 02:02:57.273000,0 days 02:03:34.880000,0 days 02:04:00.252000,292.0,255.0,249.0,301.0,True,3.0,True,Haas F1 Team,0 days 02:02:28.147000,2024-07-07 15:07:25.176,1,11.0,False,,False,True,MAG,17.0,12.0,Finished,-0.2764269141875667,0.7011379530470292,0.45090335214027855,0.5001750946369409,1.0025882687714023,7348.147,7325.931,-0.7486750278822236,74.0,0.1715226928321783,92.071,0,0,Late,Backmarker,VeryFast,False,False,False,False,False,True,False,False,False,False,False,False,False,False,False,False,False,False,False,False,True,False,False,False,False,False,False,False,False,True,91.91607995300825
0 days 01:10:35.823000,1,92.038,-1.2613005812730191,1.0,,,29.655,-0.6886537035170675,25.296,0 days 01:09:33.495000,0 days 01:10:10.582000,0 days 01:10:35.878000,296.0,256.0,245.0,296.0,False,8.0,True,Red Bull Racing,0 days 01:09:03.785000,2024-07-07 14:14:00.814,1,3.0,False,,False,True,VER,4.0,2.0,Finished,-0.599059748005319,0.5050099787351291,0.48893063028005945,-0.0005314977393582807,0.6551072207587649,4143.785,4085.539,1.0245566477456738,60.0,0.7266820616860644,92.03800000000001,0,1,Early,Top5,Fast,False,False,False,False,False,False,False,False,False,False,False,False,False,False,False,False,True,False,False,False,False,False,False,False,False,True,False,False,True,False,92.03689246129807
0 days 01:40:30.229000,63,107.698,0.041692234363168185,1.0,,0 days 01:40:23.995000,31.368,2.852593915111958,30.451,0 days 01:39:13.954000,0 days 01:39:59.833000,0 days 01:40:30.284000,289.0,243.0,,295.0,False,27.0,True,Mercedes,0 days 01:38:42.531000,2024-07-07 14:43:39.560,1,4.0,False,,False,False,RUS,1.0,,Retired,-0.2764269141875667,-1.8150350913977296,-2.4380982430286346,0.8548428894595412,-0.687360268608521,5922.531,5885.749,-0.7486750278822236,68.0,-0.9784502855080122,107.69800000000001,0,0,Mid,Top5,Slow,False,False,False,False,False,False,False,False,False,False,False,True,False,False,False,False,False,False,False,False,False,False,False,True,False,False,False,False,True,False,108.42360141962381
0 days 01:19:41.776000,63,91.478,-0.84982916580896,1.0,,,29.486,-0.7410151901437488,25.035,0 days 01:18:39.839000,0 days 01:19:16.796000,0 days 01:19:41.831000,296.0,258.0,246.0,299.0,False,14.0,True,Mercedes,0 days 01:18:10.298000,2024-07-07 14:23:07.327,1,1.0,False,,False,True,RUS,1.0,,Retired,-0.4915154700660682,0.6759179186047475,1.14023526616847,-1.2699450725718797,1.8335118888075645,4690.298,4685.594,1.2973615209192007,59.0,0.3301396553618607,91.478,0,0,Early,Top5,Fast,False,False,False,False,False,False,False,False,False,False,False,True,False,False,False,False,False,False,False,False,False,False,False,True,False,False,False,False,True,False,90.16477344818827
0 days 02:16:16.450000,1,89.56,1.550420757731385,3.0,,,29.166,-1.147018101833702,24.445,0 days 02:15:16.111000,0 days 02:15:52.060000,0 days 02:16:16.505000,293.0,263.0,253.0,292.0,False,11.0,True,Red Bull Racing,0 days 02:14:46.890000,2024-07-07 15:19:43.919,1,2.0,False,,False,True,VER,4.0,2.0,Finished,-0.38397119212681746,1.1044007278768213,1.5056703240826426,-1.1974862265028485,1.2338002009587157,8086.89,8046.052,0.06973959163834459,71.0,0.4887566178915416,89.56,0,1,Late,Top5,VeryFast,False,False,False,False,False,False,False,False,False,False,False,False,False,False,False,False,True,False,False,False,False,False,False,False,False,True,False,False,False,False,90.25241616741239
0 days 02:00:12.314000,14,98.684,0.7960564960472767,2.0,,0 days 02:00:06.460000,31.784,0.7045646214189871,26.354,0 days 01:59:05.506000,0 days 01:59:46.052000,0 days 02:00:12.406000,295.0,245.0,,295.0,False,11.0,True,Aston Martin,0 days 01:58:33.630000,2024-07-07 15:03:30.659,1,8.0,False,,False,False,ALO,10.0,8.0,Finished,-0.7066040259445697,-0.7185569664652602,-0.3655272119382148,0.34964546344385955,-0.7621792923475107,7113.63,7085.907,-1.430687210816031,77.0,-0.06640275096234313,98.684,0,0,Late,Top10,Medium,True,False,False,False,False,False,False,False,False,False,False,False,False,False,False,False,False,False,True,False,False,False,False,False,False,False,False,True,False,False,99.13267793611148
0 days 01:05:57.098000,63,91.628,-1.4670362890050488,1.0,,,29.426,-0.6805980901898875,25.095,0 days 01:04:54.951000,0 days 01:05:32.058000,0 days 01:05:57.153000,291.0,258.0,245.0,292.0,False,5.0,True,Mercedes,0 days 01:04:25.470000,2024-07-07 14:09:22.499,1,1.0,False,,False,True,RUS,1.0,,Retired,-0.8141483038838205,0.6905182799016529,1.0712126787156802,-2.131368382420557,1.4004930771003445,3865.47,3845.509,0.7517517745721518,60.0,0.01290573030249735,91.628,0,0,Early,Top5,VeryFast,False,False,False,False,False,False,False,False,False,False,False,True,False,False,False,False,False,False,False,False,False,False,False,True,False,False,False,False,True,False,90.37425566670865
0 days 01:55:14.834000,22,104.782,0.590320788315247,2.0,,,32.984,1.7860307105931168,28.567,0 days 01:54:03.096000,0 days 01:54:46.327000,0 days 01:55:14.894000,294.0,240.0,229.0,298.0,False,8.0,True,RB,0 days 01:53:30.052000,2024-07-07 14:58:27.081,1,9.0,False,,False,True,TSU,13.0,10.0,Finished,-0.599059748005319,-1.0986495138726837,-0.9516955807874282,0.5464409326249882,-0.9269249274113346,6810.052,6785.879,-1.430687210816031,76.0,-1.0577587667728525,104.78200000000001,0,0,Late,Midfield,Slow,False,False,False,False,False,False,False,False,False,False,False,False,False,False,False,True,False,False,False,False,False,False,False,False,True,False,False,True,False,False,102.62319482846995
0 days 02:14:47.609000,4,90.556,1.4818421884873751,3.0,,,29.274,-1.0475312772430094,25.086,0 days 02:13:46.388000,0 days 02:14:22.584000,0 days 02:14:47.670000,295.0,262.0,250.0,300.0,False,11.0,False,McLaren,0 days 02:13:17.053000,2024-07-07 15:18:14.082,1,3.0,False,,False,True,NOR,3.0,3.0,Finished,0.2612944755086871,0.9091879386973991,0.8530236301839149,-1.39977675721865,0.07508469625672491,7997.053,7986.026,-0.06666284494841637,71.0,0.3697938959942802,90.556,0,1,Late,Top5,VeryFast,False,False,False,False,False,False,True,False,False,False,False,False,False,False,False,False,False,False,False,False,False,False,True,False,False,False,False,False,False,True,90.65607194274506
0 days 01:31:15.423000,22,93.724,-0.369779181100891,1.0,,,30.003,-0.33702618178559196,25.761,0 days 01:30:11.762000,0 days 01:30:49.722000,0 days 01:31:15.483000,299.0,254.0,249.0,304.0,False,21.0,True,RB,0 days 01:29:41.699000,2024-07-07 14:34:38.728,1,10.0,False,,False,True,TSU,13.0,10.0,Finished,-0.06133835830906515,0.34378970641436185,0.1903535363524716,0.5186952290878976,0.14507339295382754,5381.699,5345.647,0.34254446481186895,67.0,-0.6612163604486488,93.72399999999999,0,0,Mid,Midfield,Medium,False,False,False,False,False,False,False,False,False,False,False,False,False,False,False,True,False,False,False,False,False,False,False,False,True,False,False,False,True,False,94.81145718885556
0 days 01:22:49.734000,4,91.69,-0.7126720273209403,1.0,,,29.378,-0.8014322900976102,25.505,0 days 01:21:47.483000,0 days 01:22:24.290000,0 days 01:22:49.795000,293.0,260.0,247.0,296.0,False,16.0,True,McLaren,0 days 01:21:18.044000,2024-07-07 14:26:15.073,1,3.0,False,,False,True,NOR,3.0,3.0,Finished,-0.599059748005319,0.7127286369821041,0.7885086984060553,-0.9321459173815003,0.03007036231839238,4878.044,4865.627,1.160959084332437,59.0,0.1715226928321783,91.69,0,1,Early,Top5,VeryFast,False,False,False,False,False,False,True,False,False,False,False,False,False,False,False,False,False,False,False,False,False,False,True,False,False,False,False,False,True,False,90.58453298624799
0 days 01:04:33.922000,27,92.563,-1.5356148582490585,1.0,,,29.462,-0.3982488430721725,25.293,0 days 01:03:30.861000,0 days 01:04:08.669000,0 days 01:04:33.962000,310.0,258.0,246.0,322.0,True,4.0,True,Haas F1 Team,0 days 01:03:01.359000,2024-07-07 14:07:58.388,1,9.0,False,,False,True,HUL,6.0,6.0,Finished,1.8744586445974487,0.4824366303486139,-0.29963384719696623,-0.21448666862282645,0.6275973130753164,3781.359,3725.493,0.8881542111589152,61.0,0.13186845219975876,92.56299999999999,0,0,Early,Top10,Fast,False,False,False,True,False,False,False,False,False,False,False,False,False,False,False,False,False,False,False,False,True,False,False,False,False,False,False,False,True,False,94.87137900641027
0 days 01:29:40.103000,27,97.529,-0.4383577503449008,1.0,,,31.584,0.3912012629916238,26.177,0 days 01:28:34.198000,0 days 01:29:13.966000,0 days 01:29:40.143000,284.0,247.0,246.0,295.0,False,20.0,True,Haas F1 Team,0 days 01:28:02.574000,2024-07-07 14:32:59.603,1,7.0,False,,False,True,HUL,6.0,6.0,Finished,-0.8141483038838205,-0.15210264277072105,-0.3003628922401467,0.5674597692679582,0.7214152033073776,5282.574,5225.66,0.7517517745721518,64.0,-0.4232909166541274,97.529,0,0,Mid,Top10,Medium,False,False,False,True,False,False,False,False,False,False,False,False,False,False,False,False,False,False,False,False,True,False,False,False,False,False,False,False,True,False,95.77158972005219
0 days 01:16:49.189000,55,92.358,-0.9869863042969798,1.0,,,29.645,-0.5960141502544805,25.396,0 days 01:15:46.516000,0 days 01:16:23.833000,0 days 01:16:49.229000,291.0,259.0,246.0,296.0,False,12.0,True,Ferrari,0 days 01:15:16.831000,2024-07-07 14:20:13.860,1,6.0,False,,False,True,SAI,7.0,5.0,Finished,-0.599059748005319,0.5424165687981655,1.1827600355762025,-0.681416190490093,-0.07084007019500124,4516.831,4505.547,1.433763957505959,59.0,0.5284108585239625,92.358,0,0,Early,Top10,Fast,False,False,False,False,False,False,False,False,False,False,False,False,True,False,False,False,False,False,False,True,False,False,False,False,False,False,False,False,True,False,90.99760814009569
0 days 02:22:12.956000,20,91.982,1.7561564654634148,3.0,,,29.827,-0.7043621495050721,25.107,0 days 02:21:10.835000,0 days 02:21:47.883000,0 days 02:22:12.990000,295.0,258.0,249.0,306.0,False,15.0,True,Haas F1 Team,0 days 02:20:40.974000,2024-07-07 15:25:38.003,1,12.0,False,,False,True,MAG,17.0,12.0,Finished,0.36883875344793793,0.6723375257116259,0.4089171919120408,-0.8855203718800909,1.0113995354502094,8440.974,8406.092,0.206142028225108,69.0,0.4887566178915416,91.982,0,0,Late,Backmarker,Fast,False,False,False,False,False,True,False,False,False,False,False,False,False,False,False,False,False,False,False,False,True,False,False,False,False,False,False,False,False,True,92.6436880597385
0 days 02:08:47.620000,4,89.752,1.2075279115113358,3.0,,,29.102,-1.091837150542508,24.564,0 days 02:07:47.031000,0 days 02:08:23.117000,0 days 02:08:47.681000,293.0,263.0,251.0,300.0,False,7.0,False,McLaren,0 days 02:07:17.868000,2024-07-07 15:12:14.897,1,2.0,False,,False,True,NOR,3.0,3.0,Finished,0.4763830313871887,1.0117100103494177,0.5705304740678835,-1.3945734468752409,0.3789378053353366,7637.868,7626.012,-0.47587015470869926,75.0,0.3697938959942802,89.75200000000001,0,1,Late,Top5,VeryFast,False,False,False,False,False,False,True,False,False,False,False,False,False,False,False,False,False,False,False,False,False,False,True,False,False,False,False,False,False,True,91.41528740267448
0 days 01:21:52.904000,77,93.228,-0.7812505965649501,1.0,,,29.765,-0.3841515197496032,25.62,0 days 01:20:49.496000,0 days 01:21:27.339000,0 days 01:21:52.959000,286.0,253.0,246.0,289.0,False,15.0,True,Kick Sauber,0 days 01:20:19.676000,2024-07-07 14:25:16.705,1,17.0,False,,False,True,BOT,16.0,15.0,Lapped,-0.9216925818230712,0.4547234997360135,0.9676737668393547,0.3441103239229902,0.5965102646745625,4819.676,4805.646,1.160959084332437,59.0,0.2508311740970202,93.22800000000001,0,0,Early,Backmarker,Fast,False,True,False,False,False,False,False,False,False,False,False,False,False,False,False,False,False,False,False,False,False,True,False,False,False,False,False,False,True,False,92.08563284877631
0 days 01:37:30.031000,18,95.351,-0.09546490412485154,1.0,,,29.9,-0.03051009468633418,26.73,0 days 01:36:24.639000,0 days 01:37:03.360000,0 days 01:37:30.090000,295.0,254.0,239.0,299.0,False,25.0,True,Aston Martin,0 days 01:35:54.680000,2024-07-07 14:40:51.709,1,9.0,False,,False,True,STR,8.0,7.0,Finished,-0.4915154700660682,0.12991406671470193,0.30194988239372295,0.8003631508584034,-0.09608354011610315,5754.68,5705.725,-0.7486750278822236,68.0,-0.7801790823459103,95.351,0,0,Mid,Top10,Medium,False,False,False,False,False,False,False,False,False,False,False,False,False,False,True,False,False,False,True,False,False,False,False,False,False,False,False,False,True,False,93.9680769161329
0 days 01:55:16.294000,31,105.511,0.5217422190712372,4.0,,,32.936,1.9197538918243313,29.012,0 days 01:54:03.784000,0 days 01:54:47.347000,0 days 01:55:16.359000,282.0,240.0,226.0,285.0,False,8.0,True,Alpine,0 days 01:53:30.783000,2024-07-07 14:58:27.812,1,17.0,False,,False,True,OCO,18.0,16.0,Lapped,-1.5669582494585759,-1.2563630115100832,-0.9501105382481371,2.148304358149615,-2.128149040477549,6810.783,6785.879,-1.430687210816031,76.0,-1.0577587667728525,105.511,0,0,Mid,Backmarker,Slow,False,False,False,False,False,False,False,True,False,False,False,False,False,False,False,False,False,False,False,False,False,False,False,False,False,False,False,True,False,False,105.93971983083131
0 days 01:25:56.126000,63,96.365,-0.5755148888329206,1.0,,,30.185,-0.4292629543818209,28.449,0 days 01:24:50.001000,0 days 01:25:27.732000,0 days 01:25:56.181000,293.0,255.0,217.0,302.0,False,18.0,True,Mercedes,0 days 01:24:19.761000,2024-07-07 14:29:16.790,1,2.0,False,,False,True,RUS,1.0,,Retired,-0.2764269141875667,-0.05323505296023158,-0.1454308199480357,-0.06129619911727737,1.0710546549970812,5059.761,5045.641,1.160959084332437,61.0,0.13186845219975876,96.365,0,0,Mid,Top5,Medium,False,False,False,False,False,False,False,False,False,False,False,True,False,False,False,False,False,False,False,False,False,False,False,True,False,False,False,False,True,False,96.52059344234189
0 days 01:28:55.771000,24,106.313,-0.5069363195889107,2.0,,0 days 01:28:49.813000,37.038,1.2970549816331947,27.258,0 days 01:27:46.553000,0 days 01:28:28.570000,0 days 01:28:55.828000,277.0,238.0,,292.0,False,7.0,True,Kick Sauber,0 days 01:27:09.458000,2024-07-07 14:32:06.487,1,19.0,False,,False,False,ZHO,14.0,18.0,Lapped,-0.8141483038838205,-1.7655397407374405,-1.979457635958577,1.25765253888848,-1.4432870085596017,5229.458,5225.66,0.7517517745721518,64.0,-0.4232909166541274,106.313,0,0,Mid,Midfield,Slow,False,False,False,False,False,False,False,False,False,False,False,False,False,False,False,False,False,True,False,False,False,True,False,False,False,False,False,False,True,False,105.22110816141
0 days 02:19:19.437000,4,90.769,1.6875778962194048,3.0,,,29.324,-0.8944746240265582,24.869,0 days 02:18:18.053000,0 days 02:18:54.629000,0 days 02:19:19.498000,296.0,261.0,251.0,301.0,False,14.0,False,McLaren,0 days 02:17:48.668000,2024-07-07 15:22:45.697,1,3.0,False,,False,True,NOR,3.0,3.0,Finished,0.36883875344793793,0.8883095542935355,0.5191206850817597,-1.5100182403121738,0.1545086085923276,8268.668,8226.085,0.206142028225108,69.0,0.5680650991563821,90.769,0,1,Late,Top5,VeryFast,False,False,False,False,False,False,True,False,False,False,False,False,False,False,False,False,False,False,False,False,False,False,True,False,False,False,False,False,False,True,92.0935438121106
0 days 01:12:29.134000,31,93.898,-1.1927220120290094,1.0,,,30.112,-0.34870682111000667,25.855,0 days 01:11:25.413000,0 days 01:12:03.344000,0 days 01:12:29.199000,282.0,254.0,243.0,286.0,False,9.0,True,Alpine,0 days 01:10:55.236000,2024-07-07 14:15:52.265,1,17.0,False,,False,True,OCO,18.0,16.0,Lapped,-1.1367811377015729,0.28835948341231044,1.2039655159048135,0.3214105410157404,-0.23289849549047276,4255.236,4205.552,1.160959084332437,61.0,0.8456447835833258,93.898,0,0,Early,Backmarker,Medium,False,False,False,False,False,False,False,True,False,False,False,False,False,False,False,False,False,False,False,False,False,False,False,False,False,False,False,False,False,True,92.6723907176827
0 days 01:10:46.954000,22,92.623,-1.2613005812730191,1.0,,,29.529,-0.38898488774591233,25.263,0 days 01:09:43.920000,0 days 01:10:21.751000,0 days 01:10:47.014000,318.0,259.0,245.0,327.0,False,8.0,True,RB,0 days 01:09:14.331000,2024-07-07 14:14:11.360,1,11.0,False,,False,True,TSU,13.0,10.0,Finished,2.3046357563544517,0.6204068184094564,0.148024574922076,-0.18009303249271547,0.45268389915014884,4154.331,4145.541,1.0245566477456738,60.0,0.805990542950905,92.623,0,0,Early,Midfield,Fast,False,False,False,False,False,False,False,False,False,False,False,False,False,False,False,True,False,False,False,False,False,False,False,False,True,False,False,False,True,False,93.78265200608054
0 days 02:17:09.263000,18,89.969,1.550420757731385,3.0,,,29.01,-0.9790585639619653,24.593,0 days 02:16:08.363000,0 days 02:16:44.729000,0 days 02:17:09.322000,297.0,262.0,251.0,302.0,False,10.0,True,Aston Martin,0 days 02:15:39.294000,2024-07-07 15:20:36.323,1,7.0,False,,False,True,STR,8.0,7.0,Finished,-0.06133835830906515,1.0390326628989028,1.1350396883083576,-1.3878832560898442,0.5356513359502769,8139.294,8106.055,0.06973959163834459,72.0,0.4887566178915416,89.96900000000001,0,0,Late,Top10,VeryFast,False,False,False,False,False,False,False,False,False,False,False,False,False,False,True,False,False,False,True,False,False,False,False,False,False,False,False,False,True,False,89.14207738402094
0 days 01:04:37.380000,2,93.11,-1.5356148582490585,1.0,,,29.717,-0.29674811514968347,25.333,0 days 01:03:34.061000,0 days 01:04:12.121000,0 days 01:04:37.454000,310.0,257.0,245.0,323.0,True,4.0,True,Williams,0 days 01:03:04.270000,2024-07-07 14:08:01.299,1,13.0,False,,False,True,SAR,12.0,11.0,Finished,1.8744586445974487,0.5461839140674002,-0.014646532938889135,0.2720868815828676,-0.013962012011490344,3784.27,3725.493,0.8881542111589152,61.0,0.13186845219975876,93.11,0,0,Early,Midfield,Fast,False,False,False,False,False,False,False,False,False,False,False,False,False,True,False,False,False,False,False,False,False,False,False,False,False,False,True,False,True,False,93.36630467646314
0 days 01:29:42.168000,23,96.53,-0.4383577503449008,1.0,,,31.395,-0.06957981932316257,26.511,0 days 01:28:37.033000,0 days 01:29:15.657000,0 days 01:29:42.168000,293.0,253.0,245.0,306.0,False,20.0,True,Williams,0 days 01:28:05.638000,2024-07-07 14:33:02.667,1,11.0,False,,False,True,ALB,9.0,9.0,Finished,0.2612944755086871,-0.12706776862662347,-0.8250590868056156,0.8049795918661836,0.3043843988952693,5285.638,5225.66,0.7517517745721518,64.0,-0.4232909166541274,96.53,0,0,Mid,Top10,Medium,False,False,False,False,False,False,False,False,False,False,False,False,False,False,False,False,False,False,False,False,False,False,False,False,False,False,True,False,True,False,95.84937940399531
0 days 02:22:02.106000,22,92.09,1.7561564654634148,3.0,,,29.552,-0.7426263128091842,25.585,0 days 02:20:59.628000,0 days 02:21:36.581000,0 days 02:22:02.166000,298.0,260.0,249.0,298.0,False,14.0,True,RB,0 days 02:20:30.016000,2024-07-07 15:25:27.045,1,10.0,False,,False,True,TSU,13.0,10.0,Finished,-0.2764269141875667,0.7290614360842929,0.150112912369562,-1.6279914037308054,0.6723995025282421,8430.016,8406.092,0.206142028225108,69.0,0.4887566178915416,92.09,0,0,Late,Midfield,VeryFast,False,False,False,False,False,False,False,False,False,False,False,False,False,False,False,True,False,False,False,False,False,False,False,False,True,False,False,False,False,True,94.50193533199273
0 days 01:12:18.640000,14,92.579,-1.1927220120290094,1.0,,,29.634,-0.5158607976490244,25.429,0 days 01:11:15.787000,0 days 01:11:53.303000,0 days 01:12:18.732000,297.0,256.0,245.0,301.0,False,9.0,True,Aston Martin,0 days 01:10:46.061000,2024-07-07 14:15:43.090,1,10.0,False,,False,True,ALO,10.0,8.0,Finished,-0.2764269141875667,0.5433483043454699,0.24285381676629508,-0.10599810033587033,0.12263788054212009,4246.061,4205.552,1.160959084332437,61.0,0.8456447835833258,92.57900000000001,0,0,Early,Top10,Fast,True,False,False,False,False,False,False,False,False,False,False,False,False,False,False,False,False,False,True,False,False,False,False,False,False,False,False,False,True,False,92.69392127734517
0 days 01:40:23.109000,4,104.806,0.041692234363168185,1.0,,0 days 01:40:17.147000,32.069,2.5215082073647963,27.68,0 days 01:39:10.433000,0 days 01:39:55.490000,0 days 01:40:23.170000,289.0,246.0,,302.0,False,27.0,True,McLaren,0 days 01:38:38.303000,2024-07-07 14:43:35.332,1,1.0,False,,False,False,NOR,3.0,3.0,Finished,-0.38397119212681746,-1.5555204075815932,-1.8827991468937832,1.810659331358158,-0.48984922301181005,5918.303,5885.749,-0.7486750278822236,68.0,-0.9784502855080122,104.80600000000001,0,1,Mid,Top5,Slow,False,False,False,False,False,False,True,False,False,False,False,False,False,False,False,False,False,False,False,False,False,False,True,False,False,False,False,False,True,False,103.05417844646804
0 days 01:33:53.755000,44,91.107,-0.23262204261287125,1.0,,,29.369,-0.7986128254330975,24.924,0 days 01:32:52.045000,0 days 01:33:28.859000,0 days 01:33:53.783000,297.0,259.0,249.0,305.0,False,23.0,True,Mercedes,0 days 01:32:22.648000,2024-07-07 14:37:19.677,1,3.0,False,,False,True,HAM,2.0,1.0,Finished,0.04620591963018562,0.9017012185194727,1.091842798073305,-0.4727052221968659,1.8311083815912388,5542.648,5525.714,-0.6122725912954626,68.0,-0.7801790823459103,91.107,1,1,Mid,Top5,VeryFast,False,False,True,False,False,False,False,False,False,False,False,False,False,False,False,False,False,False,False,False,False,False,False,True,False,False,False,False,True,False,91.28041574800667
0 days 01:51:07.421000,63,106.221,0.45316364982722734,2.0,,0 days 01:50:59.953000,32.329,1.2237489003558413,32.057,0 days 01:49:53.584000,0 days 01:50:35.419000,0 days 01:51:07.476000,293.0,240.0,,262.0,False,6.0,True,Mercedes,0 days 01:49:21.200000,2024-07-07 14:54:18.229,1,4.0,False,,False,False,RUS,1.0,,Retired,-1.029236859762322,-1.820335183119738,-2.819814772633873,-0.9428514284318605,-1.7322334614673025,6561.2,6545.813,-1.5670896474027918,73.0,-1.2956842105673754,106.221,0,0,Mid,Top5,Slow,False,False,False,False,False,False,False,False,False,False,False,True,False,False,False,False,False,False,False,False,False,False,False,True,False,False,False,True,False,False,112.48764899258187
0 days 01:26:38.444000,77,96.075,-0.5755148888329206,1.0,,,30.607,-0.17913616057283444,27.116,0 days 01:25:33.031000,0 days 01:26:11.383000,0 days 01:26:38.499000,283.0,250.0,236.0,293.0,False,18.0,True,Kick Sauber,0 days 01:25:02.369000,2024-07-07 14:29:59.398,1,17.0,False,,False,True,BOT,16.0,15.0,Lapped,-0.599059748005319,0.030369041863406603,0.12936366047383374,0.7535031126835339,0.06766936846501766,5102.369,5045.641,1.160959084332437,61.0,0.13186845219975876,96.075,0,0,Mid,Backmarker,Medium,False,True,False,False,False,False,False,False,False,False,False,False,False,False,False,False,False,False,False,False,False,True,False,False,False,False,False,False,True,False,96.29941393179077
0 days 01:02:53.671000,63,91.298,-1.6041934274930685,1.0,,,29.299,-0.7978072641003784,25.183,0 days 01:01:51.727000,0 days 01:02:28.543000,0 days 01:02:53.726000,295.0,257.0,245.0,290.0,True,3.0,True,Mercedes,0 days 01:01:22.373000,2024-07-07 14:06:19.402,1,1.0,False,,False,True,RUS,1.0,,Retired,-0.38397119212681746,0.6626683736210829,0.8280442492664545,-0.7464277635859762,1.184862084285925,3682.373,3665.476,0.8881542111589152,62.0,3.5817873872203316,91.298,0,0,Early,Top5,Fast,False,False,False,False,False,False,False,False,False,False,False,True,False,False,False,False,False,False,False,False,False,False,False,True,False,False,False,False,True,False,91.52685267859816
0 days 02:06:50.046000,23,90.458,1.070370773023316,3.0,,,28.921,-0.8276130334109523,24.795,0 days 02:05:48.509000,0 days 02:06:25.251000,0 days 02:06:50.046000,310.0,240.0,252.0,316.0,True,4.0,True,Williams,0 days 02:05:19.588000,2024-07-07 15:10:16.617,1,10.0,False,,False,True,ALB,9.0,9.0,Finished,1.229192976961944,0.8903395588280099,0.2172937933913496,0.13319852087802514,0.25153795483504815,7519.588,7505.955,-0.47587015470869926,75.0,0.29048541472943973,90.458,0,0,Late,Top10,VeryFast,False,False,False,False,False,False,False,False,False,False,False,False,False,False,False,False,False,False,False,False,False,False,False,False,False,False,True,False,True,False,90.91590294938779
0 days 02:07:31.466000,81,89.286,1.138949342267326,3.0,,,29.072,-1.2235464284419264,24.455,0 days 02:06:31.334000,0 days 02:07:07.093000,0 days 02:07:31.548000,296.0,262.0,251.0,299.0,True,5.0,True,McLaren,0 days 02:06:02.180000,2024-07-07 15:10:59.209,1,4.0,False,,False,True,PIA,5.0,4.0,Finished,0.1537501975694364,1.062303184438519,0.8571306160360092,-1.8880403656059437,0.9705294528020554,7562.18,7505.955,-0.47587015470869926,75.0,0.29048541472943973,89.286,0,0,Late,Top5,VeryFast,False,False,False,False,False,False,False,False,False,True,False,False,False,False,False,False,False,False,False,False,False,False,True,False,False,False,False,False,True,False,89.76094508581907
0 days 02:06:49.414000,22,90.319,1.070370773023316,3.0,,,28.893,-0.9403916199914922,24.964,0 days 02:05:48.048000,0 days 02:06:24.510000,0 days 02:06:49.474000,296.0,261.0,251.0,298.0,True,4.0,True,RB,0 days 02:05:19.095000,2024-07-07 15:10:16.124,1,9.0,False,,False,True,TSU,13.0,10.0,Finished,-0.38397119212681746,0.9285184280389508,1.0379273405253273,-0.9714269079278207,0.6848886921659548,7519.095,7505.955,-0.47587015470869926,75.0,0.29048541472943973,90.319,0,0,Late,Midfield,VeryFast,False,False,False,False,False,False,False,False,False,False,False,False,False,False,False,True,False,False,False,False,False,False,False,False,True,False,False,False,False,True,90.36926704173028
0 days 01:34:21.210000,22,93.106,-0.23262204261287125,1.0,,,29.934,-0.5029718163255323,25.624,0 days 01:33:18.098000,0 days 01:33:55.646000,0 days 01:34:21.270000,299.0,256.0,248.0,304.0,False,23.0,True,RB,0 days 01:32:48.104000,2024-07-07 14:37:45.133,1,10.0,False,,False,True,TSU,13.0,10.0,Finished,-0.06133835830906515,0.5070164488078809,0.5033672708360204,-0.17277501450191565,0.3389384789347545,5568.104,5525.714,-0.6122725912954626,68.0,-0.7801790823459103,93.106,0,0,Mid,Midfield,Fast,False,False,False,False,False,False,False,False,False,False,False,False,False,False,False,True,False,False,False,False,False,False,False,False,True,False,False,False,True,False,93.46240392521098
0 days 01:46:46.078000,3,103.298,0.24742794209519775,2.0,,,32.445,1.133928811757767,29.241,0 days 01:45:35.307000,0 days 01:46:16.919000,0 days 01:46:46.160000,292.0,238.0,222.0,295.0,False,4.0,True,RB,0 days 01:45:02.780000,2024-07-07 14:49:59.809,1,14.0,False,,False,True,RIC,15.0,13.0,Lapped,-0.8141483038838205,-1.027709064116138,-0.9160289626526971,0.8023718312969028,-0.6062056321699457,6302.78,6245.797,-1.0214799010557456,70.0,-1.2956842105673754,103.298,0,0,Mid,Midfield,Slow,False,False,False,False,False,False,False,False,False,False,True,False,False,False,False,False,False,False,False,False,False,False,False,False,True,False,False,True,False,False,101.96499196974939
0 days 01:50:35.809000,77,105.199,0.3845850805832175,2.0,,,32.618,1.5451678721103876,29.948,0 days 01:49:23.283000,0 days 01:50:05.916000,0 days 01:50:35.864000,281.0,239.0,217.0,285.0,False,6.0,True,Kick Sauber,0 days 01:48:50.610000,2024-07-07 14:53:47.639,1,15.0,False,,False,True,BOT,16.0,15.0,Lapped,-1.6745025273978267,-1.2731983671043516,-0.9219831836934358,1.3023648176793337,-1.667846515501318,6530.61,6485.796,-1.430687210816031,73.0,-1.2956842105673754,105.19900000000001,0,0,Mid,Backmarker,Slow,False,True,False,False,False,False,False,False,False,False,False,False,False,False,False,False,False,False,False,False,False,True,False,False,False,False,False,True,False,False,104.4931391520249
0 days 01:04:25.470000,63,91.799,-1.5356148582490585,1.0,,,29.507,-0.6407228042203371,25.086,0 days 01:03:23.233000,0 days 01:04:00.439000,0 days 01:04:25.525000,291.0,256.0,245.0,292.0,False,4.0,True,Mercedes,0 days 01:02:53.671000,2024-07-07 14:07:50.700,1,1.0,False,,False,True,RUS,1.0,,Retired,-0.599059748005319,0.70239158774486,1.2219494034960123,-2.6458435139209437,1.3635633688153892,3773.671,3725.493,0.8881542111589152,61.0,0.13186845219975876,91.799,0,0,Early,Top5,VeryFast,False,False,False,False,False,False,False,False,False,False,False,True,False,False,False,False,False,False,False,False,False,False,False,True,False,False,False,False,True,False,89.74893654508709
0 days 01:15:13.438000,81,91.855,-1.0555648735409895,1.0,,,29.307,-0.5795001429337594,25.19,0 days 01:14:10.972000,0 days 01:14:48.330000,0 days 01:15:13.520000,312.0,262.0,247.0,315.0,False,11.0,True,McLaren,0 days 01:13:41.583000,2024-07-07 14:18:38.612,1,5.0,False,,False,True,PIA,5.0,4.0,Finished,1.5518258107796963,0.8606098108687262,0.4065417176018399,-1.104212658448904,1.1496497587218708,4421.583,4385.545,1.5701663940927224,62.0,0.647373580421224,91.85499999999999,0,0,Early,Top5,VeryFast,False,False,False,False,False,False,False,False,False,True,False,False,False,False,False,False,False,False,False,False,False,False,True,False,False,False,False,False,True,False,91.49018431007842
0 days 01:20:19.676000,77,93.156,-0.84982916580896,1.0,,,29.676,-0.21860866587602382,25.226,0 days 01:19:16.251000,0 days 01:19:54.505000,0 days 01:20:19.731000,305.0,259.0,246.0,322.0,True,14.0,True,Kick Sauber,0 days 01:18:46.520000,2024-07-07 14:23:43.549,1,17.0,False,,False,True,BOT,16.0,15.0,Lapped,1.8744586445974487,0.46610716159046545,0.35252760038756864,1.0951362949252363,-0.04703284409757162,4726.52,4685.594,1.2973615209192007,59.0,0.3301396553618607,93.15599999999999,0,0,Early,Backmarker,Fast,False,True,False,False,False,False,False,False,False,False,False,False,False,False,False,False,False,False,False,False,False,True,False,False,False,False,False,False,True,False,95.20118571083438
0 days 02:20:14.950000,14,90.592,1.6875778962194048,3.0,,,29.12,-0.8884329140311719,24.881,0 days 02:19:13.570000,0 days 02:19:50.161000,0 days 02:20:15.042000,290.0,262.0,252.0,297.0,False,13.0,True,Aston Martin,0 days 02:18:44.358000,2024-07-07 15:23:41.387,1,8.0,False,,False,True,ALO,10.0,8.0,Finished,-0.38397119212681746,0.88675195227635,-0.036235463027737475,-1.827021297251682,-0.02294093039998842,8324.358,8286.09,0.34254446481186895,69.0,0.6077193397888031,90.592,0,0,Late,Top10,VeryFast,True,False,False,False,False,False,False,False,False,False,False,False,False,False,False,False,False,False,True,False,False,False,False,False,False,False,False,False,True,False,94.4195831364361
0 days 01:54:58.194000,27,104.042,0.590320788315247,2.0,,,32.661,1.62733512804764,28.544,0 days 01:53:46.853000,0 days 01:54:29.690000,0 days 01:54:58.234000,289.0,244.0,225.0,295.0,False,9.0,True,Haas F1 Team,0 days 01:53:14.152000,2024-07-07 14:58:11.181,1,6.0,False,,False,True,HUL,6.0,6.0,Finished,-0.599059748005319,-1.0992395110561002,-1.2275913310615763,0.6487363248896688,-1.0537887552160865,6794.152,6785.879,-1.430687210816031,76.0,-1.0577587667728525,104.042,0,0,Late,Top10,Slow,False,False,False,True,False,False,False,False,False,False,False,False,False,False,False,False,False,False,False,False,True,False,False,False,False,False,False,True,False,False,103.54290149283918
0 days 02:19:12.657000,44,89.743,1.6875778962194048,3.0,,,29.128,-1.1143928678586155,24.585,0 days 02:18:12.070000,0 days 02:18:48.100000,0 days 02:19:12.685000,293.0,264.0,251.0,298.0,False,14.0,False,Mercedes,0 days 02:17:42.914000,2024-07-07 15:22:39.943,1,1.0,False,,False,True,HAM,2.0,1.0,Finished,0.36883875344793793,1.1168639343526054,1.6036894673672877,-1.6260540480499783,0.7640379538534353,8262.914,8226.085,0.206142028225108,69.0,0.5680650991563821,89.743,1,1,Late,Top5,VeryFast,False,False,True,False,False,False,False,False,False,False,False,False,False,False,False,False,False,False,False,False,False,False,False,True,False,False,False,False,False,True,90.04369882057536
0 days 02:10:41.853000,55,89.589,1.2761064807553457,3.0,,,29.004,-1.1139900871922572,24.554,0 days 02:09:41.308000,0 days 02:10:17.339000,0 days 02:10:41.893000,289.0,264.0,252.0,301.0,True,6.0,True,Ferrari,0 days 02:09:12.264000,2024-07-07 15:14:09.293,1,5.0,False,,False,True,SAI,7.0,5.0,Finished,0.36883875344793793,1.1172151949115257,1.645564207242035,-0.7016952421254844,0.07386653092679878,7752.264,7746.012,-0.3394677181219383,73.0,0.21117693346459926,89.589,0,0,Late,Top10,VeryFast,False,False,False,False,False,False,False,False,False,False,False,False,True,False,False,False,False,False,False,True,False,False,False,False,False,False,False,False,False,False,91.49281220778596
0 days 01:13:39.367000,1,91.661,-1.1241434427849994,1.0,,,29.557,-0.7704181787879618,25.22,0 days 01:12:37.318000,0 days 01:13:14.202000,0 days 01:13:39.422000,296.0,257.0,246.0,297.0,True,10.0,True,Red Bull Racing,0 days 01:12:07.706000,2024-07-07 14:17:04.735,1,3.0,False,,False,True,VER,4.0,2.0,Finished,-0.599059748005319,0.624680380684176,0.566962800467316,-0.7356491437276298,0.721571135957866,4327.706,4325.535,1.5701663940927224,61.0,0.6870278210536436,91.661,0,1,Early,Top5,Fast,False,False,False,False,False,False,False,False,False,False,False,False,False,False,False,False,True,False,False,False,False,False,False,False,False,True,False,False,True,False,91.7874805105478
0 days 01:24:24.038000,4,94.304,-0.6440934580769304,1.0,,,29.606,-0.7015426848405595,27.643,0 days 01:23:19.401000,0 days 01:23:56.456000,0 days 01:24:24.099000,291.0,257.0,244.0,300.0,False,17.0,True,McLaren,0 days 01:22:49.734000,2024-07-07 14:27:46.763,1,3.0,False,,False,True,NOR,3.0,3.0,Finished,0.1537501975694364,0.2621181571889251,0.22299170724889825,-0.8528378140004726,-0.238181333792701,4969.734,4925.627,1.160959084332437,60.0,0.13186845219975876,94.304,0,1,Early,Top5,Medium,False,False,False,False,False,False,True,False,False,False,False,False,False,False,False,False,False,False,False,False,False,False,True,False,False,False,False,False,True,False,93.27625741820955
0 days 01:49:08.536000,4,102.216,0.3845850805832175,2.0,,,32.262,0.9164272519238643,28.882,0 days 01:47:58.643000,0 days 01:48:39.715000,0 days 01:49:08.597000,293.0,244.0,218.0,297.0,False,5.0,True,McLaren,0 days 01:47:26.320000,2024-07-07 14:52:23.349,1,1.0,False,,False,True,NOR,3.0,3.0,Finished,-0.599059748005319,-0.82285003257061,-0.9780367518942128,0.09734513453065952,-0.46126226700731204,6446.32,6425.794,-1.29428477422927,73.0,-1.2956842105673754,102.21600000000001,0,1,Mid,Top5,Medium,False,False,False,False,False,False,True,False,False,False,False,False,False,False,False,False,False,False,False,False,False,False,True,False,False,False,False,True,False,False,100.684512103528
0 days 01:01:35.402000,77,95.368,-1.6727719967370784,1.0,,,30.06,0.1600051605015129,26.114,0 days 01:00:30.149000,0 days 01:01:09.343000,0 days 01:01:35.457000,311.0,252.0,245.0,299.0,True,2.0,True,Kick Sauber,0 days 01:00:00.034000,2024-07-07 14:04:57.063,1,18.0,False,,False,True,BOT,16.0,15.0,Lapped,0.6914715872656902,0.08817678338764716,0.2328196804860961,1.4425558209828346,-0.6686499618747102,3600.034,3545.476,0.7517517745721518,63.0,3.5817873872203316,95.36800000000001,0,0,Early,Backmarker,Medium,False,True,False,False,False,False,False,False,False,False,False,False,False,False,False,False,False,False,False,False,False,True,False,False,False,False,False,False,True,False,95.70341044926685
0 days 01:10:51.826000,3,93.095,-1.2613005812730191,1.0,,,29.786,-0.425637928384589,25.569,0 days 01:09:48.599000,0 days 01:10:26.339000,0 days 01:10:51.908000,294.0,254.0,244.0,301.0,False,8.0,True,RB,0 days 01:09:18.731000,2024-07-07 14:14:15.760,1,14.0,False,,False,True,RIC,15.0,13.0,Lapped,-0.2764269141875667,0.534318670546286,0.39051528830519994,-0.8787023928286838,0.9809135005291495,4158.731,4145.541,1.0245566477456738,60.0,0.805990542950905,93.09500000000001,0,0,Early,Midfield,Fast,False,False,False,False,False,False,False,False,False,False,True,False,False,False,False,False,False,False,False,False,False,False,False,False,True,False,False,False,True,False,92.44197025823662
0 days 01:27:09.458000,24,99.637,-0.5755148888329206,2.0,,,32.577,0.22968621578163154,27.693,0 days 01:26:02.455000,0 days 01:26:41.822000,0 days 01:27:09.515000,278.0,248.0,229.0,291.0,False,6.0,True,Kick Sauber,0 days 01:25:29.821000,2024-07-07 14:30:26.850,1,19.0,False,,False,True,ZHO,14.0,18.0,Lapped,-0.7066040259445697,-0.46341506350148076,-0.702981231754509,0.2650630638691226,-0.3382442379402616,5129.821,5105.652,1.2973615209192007,60.0,-0.02674851032992359,99.63699999999999,0,0,Mid,Midfield,Medium,False,False,False,False,False,False,False,False,False,False,False,False,False,False,False,False,False,True,False,False,False,True,False,False,False,False,False,False,True,False,98.70063055834581
0 days 01:21:32.347000,27,92.672,-0.7812505965649501,1.0,,,29.6,-0.4481936457006993,25.388,0 days 01:20:29.315000,0 days 01:21:06.999000,0 days 01:21:32.387000,311.0,260.0,247.0,318.0,False,15.0,True,Haas F1 Team,0 days 01:19:59.675000,2024-07-07 14:24:56.704,1,9.0,False,,False,True,HUL,6.0,6.0,Finished,1.4442815328404455,0.5464980452757278,0.10164255718941947,0.7296512047476501,0.5536949921386484,4799.675,4745.599,1.160959084332437,60.0,0.2508311740970202,92.672,0,0,Early,Top10,Fast,False,False,False,True,False,False,False,False,False,False,False,False,False,False,False,False,False,False,False,False,True,False,False,False,False,False,False,False,True,False,93.87234340278933
0 days 01:53:42.844000,2,106.095,0.5217422190712372,2.0,,,33.583,1.774350071268702,29.31,0 days 01:52:30.406000,0 days 01:53:13.608000,0 days 01:53:42.918000,283.0,234.0,213.0,295.0,False,7.0,True,Williams,0 days 01:51:56.749000,2024-07-07 14:56:53.778,1,12.0,False,,False,True,SAR,12.0,11.0,Finished,-0.7066040259445697,-1.390367690296418,-2.0291883145212775,0.23330747459639822,-1.1625053321804677,6716.749,6665.852,-1.430687210816031,75.0,-1.176721488670114,106.095,0,0,Mid,Midfield,Slow,False,False,False,False,False,False,False,False,False,False,False,False,False,True,False,False,False,False,False,False,False,False,False,False,False,False,True,True,False,False,105.9205497739525
0 days 02:19:17.926000,3,94.15,1.618999326975395,3.0,,,29.532,0.16040794116787105,25.423,0 days 02:18:13.390000,0 days 02:18:52.585000,0 days 02:19:18.008000,293.0,257.0,248.0,301.0,False,13.0,True,RB,0 days 02:17:43.776000,2024-07-07 15:22:40.805,1,13.0,False,,False,True,RIC,15.0,13.0,Lapped,-0.2764269141875667,0.25923550677878116,0.006058734461824723,-0.9040369597956612,0.4067196399425454,8263.776,8226.085,0.206142028225108,69.0,0.5680650991563821,94.15,0,0,Late,Midfield,Medium,False,False,False,False,False,False,False,False,False,False,True,False,False,False,False,False,False,False,False,False,False,False,False,False,True,False,False,False,False,True,95.46703896181172
0 days 01:16:38.582000,63,91.619,-0.9869863042969798,1.0,,,29.443,-0.7482652421382125,25.237,0 days 01:15:36.461000,0 days 01:16:13.400000,0 days 01:16:38.637000,296.0,258.0,245.0,300.0,False,12.0,True,Mercedes,0 days 01:15:06.963000,2024-07-07 14:20:03.992,1,1.0,False,,False,True,RUS,1.0,,Retired,-0.38397119212681746,0.5762624568309,0.8694661848572602,-1.4814117409730778,1.576556833055507,4506.963,4505.547,1.433763957505959,59.0,0.5284108585239625,91.619,0,0,Early,Top5,Fast,False,False,False,False,False,False,False,False,False,False,False,True,False,False,False,False,False,False,False,False,False,False,False,True,False,False,False,False,True,False,91.42227188281268
0 days 01:10:33.760000,44,91.76,-1.2613005812730191,1.0,,,29.475,-0.6427367075521335,25.084,0 days 01:09:31.503000,0 days 01:10:08.704000,0 days 01:10:33.788000,296.0,257.0,245.0,298.0,False,8.0,True,Mercedes,0 days 01:09:02,2024-07-07 14:13:59.029,1,2.0,False,,False,True,HAM,2.0,1.0,Finished,-0.38397119212681746,0.5707679441599854,0.863878668533378,-0.7556740557558055,0.4876138772851564,4142.0,4085.539,1.0245566477456738,60.0,0.7266820616860644,91.76,1,1,Early,Top5,Fast,False,False,True,False,False,False,False,False,False,False,False,False,False,False,False,False,False,False,False,False,False,False,False,True,False,False,False,False,True,False,92.45134812036471
0 days 01:50:03.877000,23,104.304,0.3845850805832175,2.0,,,32.626,1.340555293599974,29.553,0 days 01:48:52.199000,0 days 01:49:34.324000,0 days 01:50:03.877000,287.0,240.0,215.0,302.0,False,5.0,True,Williams,0 days 01:48:19.573000,2024-07-07 14:53:16.602,1,11.0,False,,False,True,ALB,9.0,9.0,Finished,-0.16888263624831593,-1.1924692978097675,-2.2553287790881114,1.291815282712928,-1.0909418622046616,6499.573,6485.796,-1.430687210816031,73.0,-1.2956842105673754,104.304,0,0,Mid,Top10,Slow,False,False,False,False,False,False,False,False,False,False,False,False,False,False,False,False,False,False,False,False,False,False,False,False,False,False,True,True,False,False,105.05422897726774
0 days 01:15:23.929000,14,92.548,-1.0555648735409895,1.0,,,29.557,-0.4751799503467577,25.374,0 days 01:14:21.030000,0 days 01:14:58.647000,0 days 01:15:24.021000,299.0,257.0,246.0,303.0,False,11.0,True,Aston Martin,0 days 01:13:51.381000,2024-07-07 14:18:48.410,1,10.0,False,,False,True,ALO,10.0,8.0,Finished,-0.06133835830906515,0.3162219378190975,0.13816966167358533,-0.6240364710775311,0.1337591155172962,4431.381,4385.545,1.5701663940927224,62.0,0.647373580421224,92.54799999999999,0,0,Early,Top10,Medium,True,False,False,False,False,False,False,False,False,False,False,False,False,False,False,False,False,False,True,False,False,False,False,False,False,False,False,False,True,False,93.25812187035305
0 days 01:25:02.369000,77,95.498,-0.6440934580769304,1.0,,,29.995,-0.25244224185018493,27.333,0 days 01:23:56.921000,0 days 01:24:35.091000,0 days 01:25:02.424000,282.0,252.0,231.0,291.0,False,17.0,True,Kick Sauber,0 days 01:23:26.871000,2024-07-07 14:28:23.900,1,17.0,False,,False,True,BOT,16.0,15.0,Lapped,-1.029236859762322,0.19711477748046663,0.6383699671972806,1.0031364318658929,0.2526893057717201,5006.871,4985.646,1.0245566477456738,62.0,0.13186845219975876,95.498,0,0,Early,Backmarker,Medium,False,True,False,False,False,False,False,False,False,False,False,False,False,False,False,False,False,False,False,False,False,True,False,False,False,False,False,False,True,False,93.9712422910692
0 days 02:20:30.016000,22,91.529,1.6875778962194048,3.0,,,29.524,-0.7526958294681635,25.077,0 days 02:19:28.071000,0 days 02:20:04.999000,0 days 02:20:30.076000,297.0,261.0,250.0,299.0,False,13.0,True,RB,0 days 02:18:58.487000,2024-07-07 15:23:55.516,1,10.0,False,,False,True,TSU,13.0,10.0,Finished,-0.2764269141875667,0.7147639959046047,0.6874966554622363,-0.6882625247072256,0.6388092657597505,8338.487,8286.09,0.34254446481186895,69.0,0.6077193397888031,91.529,0,0,Late,Midfield,VeryFast,False,False,False,False,False,False,False,False,False,False,False,False,False,False,False,True,False,False,False,False,False,False,False,False,True,False,False,False,False,True,92.23814620837808
0 days 01:59:38.751000,55,98.37,0.7960564960472767,2.0,,,31.076,0.5277439088873512,27.187,0 days 01:58:31.497000,0 days 01:59:11.604000,0 days 01:59:38.791000,289.0,248.0,238.0,296.0,False,12.0,True,Ferrari,0 days 01:58:00.381000,2024-07-07 15:02:57.410,1,5.0,False,,False,True,SAI,7.0,5.0,Finished,-0.4915154700660682,-0.30209143393318855,0.3894943998439524,-0.6691195847278931,-0.12149076255800775,7080.381,7025.895,-1.430687210816031,78.0,-0.5819078791838084,98.36999999999999,0,0,Late,Top10,Medium,False,False,False,False,False,False,False,False,False,False,False,False,True,False,False,False,False,False,False,True,False,False,False,False,False,False,False,True,False,False,97.37568875327474
0 days 01:56:09.095000,1,101.958,0.6588993575592569,2.0,,,32.172,1.2930271749696018,27.779,0 days 01:54:59.364000,0 days 01:55:41.371000,0 days 01:56:09.150000,293.0,240.0,234.0,294.0,False,10.0,True,Red Bull Racing,0 days 01:54:27.137000,2024-07-07 14:59:24.166,1,3.0,False,,False,True,VER,4.0,2.0,Finished,-0.599059748005319,-0.7958777834246091,-0.9719524708068968,0.03747484521982437,-0.5366534201392054,6867.137,6845.886,-1.5670896474027918,75.0,-1.0974130074052735,101.958,0,1,Late,Top5,Medium,False,False,False,False,False,False,False,False,False,False,False,False,False,False,False,False,True,False,False,False,False,False,False,False,False,True,False,True,False,False,102.29330003802797
0 days 01:54:17.156000,4,102.935,0.590320788315247,2.0,,,32.639,1.2040126477042465,28.51,0 days 01:53:06.921000,0 days 01:53:48.707000,0 days 01:54:17.217000,295.0,244.0,222.0,299.0,False,8.0,True,McLaren,0 days 01:52:34.221000,2024-07-07 14:57:31.250,1,1.0,False,,False,True,NOR,3.0,3.0,Finished,-0.4915154700660682,-0.830224630268733,-1.1032295206959677,-0.11993864169527671,-0.46666329936939727,6754.221,6725.865,-1.430687210816031,76.0,-1.0974130074052735,102.93500000000002,0,1,Late,Top5,Medium,False,False,False,False,False,False,True,False,False,False,False,False,False,False,False,False,False,False,False,False,False,False,True,False,False,False,False,True,False,False,101.45607008579093
0 days 01:44:59.345000,2,102.215,0.1788493728511879,2.0,,,32.462,0.9824832812067511,28.517,0 days 01:43:49.666000,0 days 01:44:30.902000,0 days 01:44:59.419000,293.0,238.0,213.0,300.0,False,2.0,True,Williams,0 days 01:43:17.130000,2024-07-07 14:48:14.159,1,13.0,False,,False,True,SAR,12.0,11.0,Finished,-0.38397119212681746,-0.8653538559027774,-1.1971709748422386,0.603708644743517,-0.6946951249508087,6197.13,6185.794,-1.0214799010557456,71.0,-1.216375729302535,102.215,0,0,Mid,Midfield,Slow,False,False,False,False,False,False,False,False,False,False,False,False,False,True,False,False,False,False,False,False,False,False,False,False,False,False,True,True,False,False,101.62755727388443
0 days 02:20:52.740000,3,94.814,1.6875778962194048,3.0,,,29.907,0.2421724164387654,25.509,0 days 02:19:47.915000,0 days 02:20:27.313000,0 days 02:20:52.822000,297.0,260.0,236.0,323.0,False,14.0,True,RB,0 days 02:19:17.926000,2024-07-07 15:24:14.955,1,13.0,False,,False,True,RIC,15.0,13.0,Lapped,1.9820029225366993,0.20398935051068195,-0.5513692252453495,-1.1907560494123197,0.37432231264966553,8357.926,8346.105,0.34254446481186895,68.0,0.5284108585239625,94.81400000000001,0,0,Late,Midfield,Medium,False,False,False,False,False,False,False,False,False,False,True,False,False,False,False,False,False,False,False,False,False,False,False,False,True,False,False,False,False,True,97.85225332370457
0 days 01:04:33.339000,16,92.705,-1.5356148582490585,1.0,,,29.583,-0.45383257502972474,25.452,0 days 01:03:30.270000,0 days 01:04:07.940000,0 days 01:04:33.392000,307.0,259.0,248.0,320.0,False,4.0,True,Ferrari,0 days 01:03:00.634000,2024-07-07 14:07:57.663,1,8.0,False,,False,True,LEC,11.0,14.0,Lapped,1.659370088718947,0.46381544327166974,0.21329632197621198,0.17949464111297264,0.1544360893957939,3780.634,3725.493,0.8881542111589152,61.0,0.13186845219975876,92.705,0,0,Early,Midfield,Fast,False,False,False,False,True,False,False,False,False,False,False,False,False,False,False,False,False,False,False,True,False,False,False,False,False,False,False,False,True,False,95.35813775528632
0 days 02:14:39.741000,3,90.735,1.4132636192433654,3.0,,,29.14,-0.8586271447206008,24.93,0 days 02:13:38.228000,0 days 02:14:14.893000,0 days 02:14:39.823000,292.0,259.0,249.0,301.0,True,10.0,True,RB,0 days 02:13:09.006000,2024-07-07 15:18:06.035,1,13.0,False,,False,True,RIC,15.0,13.0,Lapped,-0.2764269141875667,0.8696136243312862,0.9164020581867681,-1.6093396894551262,0.4136243686072748,7989.006,7986.026,-0.06666284494841637,71.0,0.3697938959942802,90.73500000000001,0,0,Late,Midfield,VeryFast,False,False,False,False,False,False,False,False,False,False,True,False,False,False,False,False,False,False,False,False,False,False,False,False,True,False,False,False,False,True,91.54642094158046
0 days 01:13:44.708000,55,92.362,-1.1241434427849994,1.0,,,29.68,-0.5722500909392957,25.306,0 days 01:12:42.066000,0 days 01:13:19.442000,0 days 01:13:44.748000,292.0,258.0,246.0,298.0,False,10.0,True,Ferrari,0 days 01:12:12.346000,2024-07-07 14:17:09.375,1,6.0,False,,False,True,SAI,7.0,5.0,Finished,-0.4915154700660682,0.6124384948005976,1.1259979251572156,-0.6333311133184306,0.4438969606387045,4332.346,4325.535,1.5701663940927224,61.0,0.6870278210536436,92.362,0,0,Early,Top10,Fast,False,False,False,False,False,False,False,False,False,False,False,False,True,False,False,False,False,False,False,True,False,False,False,False,False,False,False,False,True,False,90.68136637594831
0 days 01:15:06.963000,63,91.586,-1.0555648735409895,1.0,,,29.408,-0.7281262088202597,25.189,0 days 01:14:04.840000,0 days 01:14:41.829000,0 days 01:15:07.018000,294.0,257.0,245.0,299.0,False,11.0,True,Mercedes,0 days 01:13:35.377000,2024-07-07 14:18:32.406,1,1.0,False,,False,True,RUS,1.0,,Retired,-0.4915154700660682,0.7322741702496559,1.0343687669498818,-1.3123062404145789,1.6644317489521039,4415.377,4385.545,1.5701663940927224,62.0,0.647373580421224,91.58599999999998,0,0,Early,Top5,VeryFast,False,False,False,False,False,False,False,False,False,False,False,True,False,False,False,False,False,False,False,False,False,False,False,True,False,False,False,False,True,False,90.66888655885249
0 days 01:01:33.641000,20,94.216,-1.6727719967370784,1.0,,,29.711,0.07622678189882214,25.519,0 days 01:00:29.170000,0 days 01:01:08.156000,0 days 01:01:33.675000,316.0,257.0,245.0,324.0,True,2.0,True,Haas F1 Team,0 days 00:59:59.425000,2024-07-07 14:04:56.454,1,17.0,False,,False,True,MAG,17.0,12.0,Finished,2.1970914784152007,0.30248271512168323,-0.4672519222013457,1.136493396120937,0.30105562650000606,3599.425,3545.476,0.7517517745721518,63.0,3.5817873872203316,94.21600000000001,0,0,Early,Backmarker,Medium,False,False,False,False,False,True,False,False,False,False,False,False,False,False,False,False,False,False,False,False,True,False,False,False,False,False,False,False,True,False,95.70545493184524
0 days 01:44:37.605000,18,102.992,0.1788493728511879,2.0,,,32.354,1.2076376737014785,28.843,0 days 01:43:27.026000,0 days 01:44:08.821000,0 days 01:44:37.664000,292.0,240.0,220.0,296.0,False,3.0,True,Aston Martin,0 days 01:42:54.613000,2024-07-07 14:47:51.642,1,8.0,False,,False,True,STR,8.0,7.0,Finished,-0.8141483038838205,-0.9100516220165038,-1.2771345098065467,0.9757879091540692,-1.1720975605575907,6174.613,6125.769,-0.8850774644689846,69.0,-1.176721488670114,102.992,0,0,Mid,Top10,Slow,False,False,False,False,False,False,False,False,False,False,False,False,False,False,True,False,False,False,True,False,False,False,False,False,False,False,False,True,False,False,102.89408731628411
0 days 01:04:36.293000,22,93.164,-1.5356148582490585,1.0,,,29.438,-0.2560672678474168,25.565,0 days 01:03:32.627000,0 days 01:04:10.788000,0 days 01:04:36.353000,310.0,258.0,245.0,327.0,False,4.0,True,RB,0 days 01:03:03.129000,2024-07-07 14:08:00.158,1,11.0,False,,False,True,TSU,13.0,10.0,Finished,2.3046357563544517,0.45058942957223513,-0.28999839491382795,0.1957876963029542,0.20636760259606868,3783.129,3725.493,0.8881542111589152,61.0,0.13186845219975876,93.164,0,0,Early,Midfield,Fast,False,False,False,False,False,False,False,False,False,False,False,False,False,False,False,True,False,False,False,False,False,False,False,False,True,False,False,False,True,False,95.63740113284238
0 days 02:09:25.005000,24,91.121,1.070370773023316,5.0,,,29.293,-0.8747383713749636,25.203,0 days 02:08:23.234000,0 days 02:08:59.859000,0 days 02:09:25.062000,286.0,260.0,249.0,292.0,True,6.0,False,Kick Sauber,0 days 02:07:53.884000,2024-07-07 15:12:50.913,1,18.0,False,,False,True,ZHO,14.0,18.0,Lapped,-0.599059748005319,0.7625823110197886,0.8889737056004713,-0.6765603416280318,-0.5523252514569122,7673.884,7626.012,-0.47587015470869926,75.0,0.3697938959942802,91.12100000000001,0,0,Late,Midfield,VeryFast,False,False,False,False,False,False,False,False,False,False,False,False,False,False,False,False,False,True,False,False,False,True,False,False,False,False,False,False,False,True,93.01375194427861
0 days 01:44:53.073000,23,101.726,0.1788493728511879,2.0,,,32.027,1.0042334371901422,28.409,0 days 01:43:43.374000,0 days 01:44:24.664000,0 days 01:44:53.073000,284.0,244.0,226.0,295.0,False,2.0,True,Williams,0 days 01:43:11.347000,2024-07-07 14:48:08.376,1,11.0,False,,False,True,ALB,9.0,9.0,Finished,-0.4915154700660682,-0.7188967561566242,-1.8868925749923544,1.6738930932551306,-0.6429197118224437,6191.347,6185.794,-1.0214799010557456,71.0,-1.216375729302535,101.726,0,0,Mid,Top10,Medium,False,False,False,False,False,False,False,False,False,False,False,False,False,False,False,False,False,False,False,False,False,False,False,False,False,False,True,True,False,False,102.87444027363478
0 days 01:56:19.949000,55,102.748,0.6588993575592569,2.0,,,32.172,1.5983349200697852,27.811,0 days 01:55:09.413000,0 days 01:55:52.178000,0 days 01:56:19.989000,294.0,241.0,232.0,298.0,False,10.0,True,Ferrari,0 days 01:54:37.201000,2024-07-07 14:59:34.230,1,4.0,False,,False,True,SAI,7.0,5.0,Finished,-0.4915154700660682,-0.8370976970473276,-0.3606519796129216,0.20715048135858571,-1.1874415027530871,6877.201,6845.886,-1.5670896474027918,75.0,-1.0974130074052735,102.74799999999999,0,0,Late,Top10,Medium,False,False,False,False,False,False,False,False,False,False,False,False,True,False,False,False,False,False,False,True,False,False,False,False,False,False,False,True,False,False,101.3231342399487
0 days 01:23:32.084000,31,96.522,-0.7126720273209403,1.0,,,30.525,-0.19967797455714542,27.696,0 days 01:22:26.152000,0 days 01:23:04.453000,0 days 01:23:32.149000,277.0,252.0,242.0,282.0,False,16.0,True,Alpine,0 days 01:21:55.562000,2024-07-07 14:26:52.591,1,18.0,False,,False,True,OCO,18.0,16.0,Lapped,-0.8141483038838205,0.044805961617981206,0.6987546068771351,2.116048838075897,-0.30681057785995813,4915.562,4865.627,1.160959084332437,59.0,0.1715226928321783,96.52199999999999,0,0,Early,Backmarker,Medium,False,False,False,False,False,False,False,True,False,False,False,False,False,False,False,False,False,False,False,False,False,False,False,False,False,False,False,False,False,True,95.19689623240704
0 days 01:59:14.991000,77,99.987,0.7274779268032668,2.0,,0 days 01:59:09.116000,31.826,1.0988868937845258,26.636,0 days 01:58:06.885000,0 days 01:58:48.410000,0 days 01:59:15.046000,283.0,243.0,,288.0,False,11.0,True,Kick Sauber,0 days 01:57:35.004000,2024-07-07 15:02:32.033,1,14.0,False,,False,False,BOT,16.0,15.0,Lapped,-1.459413971519325,-0.9736555802846704,0.15601255141253886,0.9584098206482067,-1.1489550534221544,7055.004,7025.895,-1.430687210816031,78.0,-0.5819078791838084,99.987,0,0,Late,Backmarker,Slow,False,True,False,False,False,False,False,False,False,False,False,False,False,False,False,False,False,False,False,False,False,True,False,False,False,False,False,True,False,False,99.91879696889022
0 days 01:18:45.385000,31,94.491,-0.9184077350529699,1.0,,,30.327,-0.28265079182711705,26.069,0 days 01:17:41.286000,0 days 01:18:19.381000,0 days 01:18:45.450000,277.0,254.0,243.0,284.0,False,13.0,True,Alpine,0 days 01:17:10.894000,2024-07-07 14:22:07.923,1,17.0,False,,False,True,OCO,18.0,16.0,Lapped,-1.2443254156408237,0.30817012989469966,1.303419685295532,0.27731190302670666,0.0700842314228855,4630.894,4625.584,1.433763957505959,60.0,0.3697938959942802,94.491,0,0,Early,Backmarker,Medium,False,False,False,False,False,False,False,True,False,False,False,False,False,False,False,False,False,False,False,False,False,False,False,False,False,False,False,False,False,True,92.17432589503095
0 days 01:03:00.634000,16,92.369,-1.6041934274930685,1.0,,,29.447,-0.4405408130398746,25.219,0 days 01:01:57.765000,0 days 01:02:35.468000,0 days 01:03:00.687000,310.0,259.0,248.0,318.0,True,3.0,True,Ferrari,0 days 01:01:28.265000,2024-07-07 14:06:25.294,1,8.0,False,,False,True,LEC,11.0,14.0,Lapped,1.4442815328404455,0.689895614246738,0.805036664257129,0.14718585933198805,0.0067958580845211775,3688.265,3665.476,0.8881542111589152,62.0,3.5817873872203316,92.369,0,0,Early,Midfield,VeryFast,False,False,False,False,True,False,False,False,False,False,False,False,False,False,False,False,False,False,False,True,False,False,False,False,False,False,False,False,True,False,93.00064313605068
0 days 02:09:35.679000,27,90.392,1.2075279115113358,3.0,,,29.116,-0.8993079920228674,24.712,0 days 02:08:34.443000,0 days 02:09:11.007000,0 days 02:09:35.719000,289.0,260.0,250.0,297.0,False,8.0,False,Haas F1 Team,0 days 02:08:05.287000,2024-07-07 15:13:02.316,1,6.0,False,,False,True,HUL,6.0,6.0,Finished,-0.2764269141875667,1.0676604766948063,1.122115654507816,-1.5100182403121738,1.4069413059862996,7685.287,7626.012,-0.47587015470869926,75.0,0.3697938959942802,90.39200000000001,0,0,Late,Top10,VeryFast,False,False,False,True,False,False,False,False,False,False,False,False,False,False,False,False,False,False,False,False,True,False,False,False,False,False,False,False,False,True,89.15530601411902
0 days 01:37:02.582000,63,94.781,-0.09546490412485154,1.0,,,29.787,-0.17309445057744802,26.627,0 days 01:35:57.643000,0 days 01:36:36.010000,0 days 01:37:02.637000,299.0,254.0,234.0,303.0,False,25.0,True,Mercedes,0 days 01:35:27.801000,2024-07-07 14:40:24.830,1,4.0,False,,False,True,RUS,1.0,,Retired,-0.16888263624831593,0.1565098346130491,-0.1643573962039467,-0.22358353614999374,1.526497934802624,5727.801,5705.725,-0.7486750278822236,68.0,-0.7801790823459103,94.78099999999999,0,0,Mid,Top5,Medium,False,False,False,False,False,False,False,False,False,False,False,True,False,False,False,False,False,False,False,False,False,False,False,True,False,False,False,False,True,False,96.73919122467156
0 days 02:17:56.556000,81,89.958,1.618999326975395,3.0,,,28.958,-1.0974760798715335,24.928,0 days 02:16:55.638000,0 days 02:17:31.710000,0 days 02:17:56.638000,295.0,262.0,252.0,297.0,False,12.0,True,McLaren,0 days 02:16:26.598000,2024-07-07 15:21:23.627,1,4.0,False,,False,True,PIA,5.0,4.0,Finished,0.2612944755086871,1.009273710415419,0.5153157820072249,-2.2602710991768658,1.6603149578791276,8186.598,8166.076,0.206142028225108,69.0,0.4887566178915416,89.958,0,0,Late,Top5,VeryFast,False,False,False,False,False,False,False,False,False,True,False,False,False,False,False,False,False,False,False,False,False,False,True,False,False,False,False,False,True,False,90.78237934319074
0 days 01:30:55.895000,1,93.488,-0.369779181100891,1.0,,,30.031,-0.33098447179020557,25.482,0 days 01:29:52.493000,0 days 01:30:30.468000,0 days 01:30:55.950000,293.0,254.0,247.0,295.0,False,21.0,True,Red Bull Racing,0 days 01:29:22.407000,2024-07-07 14:34:19.436,1,5.0,False,,False,True,VER,4.0,2.0,Finished,-0.38397119212681746,0.42417000282181233,0.40158966231775767,-0.17332917976470447,1.0470416650724228,5362.407,5345.647,0.34254446481186895,67.0,-0.6612163604486488,93.488,0,1,Mid,Top5,Fast,False,False,False,False,False,False,False,False,False,False,False,False,False,False,False,False,True,False,False,False,False,False,False,False,False,True,False,False,True,False,92.94277552240816
0 days 01:19:43.379000,44,91.609,-0.84982916580896,1.0,,,29.552,-0.7055704915041494,25.012,0 days 01:18:41.350000,0 days 01:19:18.395000,0 days 01:19:43.407000,296.0,259.0,246.0,299.0,False,14.0,True,Mercedes,0 days 01:18:11.770000,2024-07-07 14:23:08.799,1,2.0,False,,False,True,HAM,2.0,1.0,Finished,-0.38397119212681746,0.6157419654767974,1.0073648198253191,-0.5713644372814709,1.8063613200211455,4691.77,4685.594,1.2973615209192007,59.0,0.3301396553618607,91.60900000000001,1,1,Early,Top5,Fast,False,False,True,False,False,False,False,False,False,False,False,False,False,False,False,False,False,False,False,False,False,False,False,True,False,False,False,False,True,False,90.92104496797359
0 days 01:03:10.484000,11,92.34,-1.6041934274930685,1.0,,,29.325,-0.5496943736231855,25.583,0 days 01:02:07.543000,0 days 01:02:44.975000,0 days 01:03:10.558000,295.0,255.0,246.0,306.0,True,3.0,True,Red Bull Racing,0 days 01:01:38.144000,2024-07-07 14:06:35.173,1,19.0,False,,False,True,PER,20.0,17.0,Lapped,0.1537501975694364,0.5118617150348987,0.38605488766770524,-0.33519005149899267,0.7718973295405694,3698.144,3665.476,0.8881542111589152,62.0,3.5817873872203316,92.34,0,0,Early,Backmarker,Fast,False,False,False,False,False,False,False,False,True,False,False,False,False,False,False,False,False,False,False,False,False,False,False,False,False,True,False,False,False,False,92.77032716138126
0 days 02:19:15.179000,1,89.443,1.6875778962194048,3.0,,,29.097,-1.171587722481606,24.458,0 days 02:18:14.888000,0 days 02:18:50.776000,0 days 02:19:15.234000,292.0,264.0,252.0,289.0,False,13.0,True,Red Bull Racing,0 days 02:17:45.736000,2024-07-07 15:22:42.765,1,2.0,False,,False,True,VER,4.0,2.0,Finished,-0.16888263624831593,1.1267342483991392,1.5695931006501636,-1.7899834953094478,1.3754717304025732,8265.736,8226.085,0.206142028225108,69.0,0.5680650991563821,89.443,0,1,Late,Top5,VeryFast,False,False,False,False,False,False,False,False,False,False,False,False,False,False,False,False,True,False,False,False,False,False,False,False,False,True,False,False,False,False,89.91662048696361
0 days 01:31:43.999000,16,102.846,-0.369779181100891,2.0,,,32.126,1.331291338273714,28.618,0 days 01:30:33.332000,0 days 01:31:15.434000,0 days 01:31:44.052000,289.0,230.0,222.0,296.0,False,2.0,True,Ferrari,0 days 01:30:01.153000,2024-07-07 14:34:58.182,1,16.0,False,,False,True,LEC,11.0,14.0,Lapped,-0.9216925818230712,-1.0026600102971812,-0.5136052262873435,-0.07110177744909743,-0.7833754524095071,5401.153,5345.647,0.34254446481186895,67.0,-0.6612163604486488,102.84599999999999,0,0,Mid,Midfield,Slow,False,False,False,False,True,False,False,False,False,False,False,False,False,False,False,False,False,False,False,True,False,False,False,False,False,False,False,True,False,False,101.86656132950277
0 days 01:40:03.727000,24,108.245,-0.09546490412485154,3.0,,,33.856,2.31810397085346,29.837,0 days 01:38:49.395000,0 days 01:39:33.947000,0 days 01:40:03.784000,283.0,239.0,215.0,294.0,False,6.0,True,Kick Sauber,0 days 01:38:15.482000,2024-07-07 14:43:12.511,1,19.0,False,,False,True,ZHO,14.0,18.0,Lapped,-0.7066040259445697,-1.66491211374434,-1.654004995144483,0.6195900767610403,-1.681840814956581,5895.482,5885.749,-0.7486750278822236,68.0,-0.9784502855080122,108.245,0,0,Mid,Midfield,Slow,False,False,False,False,False,False,False,False,False,False,False,False,False,False,False,False,False,True,False,False,False,True,False,False,False,False,False,True,False,False,106.69061363032968
0 days 02:19:21.877000,31,91.06,1.550420757731385,5.0,,,29.398,-0.90212745668738,25.105,0 days 02:18:20.280000,0 days 02:18:56.837000,0 days 02:19:21.942000,276.0,258.0,251.0,284.0,False,11.0,True,Alpine,0 days 02:17:50.817000,2024-07-07 15:22:47.846,1,16.0,False,,False,True,OCO,18.0,16.0,Lapped,-0.38397119212681746,0.8856995683258576,1.531993787802304,-0.3591820600037278,-0.09761933638962984,8270.817,8226.085,0.206142028225108,69.0,0.5680650991563821,91.06,0,0,Late,Backmarker,VeryFast,False,False,False,False,False,False,False,True,False,False,False,False,False,False,False,False,False,False,False,False,False,False,False,False,False,False,False,False,True,False,91.11613938576724
0 days 02:10:07.202000,3,91.08,1.2075279115113358,3.0,,,29.273,-0.7945850187695075,24.983,0 days 02:09:05.477000,0 days 02:09:42.301000,0 days 02:10:07.284000,291.0,260.0,250.0,299.0,False,7.0,True,RB,0 days 02:08:36.122000,2024-07-07 15:13:33.151,1,13.0,False,,False,True,RIC,15.0,13.0,Lapped,-0.38397119212681746,0.6863488512923293,1.0149830226252992,-1.1692920412875192,0.6925891426119688,7716.122,7686.0,-0.3394677181219383,72.0,0.21117693346459926,91.08,0,0,Late,Midfield,Fast,False,False,False,False,False,False,False,False,False,False,True,False,False,False,False,False,False,False,False,False,False,False,False,False,True,False,False,False,False,True,90.72490597876752
0 days 02:11:13.354000,14,89.871,1.2761064807553457,3.0,,,28.986,-1.0435034705794166,24.679,0 days 02:10:12.561000,0 days 02:10:48.767000,0 days 02:11:13.446000,292.0,260.0,252.0,298.0,True,7.0,True,Aston Martin,0 days 02:09:43.483000,2024-07-07 15:14:40.512,1,8.0,False,,False,True,ALO,10.0,8.0,Finished,-0.2764269141875667,0.9965503639431235,1.0018760650151899,-0.34656744247495297,0.24505178234261366,7783.483,7746.012,-0.3394677181219383,73.0,0.21117693346459926,89.87100000000001,0,0,Late,Top10,VeryFast,True,False,False,False,False,False,False,False,False,False,False,False,False,False,False,False,False,False,True,False,False,False,False,False,False,False,False,False,True,False,89.59743200379208
0 days 01:16:45.101000,81,91.663,-0.9869863042969798,1.0,,,29.332,-0.6294449455622834,25.097,0 days 01:15:42.852000,0 days 01:16:20.086000,0 days 01:16:45.183000,310.0,263.0,246.0,315.0,True,12.0,True,McLaren,0 days 01:15:13.438000,2024-07-07 14:20:10.467,1,5.0,False,,False,True,PIA,5.0,4.0,Finished,1.3367372549011949,0.736843792938081,0.3483858246536033,-0.732783985662659,0.9984480679323569,4513.438,4505.547,1.433763957505959,59.0,0.5284108585239625,91.66300000000001,0,0,Early,Top5,VeryFast,False,False,False,False,False,False,False,False,False,True,False,False,False,False,False,False,False,False,False,False,False,False,True,False,False,False,False,False,True,False,91.8589152200698
0 days 02:10:17.255000,4,89.635,1.2761064807553457,3.0,,,29.062,-1.1736016258133994,24.69,0 days 02:09:16.743000,0 days 02:09:52.626000,0 days 02:10:17.316000,297.0,263.0,244.0,304.0,False,8.0,False,McLaren,0 days 02:08:47.620000,2024-07-07 15:13:44.649,1,2.0,False,,False,True,NOR,3.0,3.0,Finished,0.36883875344793793,1.193525967952034,0.942273475792742,-1.7775624881774665,0.49265915924489134,7727.62,7686.0,-0.3394677181219383,72.0,0.21117693346459926,89.635,0,1,Late,Top5,VeryFast,False,False,False,False,False,False,True,False,False,False,False,False,False,False,False,False,False,False,False,False,False,False,True,False,False,False,False,False,False,True,89.74204050754686
0 days 02:11:16.738000,11,90.518,1.2075279115113358,4.0,,,29.093,-0.9460305493205204,24.977,0 days 02:10:15.387000,0 days 02:10:51.835000,0 days 02:11:16.812000,291.0,260.0,251.0,301.0,False,7.0,True,Red Bull Racing,0 days 02:09:46.220000,2024-07-07 15:14:43.249,1,16.0,False,,False,True,PER,20.0,17.0,Lapped,-0.2764269141875667,0.9547418455523043,0.9420371005967354,-0.8121855240344674,0.2199358266889837,7786.22,7746.012,-0.3394677181219383,73.0,0.21117693346459926,90.518,0,0,Late,Backmarker,VeryFast,False,False,False,False,False,False,False,False,True,False,False,False,False,False,False,False,False,False,False,False,False,False,False,False,False,True,False,False,True,False,88.91869685144368
0 days 01:44:04.290000,4,100.266,0.1788493728511879,2.0,,,31.594,0.7303425840659683,28.062,0 days 01:42:55.679000,0 days 01:43:36.289000,0 days 01:44:04.351000,289.0,248.0,225.0,297.0,False,2.0,True,McLaren,0 days 01:42:24.024000,2024-07-07 14:47:21.053,1,1.0,False,,False,True,NOR,3.0,3.0,Finished,-0.599059748005319,-0.4954857965741572,-0.7912461261177557,0.4856036236039406,0.039641298822210805,6144.024,6125.769,-0.8850774644689846,69.0,-1.176721488670114,100.266,0,1,Mid,Top5,Medium,False,False,False,False,False,False,True,False,False,False,False,False,False,False,False,False,False,False,False,False,False,False,True,False,False,False,False,True,False,False,99.16204277061836
0 days 02:19:25.304000,81,88.748,1.6875778962194048,3.0,,,28.871,-1.2456993650916757,24.173,0 days 02:18:25.509000,0 days 02:19:01.213000,0 days 02:19:25.386000,302.0,266.0,254.0,308.0,True,13.0,True,McLaren,0 days 02:17:56.556000,2024-07-07 15:22:53.585,1,4.0,False,,False,True,PIA,5.0,4.0,Finished,0.36883875344793793,1.260026495816738,0.9939862484307038,-1.3699135395802837,1.770381193035839,8276.556,8226.085,0.206142028225108,69.0,0.5680650991563821,88.748,0,0,Late,Top5,VeryFast,False,False,False,False,False,False,False,False,False,True,False,False,False,False,False,False,False,False,False,False,False,False,True,False,False,False,False,False,True,False,88.74103344848425
0 days 02:08:31.696000,2,90.162,1.138949342267326,3.0,,,29.054,-0.9472388913195977,24.663,0 days 02:07:30.662000,0 days 02:08:07.107000,0 days 02:08:31.770000,309.0,262.0,251.0,318.0,False,5.0,True,Williams,0 days 02:07:01.534000,2024-07-07 15:11:58.563,1,12.0,False,,False,True,SAR,12.0,11.0,Finished,1.4442815328404455,0.8385119116167626,0.6963730608008081,-0.4790277587806764,0.09665922723081866,7621.534,7565.968,-0.6122725912954626,75.0,0.40944813662670115,90.16199999999999,0,0,Late,Midfield,VeryFast,False,False,False,False,False,False,False,False,False,False,False,False,False,True,False,False,False,False,False,False,False,False,False,False,False,False,True,False,False,True,91.07380267870177
0 days 01:50:54.554000,44,102.435,0.45316364982722734,2.0,,,32.312,1.0183307605127114,28.798,0 days 01:49:44.459000,0 days 01:50:25.784000,0 days 01:50:54.582000,294.0,240.0,218.0,297.0,False,6.0,True,Mercedes,0 days 01:49:12.119000,2024-07-07 14:54:09.148,1,2.0,False,,False,True,HAM,2.0,1.0,Finished,-0.4915154700660682,-0.9132401994833188,-0.7151489241806499,-0.3172844303143737,-0.44390810374601974,6552.119,6545.813,-1.5670896474027918,73.0,-1.2956842105673754,102.435,1,1,Mid,Top5,Slow,False,False,True,False,False,False,False,False,False,False,False,False,False,False,False,False,False,False,False,False,False,False,False,True,False,False,False,True,False,False,102.67593301203988
0 days 02:19:31.101000,11,97.36,1.550420757731385,5.0,,,31.79,0.09274078921954597,26.543,0 days 02:18:25.605000,0 days 02:19:04.632000,0 days 02:19:31.175000,206.0,248.0,250.0,300.0,False,2.0,True,Red Bull Racing,0 days 02:17:53.741000,2024-07-07 15:22:50.770,1,17.0,False,,False,True,PER,20.0,17.0,Lapped,-0.4915154700660682,-0.1231873016213903,-0.9750718777867692,-0.7562129409143672,-0.3534889843792028,8273.741,8226.085,0.206142028225108,69.0,0.5680650991563821,97.36000000000001,0,0,Late,Backmarker,Medium,False,False,False,False,False,False,False,False,True,False,False,False,False,False,False,False,False,False,False,False,False,False,False,False,False,True,False,False,False,True,97.43745408290715
0 days 01:13:52.962000,22,93.438,-1.1241434427849994,1.0,,,29.971,-0.3954293784076598,25.652,0 days 01:12:49.555000,0 days 01:13:27.370000,0 days 01:13:53.022000,319.0,255.0,246.0,305.0,False,10.0,True,RB,0 days 01:12:19.524000,2024-07-07 14:17:16.553,1,11.0,False,,False,True,TSU,13.0,10.0,Finished,1.4442815328404455,0.4173276553752231,0.3089765644830939,-0.1580785822232814,0.7346051387585032,4339.524,4325.535,1.5701663940927224,61.0,0.6870278210536436,93.438,0,0,Early,Midfield,Fast,False,False,False,False,False,False,False,False,False,False,False,False,False,False,False,True,False,False,False,False,False,False,False,False,True,False,False,False,True,False,92.98358414834345
0 days 01:57:41.217000,44,99.711,0.7274779268032668,2.0,,,31.694,0.9377746272408944,26.892,0 days 01:56:33.228000,0 days 01:57:14.353000,0 days 01:57:41.245000,296.0,246.0,243.0,302.0,False,10.0,True,Mercedes,0 days 01:56:01.506000,2024-07-07 15:00:58.535,1,2.0,False,,False,True,HAM,2.0,1.0,Finished,-0.06133835830906515,-0.549335224114629,-0.4296528252254691,0.04729141517889888,-0.5248859701091491,6961.506,6905.885,-1.430687210816031,75.0,-1.0974130074052735,99.711,1,1,Late,Top5,Medium,False,False,True,False,False,False,False,False,False,False,False,False,False,False,False,False,False,False,False,False,False,False,False,True,False,False,False,True,False,False,101.84068734280731
0 days 01:13:35.377000,63,91.639,-1.1241434427849994,1.0,,,29.526,-0.7426263128091842,25.16,0 days 01:12:33.319000,0 days 01:13:10.272000,0 days 01:13:35.432000,294.0,258.0,245.0,298.0,False,10.0,True,Mercedes,0 days 01:12:03.738000,2024-07-07 14:17:00.767,1,1.0,False,,False,True,RUS,1.0,,Retired,-0.38397119212681746,0.6142793965152624,0.9580279638472634,-1.2542625796827325,1.5212122886993769,4323.738,4265.539,1.2973615209192007,62.0,0.805990542950905,91.639,0,0,Early,Top5,Fast,False,False,False,False,False,False,False,False,False,False,False,True,False,False,False,False,False,False,False,False,False,False,False,True,False,False,False,False,True,False,91.06564724271762
0 days 01:55:52.036000,77,105.476,0.590320788315247,2.0,,,32.821,2.0885189910287845,28.673,0 days 01:54:39.436000,0 days 01:55:23.418000,0 days 01:55:52.091000,281.0,238.0,232.0,286.0,False,9.0,True,Kick Sauber,0 days 01:54:06.560000,2024-07-07 14:59:03.589,1,14.0,False,,False,True,BOT,16.0,15.0,Lapped,-1.6745025273978267,-1.3660981359106161,-1.1859354753897173,0.8837803361819861,-1.83888040676678,6846.56,6845.886,-1.5670896474027918,75.0,-1.0974130074052735,105.476,0,0,Late,Backmarker,Slow,False,True,False,False,False,False,False,False,False,False,False,False,False,False,False,False,False,False,False,False,False,True,False,False,False,False,False,True,False,False,105.97511599627961
0 days 01:57:35.004000,77,102.968,0.6588993575592569,2.0,,,32.265,1.5850431580799351,27.971,0 days 01:56:24.356000,0 days 01:57:07.088000,0 days 01:57:35.059000,281.0,239.0,237.0,287.0,False,10.0,True,Kick Sauber,0 days 01:55:52.036000,2024-07-07 15:00:49.065,1,14.0,False,,False,True,BOT,16.0,15.0,Lapped,-1.1367811377015729,-0.9815911177290747,-0.7813753794401885,1.5935483682891316,-1.1234789883406526,6952.036,6905.885,-1.430687210816031,75.0,-1.0974130074052735,102.968,0,0,Late,Backmarker,Slow,False,True,False,False,False,False,False,False,False,False,False,False,False,False,False,False,False,False,False,False,False,True,False,False,False,False,False,True,False,False,103.66870105016149
0 days 02:18:33.026000,24,91.556,1.4818421884873751,5.0,,,29.466,-0.670528573530911,24.958,0 days 02:17:30.993000,0 days 02:18:08.125000,0 days 02:18:33.083000,285.0,260.0,249.0,292.0,False,12.0,False,Kick Sauber,0 days 02:17:01.470000,2024-07-07 15:21:58.499,1,18.0,False,,False,True,ZHO,14.0,18.0,Lapped,-0.9216925818230712,0.7415772032959228,1.2175017541029256,-1.6426259547249875,0.016230522377661056,8221.47,8166.076,0.206142028225108,69.0,0.4887566178915416,91.556,0,0,Late,Midfield,VeryFast,False,False,False,False,False,False,False,False,False,False,False,False,False,False,False,False,False,True,False,False,False,True,False,False,False,False,False,False,False,True,91.30059369826
0 days 01:09:20.287000,20,93.734,-1.329879150517029,1.0,,,30.03,-0.27781742383080793,25.597,0 days 01:08:16.617000,0 days 01:08:54.724000,0 days 01:09:20.321000,317.0,258.0,245.0,328.0,False,7.0,True,Haas F1 Team,0 days 01:07:46.553000,2024-07-07 14:12:43.582,1,16.0,False,,False,True,MAG,17.0,12.0,Finished,2.5197243122329533,0.2826449697503041,0.12330054558097178,0.5134603687854641,0.051629111388706905,4066.553,4025.531,0.8881542111589152,61.0,0.5680650991563821,93.73400000000001,0,0,Early,Backmarker,Medium,False,False,False,False,False,True,False,False,False,False,False,False,False,False,False,False,False,False,False,False,True,False,False,False,False,False,False,False,True,False,93.71760768978571
0 days 01:18:46.520000,77,93.65,-0.9184077350529699,1.0,,,29.875,-0.3640124864316504,25.882,0 days 01:17:42.800000,0 days 01:18:20.693000,0 days 01:18:46.575000,287.0,255.0,247.0,294.0,False,13.0,True,Kick Sauber,0 days 01:17:12.870000,2024-07-07 14:22:09.899,1,18.0,False,,False,True,BOT,16.0,15.0,Lapped,-0.9216925818230712,0.38429839259181314,0.8607361469734586,0.022785948412932355,0.34305673234080214,4632.87,4625.584,1.433763957505959,60.0,0.3697938959942802,93.65,0,0,Early,Backmarker,Medium,False,True,False,False,False,False,False,False,False,False,False,False,False,False,False,False,False,False,False,False,False,True,False,False,False,False,False,False,True,False,92.6819524301498
0 days 02:00:33.078000,2,98.811,0.7960564960472767,2.0,,0 days 02:00:27.139000,31.876,0.6610643094522077,26.497,0 days 01:59:26.217000,0 days 02:00:06.655000,0 days 02:00:33.152000,294.0,242.0,,297.0,False,11.0,True,Williams,0 days 01:58:54.267000,2024-07-07 15:03:51.296,1,11.0,False,,False,False,SAR,12.0,11.0,Finished,-0.4915154700660682,-0.8607103288600447,-1.0759012965125174,0.4565306245988981,-0.6715489261097264,7134.267,7085.907,-1.430687210816031,77.0,-0.06640275096234313,98.811,0,0,Late,Midfield,Slow,False,False,False,False,False,False,False,False,False,False,False,False,False,True,False,False,False,False,False,False,False,False,False,False,False,False,True,True,False,False,101.76130883542278
0 days 01:09:12.120000,27,92.733,-1.329879150517029,1.0,,,29.612,-0.4204017797219218,25.368,0 days 01:08:09.039000,0 days 01:08:46.792000,0 days 01:09:12.160000,308.0,260.0,246.0,324.0,False,7.0,True,Haas F1 Team,0 days 01:07:39.387000,2024-07-07 14:12:36.416,1,9.0,False,,False,True,HUL,6.0,6.0,Finished,2.08954720047595,0.5352228162649516,-0.16287695369438482,0.27707059990844213,0.6847240291122468,4059.387,4025.531,0.8881542111589152,61.0,0.5680650991563821,92.73299999999999,0,0,Early,Top10,Fast,False,False,False,True,False,False,False,False,False,False,False,False,False,False,False,False,False,False,False,False,True,False,False,False,False,False,False,False,True,False,94.41857515802172
0 days 01:35:42.504000,31,95.488,-0.23262204261287125,3.0,,,30.474,-0.28023410782896246,26.913,0 days 01:34:37.555000,0 days 01:35:15.656000,0 days 01:35:42.569000,275.0,253.0,241.0,287.0,False,2.0,True,Alpine,0 days 01:34:07.016000,2024-07-07 14:39:04.045,1,18.0,False,,False,True,OCO,18.0,16.0,Lapped,-0.8141483038838205,0.17389516532495938,0.5768173177990583,1.228107970348773,-0.5261045820334735,5647.016,5645.691,-0.7486750278822236,68.0,-0.8198333229783312,95.488,0,0,Mid,Backmarker,Medium,False,False,False,False,False,False,False,True,False,False,False,False,False,False,False,False,False,False,False,False,False,False,False,False,False,False,False,False,True,False,94.96358619724903
0 days 01:35:32.962000,1,93.02,-0.1640434733688614,1.0,,,29.699,-0.5863474142618621,25.98,0 days 01:34:29.696000,0 days 01:35:07.037000,0 days 01:35:33.017000,287.0,256.0,244.0,296.0,False,24.0,True,Red Bull Racing,0 days 01:33:59.942000,2024-07-07 14:38:56.971,1,5.0,False,,False,True,VER,4.0,2.0,Finished,-0.7066040259445697,0.5017736459603618,0.4940885116594232,-0.4329114548520604,0.676897767788373,5639.942,5585.679,-0.6122725912954626,69.0,-0.7801790823459103,93.02000000000001,0,1,Mid,Top5,Fast,False,False,False,False,False,False,False,False,False,False,False,False,False,False,False,False,True,False,False,False,False,False,False,False,False,True,False,False,True,False,93.12859627993375
0 days 01:51:33.143000,18,104.213,0.45316364982722734,2.0,,,32.781,1.281749316311548,29.453,0 days 01:50:21.770000,0 days 01:51:03.749000,0 days 01:51:33.202000,291.0,237.0,213.0,295.0,False,7.0,True,Aston Martin,0 days 01:49:48.930000,2024-07-07 14:54:45.959,1,8.0,False,,False,True,STR,8.0,7.0,Finished,-0.9216925818230712,-1.0660763193206035,-1.3482413680736816,1.2978463394602335,-1.1282522007082514,6588.93,6545.813,-1.5670896474027918,73.0,-1.2956842105673754,104.213,0,0,Mid,Top10,Slow,False,False,False,False,False,False,False,False,False,False,False,False,False,False,True,False,False,False,True,False,False,False,False,False,False,False,False,True,False,False,103.47529377243899
0 days 01:10:39.862000,55,92.372,-1.2613005812730191,1.0,,,29.672,-0.5883613175936586,25.364,0 days 01:09:37.202000,0 days 01:10:14.538000,0 days 01:10:39.902000,292.0,258.0,246.0,299.0,False,8.0,True,Ferrari,0 days 01:09:07.490000,2024-07-07 14:14:04.519,1,6.0,False,,False,True,SAI,7.0,5.0,Finished,-0.38397119212681746,0.5044875936542206,0.9334961465648365,-0.33137018564627435,0.08368947855576886,4147.49,4145.541,1.0245566477456738,60.0,0.805990542950905,92.372,0,0,Early,Top10,Fast,False,False,False,False,False,False,False,False,False,False,False,False,True,False,False,False,False,False,False,True,False,False,False,False,False,False,False,False,True,False,91.68607056273652
0 days 01:04:39.437000,31,93.316,-1.5356148582490585,1.0,,,29.764,-0.2814424498280398,25.454,0 days 01:03:35.950000,0 days 01:04:14.048000,0 days 01:04:39.502000,304.0,257.0,245.0,315.0,True,4.0,True,Alpine,0 days 01:03:06.121000,2024-07-07 14:08:03.150,1,16.0,False,,False,True,OCO,18.0,16.0,Lapped,1.0141044210834425,0.5183644442321514,0.9245098062700844,1.0128248053420263,-0.209142264313304,3786.121,3785.556,0.8881542111589152,61.0,0.05255997093491829,93.316,0,0,Early,Backmarker,Fast,False,False,False,False,False,False,False,True,False,False,False,False,False,False,False,False,False,False,False,False,False,False,False,False,False,False,False,False,False,True,93.52894662773481
0 days 01:12:32.253000,77,93.645,-1.1927220120290094,1.0,,,29.917,-0.3559568731044704,25.815,0 days 01:11:28.580000,0 days 01:12:06.493000,0 days 01:12:32.308000,289.0,254.0,246.0,299.0,False,9.0,True,Kick Sauber,0 days 01:10:58.608000,2024-07-07 14:15:55.637,1,19.0,False,,False,True,BOT,16.0,15.0,Lapped,-0.4915154700660682,0.3467804005979064,0.6031653324797451,0.5146987903550789,0.3946218763916058,4258.608,4205.552,1.160959084332437,61.0,0.8456447835833258,93.645,0,0,Early,Backmarker,Medium,False,True,False,False,False,False,False,False,False,False,False,False,False,False,False,False,False,False,False,False,False,True,False,False,False,False,False,False,True,False,93.5026192202756
0 days 01:34:17.597000,27,92.612,-0.23262204261287125,1.0,,,29.586,-0.5952085889217613,25.707,0 days 01:33:14.611000,0 days 01:33:51.930000,0 days 01:34:17.637000,288.0,256.0,245.0,297.0,False,23.0,True,Haas F1 Team,0 days 01:32:44.985000,2024-07-07 14:37:42.014,1,7.0,False,,False,True,HUL,6.0,6.0,Finished,-0.599059748005319,0.6445390819853247,0.7101419507021295,-0.35287872490826305,1.0390570274818882,5564.985,5525.714,-0.6122725912954626,68.0,-0.7801790823459103,92.612,0,0,Mid,Top10,Fast,False,False,False,True,False,False,False,False,False,False,False,False,False,False,False,False,False,False,False,False,True,False,False,False,False,False,False,False,True,False,91.53050999390706
0 days 02:17:38.362000,20,90.803,1.550420757731385,3.0,,,29.248,-0.8666827580477807,24.91,0 days 02:16:36.841000,0 days 02:17:13.486000,0 days 02:17:38.396000,296.0,258.0,248.0,304.0,False,12.0,True,Haas F1 Team,0 days 02:16:07.559000,2024-07-07 15:21:04.588,1,12.0,False,,False,True,MAG,17.0,12.0,Finished,0.2612944755086871,0.8770124085662416,0.7815278478460409,-0.6538355231160812,1.2270889708571304,8167.559,8166.076,0.206142028225108,69.0,0.4887566178915416,90.803,0,0,Late,Backmarker,VeryFast,False,False,False,False,False,True,False,False,False,False,False,False,False,False,False,False,False,False,False,False,True,False,False,False,False,False,False,False,False,True,90.71598446421447
0 days 01:17:12.870000,77,93.269,-0.9869863042969798,1.0,,,29.772,-0.40348499173483976,25.702,0 days 01:16:09.428000,0 days 01:16:47.223000,0 days 01:17:12.925000,287.0,256.0,247.0,293.0,True,12.0,True,Kick Sauber,0 days 01:15:39.601000,2024-07-07 14:20:36.630,1,18.0,False,,False,True,BOT,16.0,15.0,Lapped,-1.029236859762322,0.40463615113417667,0.8462735600563195,-0.15940079473946384,0.17224872494760704,4539.601,4505.547,1.433763957505959,59.0,0.5284108585239625,93.269,0,0,Early,Backmarker,Medium,False,True,False,False,False,False,False,False,False,False,False,False,False,False,False,False,False,False,False,False,False,True,False,False,False,False,False,False,True,False,92.82247038485004
0 days 02:09:43.483000,14,89.93,1.2075279115113358,3.0,,,28.979,-1.0217533145960285,24.691,0 days 02:08:42.624000,0 days 02:09:18.884000,0 days 02:09:43.575000,292.0,260.0,252.0,297.0,True,6.0,True,Aston Martin,0 days 02:08:13.553000,2024-07-07 15:13:10.582,1,8.0,False,,False,True,ALO,10.0,8.0,Finished,-0.16888263624831593,0.9587535410225959,0.9194784051494279,-0.9789090013652152,0.601570590285878,7693.553,7686.0,-0.3394677181219383,72.0,0.21117693346459926,89.93,0,0,Late,Top10,VeryFast,True,False,False,False,False,False,False,False,False,False,False,False,False,False,False,False,False,False,True,False,False,False,False,False,False,False,False,False,True,False,89.52109997309972
0 days 02:02:52.294000,1,90.056,0.9332136345352964,3.0,,,28.866,-1.044711812578494,24.987,0 days 02:01:51.159000,0 days 02:02:27.362000,0 days 02:02:52.349000,293.0,263.0,250.0,298.0,True,2.0,True,Red Bull Racing,0 days 02:01:22.238000,2024-07-07 15:06:19.267,1,3.0,False,,False,True,VER,4.0,2.0,Finished,-0.16888263624831593,1.026723958290212,0.9960956902690051,-1.0938565820557247,1.4267433005439223,7282.238,7265.92,-1.1578823376425065,75.0,0.2508311740970202,90.056,0,1,Late,Top5,VeryFast,False,False,False,False,False,False,False,False,False,False,False,False,False,False,False,False,True,False,False,False,False,False,False,False,False,True,False,False,False,False,91.77765850801806
0 days 01:01:28.754000,27,92.844,-1.6727719967370784,1.0,,,29.458,-0.311650999804969,25.363,0 days 01:00:25.408000,0 days 01:01:03.431000,0 days 01:01:28.794000,301.0,258.0,246.0,322.0,True,2.0,True,Haas F1 Team,0 days 00:59:55.910000,2024-07-07 14:04:52.939,1,9.0,False,,False,True,HUL,6.0,6.0,Finished,1.9820029225366993,0.5494045542466756,-0.32000210340478247,0.17468971418816723,0.6719017667407938,3595.91,3545.476,0.7517517745721518,63.0,3.5817873872203316,92.844,0,0,Early,Top10,Fast,False,False,False,True,False,False,False,False,False,False,False,False,False,False,False,False,False,False,False,False,True,False,False,False,False,False,False,False,True,False,94.84945066570539
0 days 02:07:06.261000,31,91.114,1.0017922037793063,5.0,,,29.139,-0.7804876954469382,25.116,0 days 02:06:04.351000,0 days 02:06:41.210000,0 days 02:07:06.326000,282.0,257.0,251.0,288.0,True,3.0,True,Alpine,0 days 02:05:35.147000,2024-07-07 15:10:32.176,1,17.0,False,,False,True,OCO,18.0,16.0,Lapped,-0.38397119212681746,0.8193425997688044,1.4661814810659868,1.8713774646635204,-0.3214243849915316,7535.147,7505.955,-0.47587015470869926,75.0,0.29048541472943973,91.114,0,0,Late,Backmarker,VeryFast,False,False,False,False,False,False,False,True,False,False,False,False,False,False,False,False,False,False,False,False,False,False,False,False,False,False,False,False,True,False,91.29406817962763
0 days 01:03:09.849000,77,94.447,-1.6041934274930685,1.0,,,30.096,-0.15416375925856962,25.937,0 days 01:02:05.553000,0 days 01:02:43.967000,0 days 01:03:09.904000,290.0,252.0,246.0,294.0,True,3.0,True,Kick Sauber,0 days 01:01:35.402000,2024-07-07 14:06:32.431,1,18.0,False,,False,True,BOT,16.0,15.0,Lapped,-0.9216925818230712,0.2071305090859741,0.3451328235471015,0.8240105047964705,-0.09791932738624093,3695.402,3665.476,0.8881542111589152,62.0,3.5817873872203316,94.447,0,0,Early,Backmarker,Medium,False,True,False,False,False,False,False,False,False,False,False,False,False,False,False,False,False,False,False,False,False,True,False,False,False,False,False,False,True,False,94.72693712519812
0 days 01:38:38.908000,81,100.622,-0.02688633488084168,1.0,,,30.271,1.2044154283706048,28.564,0 days 01:37:28.639000,0 days 01:38:10.426000,0 days 01:38:38.990000,294.0,256.0,202.0,302.0,False,26.0,True,McLaren,0 days 01:36:58.286000,2024-07-07 14:41:55.315,1,2.0,False,,False,True,PIA,5.0,4.0,Finished,0.04620591963018562,-0.6989788423566783,-1.562004743777938,0.4201624101164345,0.21601830854858103,5818.286,5765.7,-0.7486750278822236,69.0,-0.7801790823459103,100.62199999999999,0,0,Mid,Top5,Medium,False,False,False,False,False,False,False,False,False,True,False,False,False,False,False,False,False,False,False,False,False,False,True,False,False,False,False,False,True,False,101.6032575803174
0 days 01:21:30.862000,16,92.755,-0.7812505965649501,1.0,,,29.798,-0.5106246489863542,25.428,0 days 01:20:27.958000,0 days 01:21:05.487000,0 days 01:21:30.915000,286.0,257.0,248.0,300.0,False,15.0,True,Ferrari,0 days 01:19:58.107000,2024-07-07 14:24:55.136,1,7.0,False,,False,True,LEC,11.0,14.0,Lapped,-0.4915154700660682,0.5176623463837735,1.1659317554660067,-0.32599665766552116,0.3358712121931863,4798.107,4745.599,1.160959084332437,60.0,0.2508311740970202,92.755,0,0,Early,Midfield,Fast,False,False,False,False,True,False,False,False,False,False,False,False,False,False,False,False,False,False,False,True,False,False,False,False,False,False,False,False,True,False,91.82023606450483
0 days 01:25:29.821000,24,98.106,-0.6440934580769304,2.0,,,30.887,0.12093543586468165,28.122,0 days 01:24:22.659000,0 days 01:25:01.756000,0 days 01:25:29.878000,287.0,254.0,212.0,298.0,False,5.0,True,Kick Sauber,0 days 01:23:51.715000,2024-07-07 14:28:48.744,1,19.0,False,,False,True,ZHO,14.0,18.0,Lapped,-0.4915154700660682,-0.22728962415187381,-0.5315440417689403,0.019447753424900568,-0.26428389215296333,5031.715,4985.646,1.0245566477456738,62.0,0.13186845219975876,98.10600000000001,0,0,Early,Midfield,Medium,False,False,False,False,False,False,False,False,False,False,False,False,False,False,False,False,False,True,False,False,False,True,False,False,False,False,False,False,True,False,97.90858947940809
0 days 02:02:58.733000,77,97.114,0.8646350652912865,3.0,,,31.692,0.12254655853011709,26.321,0 days 02:01:53.366000,0 days 02:02:32.467000,0 days 02:02:58.788000,286.0,253.0,247.0,292.0,False,2.0,True,Kick Sauber,0 days 02:01:21.619000,2024-07-07 15:06:18.648,1,14.0,False,,False,True,BOT,16.0,15.0,Lapped,-0.8141483038838205,-0.11873829132405599,-0.2663093468183489,0.9667855290473563,-0.4469437274615227,7281.619,7265.92,-1.1578823376425065,75.0,0.2508311740970202,97.114,0,0,Late,Backmarker,Medium,False,True,False,False,False,False,False,False,False,False,False,False,False,False,False,False,False,False,False,False,False,True,False,False,False,False,False,False,False,True,98.24054485635189
0 days 01:50:00.820000,31,104.019,0.31600651133920765,4.0,,,32.492,1.2620130636599534,29.597,0 days 01:48:49.358000,0 days 01:49:31.288000,0 days 01:50:00.885000,279.0,240.0,218.0,283.0,False,5.0,True,Alpine,0 days 01:48:16.801000,2024-07-07 14:53:13.830,1,18.0,False,,False,True,OCO,18.0,16.0,Lapped,-1.029236859762322,-1.1728076672736523,-0.6412802979287403,1.9526245296636406,-2.05251988109621,6496.801,6485.796,-1.430687210816031,73.0,-1.2956842105673754,104.019,0,0,Mid,Backmarker,Slow,False,False,False,False,False,False,False,True,False,False,False,False,False,False,False,False,False,False,False,False,False,False,False,False,False,False,False,True,False,False,104.33660215328749
0 days 01:55:03.572000,11,105.045,0.5217422190712372,3.0,,,33.18,1.7405164952945409,28.747,0 days 01:53:51.781000,0 days 01:54:34.899000,0 days 01:55:03.646000,291.0,242.0,206.0,297.0,False,6.0,True,Red Bull Racing,0 days 01:53:18.527000,2024-07-07 14:58:15.556,1,16.0,False,,False,True,PER,20.0,17.0,Lapped,-0.599059748005319,-1.2121698368758163,-1.7394411394058042,0.7758171962316672,-1.3591983942100823,6798.527,6785.879,-1.430687210816031,76.0,-1.0577587667728525,105.045,0,0,Mid,Backmarker,Slow,False,False,False,False,False,False,False,False,True,False,False,False,False,False,False,False,False,False,False,False,False,False,False,False,False,True,False,True,False,False,104.16048007438636
0 days 01:58:25.561000,18,100.825,0.7274779268032668,2.0,,,31.891,0.961135905889721,27.751,0 days 01:57:16.686000,0 days 01:57:57.869000,0 days 01:58:25.620000,294.0,242.0,229.0,301.0,False,11.0,True,Aston Martin,0 days 01:56:44.736000,2024-07-07 15:01:41.765,1,7.0,False,,False,True,STR,8.0,7.0,Finished,-0.38397119212681746,-0.5722869919112588,-0.7129151407980405,0.7227895682249701,-0.8439760523992808,7004.736,6965.895,-1.5670896474027918,76.0,-1.0181045261404331,100.825,0,0,Late,Top10,Medium,False,False,False,False,False,False,False,False,False,False,False,False,False,False,True,False,False,False,True,False,False,False,False,False,False,False,False,True,False,False,100.86113826118465
0 days 01:59:17.281000,4,97.999,0.7960564960472767,2.0,,,31.328,0.421812593634914,26.827,0 days 01:58:10.671000,0 days 01:58:50.515000,0 days 01:59:17.342000,294.0,249.0,237.0,300.0,False,11.0,True,McLaren,0 days 01:57:39.282000,2024-07-07 15:02:36.311,1,1.0,False,,False,True,NOR,3.0,3.0,Finished,-0.16888263624831593,-0.2697363177299833,-0.5363965625644354,-0.3205794565274444,0.036132455004962025,7059.282,7025.895,-1.430687210816031,78.0,-0.5819078791838084,97.999,0,1,Late,Top5,Medium,False,False,False,False,False,False,True,False,False,False,False,False,False,False,False,False,False,False,False,False,False,False,True,False,False,False,False,True,False,False,98.83846915868484
0 days 01:21:42.606000,11,92.702,-0.7812505965649501,1.0,,,29.51,-0.42765183171638543,25.457,0 days 01:20:39.488000,0 days 01:21:17.223000,0 days 01:21:42.680000,318.0,261.0,246.0,327.0,False,15.0,True,Red Bull Racing,0 days 01:20:09.904000,2024-07-07 14:25:06.933,1,16.0,False,,False,True,PER,20.0,17.0,Lapped,2.4121800342937023,0.5205236718744884,0.06522859396307001,0.44406258245562436,0.5036250348368392,4809.904,4805.646,1.160959084332437,59.0,0.2508311740970202,92.702,0,0,Early,Backmarker,Fast,False,False,False,False,False,False,False,False,True,False,False,False,False,False,False,False,False,False,False,False,False,False,False,False,False,True,False,False,False,False,94.97141198912186
0 days 01:53:39.798000,20,106.135,0.5217422190712372,2.0,,,33.424,1.639821328704771,29.843,0 days 01:52:27.121000,0 days 01:53:09.989000,0 days 01:53:39.832000,289.0,238.0,212.0,296.0,False,7.0,True,Haas F1 Team,0 days 01:51:53.663000,2024-07-07 14:56:50.692,1,11.0,False,,False,True,MAG,17.0,12.0,Finished,-0.8141483038838205,-1.453432471200497,-2.003051919093332,1.1432388147999317,-1.7707459634806086,6713.663,6665.852,-1.430687210816031,75.0,-1.176721488670114,106.135,0,0,Mid,Backmarker,Slow,False,False,False,False,False,True,False,False,False,False,False,False,False,False,False,False,False,False,False,False,True,False,False,False,False,False,False,True,False,False,107.20530950540572
0 days 01:24:48,2,95.258,-0.6440934580769304,1.0,,,29.995,-0.3430678917809784,27.318,0 days 01:23:42.811000,0 days 01:24:20.756000,0 days 01:24:48.074000,291.0,250.0,242.0,300.0,False,17.0,True,Williams,0 days 01:23:12.742000,2024-07-07 14:28:09.771,1,13.0,False,,False,True,SAR,12.0,11.0,Finished,0.04620591963018562,0.17478356654164678,0.06743500354958225,0.6126709269476555,-0.18492574184147315,4992.742,4985.646,1.0245566477456738,62.0,0.13186845219975876,95.258,0,0,Early,Midfield,Medium,False,False,False,False,False,False,False,False,False,False,False,False,False,True,False,False,False,False,False,False,False,False,False,False,False,False,True,False,True,False,93.95224071551185
0 days 01:35:21.215000,11,106.214,-0.23262204261287125,2.0,,,33.78,1.8524895205423644,29.038,0 days 01:34:08.855000,0 days 01:34:52.251000,0 days 01:35:21.289000,289.0,237.0,215.0,296.0,False,4.0,True,Red Bull Racing,0 days 01:33:35.001000,2024-07-07 14:38:32.030,1,17.0,False,,False,True,PER,20.0,17.0,Lapped,-0.9216925818230712,-1.3963395992941323,-1.580056652084943,-0.027607809793120795,-1.8893921668072353,5615.001,5585.679,-0.6122725912954626,69.0,-0.7801790823459103,106.214,0,0,Mid,Backmarker,Slow,False,False,False,False,False,False,False,False,True,False,False,False,False,False,False,False,False,False,False,False,False,False,False,False,False,True,False,True,False,False,103.71269593909189
0 days 01:12:31.460000,24,95.322,-1.1927220120290094,1.0,,,30.439,-0.016815552030123047,26.128,0 days 01:11:26.634000,0 days 01:12:05.389000,0 days 01:12:31.517000,287.0,253.0,243.0,291.0,False,9.0,True,Kick Sauber,0 days 01:10:56.138000,2024-07-07 14:15:53.167,1,18.0,False,,False,True,ZHO,14.0,18.0,Lapped,-0.9216925818230712,0.06556199247942494,0.30833680124813123,0.0174271490690219,-0.3812879275267581,4256.138,4205.552,1.160959084332437,61.0,0.8456447835833258,95.322,0,0,Early,Midfield,Medium,False,False,False,False,False,False,False,False,False,False,False,False,False,False,False,False,False,True,False,False,False,True,False,False,False,False,False,False,False,True,95.09673525800945
0 days 02:05:19.095000,22,90.812,1.0017922037793063,3.0,,,28.932,-0.8497659700607015,25.193,0 days 02:04:17.275000,0 days 02:04:53.962000,0 days 02:05:19.155000,296.0,259.0,251.0,304.0,True,3.0,True,RB,0 days 02:03:48.283000,2024-07-07 15:08:45.312,1,9.0,False,,False,True,TSU,13.0,10.0,Finished,0.04620591963018562,0.8651825392095518,1.1135640670061169,-0.734230768736543,0.6525294368914687,7428.283,7385.959,-0.6122725912954626,73.0,0.09221421156733783,90.812,0,0,Late,Midfield,VeryFast,False,False,False,False,False,False,False,False,False,False,False,False,False,False,False,True,False,False,False,False,False,False,False,False,True,False,False,False,False,True,89.97859351339642
0 days 01:56:44.736000,18,103.0,0.6588993575592569,2.0,,,32.334,1.4364170921934347,28.303,0 days 01:55:34.129000,0 days 01:56:16.492000,0 days 01:56:44.795000,290.0,240.0,224.0,301.0,False,10.0,True,Aston Martin,0 days 01:55:01.736000,2024-07-07 14:59:58.765,1,7.0,False,,False,True,STR,8.0,7.0,Finished,-0.2764269141875667,-0.9159028670640288,-1.1385704694386112,0.3857228130686478,-1.2302528267532191,6901.736,6845.886,-1.5670896474027918,75.0,-1.0974130074052735,103.0,0,0,Late,Top10,Slow,False,False,False,False,False,False,False,False,False,False,False,False,False,False,True,False,False,False,True,False,False,False,False,False,False,False,False,True,False,False,102.91883100541034
0 days 02:13:05.570000,20,91.131,1.3446850499993555,3.0,,,29.338,-0.9121969733463594,25.261,0 days 02:12:03.811000,0 days 02:12:40.343000,0 days 02:13:05.604000,289.0,259.0,248.0,297.0,False,9.0,True,Haas F1 Team,0 days 02:11:34.439000,2024-07-07 15:16:31.468,1,12.0,False,,False,True,MAG,17.0,12.0,Finished,0.2612944755086871,0.8119323256174745,0.9245152568535063,-0.8323401352791144,1.3415506561245856,7894.439,7866.021,-0.20306528153517733,71.0,0.40944813662670115,91.131,0,0,Late,Backmarker,VeryFast,False,False,False,False,False,True,False,False,False,False,False,False,False,False,False,False,False,False,False,False,True,False,False,False,False,False,False,False,False,True,89.89003836028219
0 days 01:48:13.792000,14,102.796,0.31600651133920765,2.0,,,32.417,1.1009007971163223,28.849,0 days 01:47:03.505000,0 days 01:47:45.035000,0 days 01:48:13.884000,290.0,240.0,225.0,297.0,False,4.0,True,Aston Martin,0 days 01:46:30.996000,2024-07-07 14:51:28.025,1,9.0,False,,False,True,ALO,10.0,8.0,Finished,-0.8141483038838205,-0.9626442210069249,-1.268145747020141,0.622769977750677,-1.2132967873891845,6390.996,6365.801,-1.1578823376425065,73.0,-1.2956842105673754,102.796,0,0,Mid,Top10,Slow,True,False,False,False,False,False,False,False,False,False,False,False,False,False,False,False,False,False,True,False,False,False,False,False,False,False,False,True,False,False,102.82279172152805
0 days 02:05:31.562000,2,90.875,1.0017922037793063,3.0,,,28.848,-0.7635709074598562,25.126,0 days 02:04:29.609000,0 days 02:05:06.510000,0 days 02:05:31.636000,310.0,263.0,250.0,321.0,True,3.0,True,Williams,0 days 02:04:00.687000,2024-07-07 15:08:57.716,1,12.0,False,,False,True,SAR,12.0,11.0,Finished,1.659370088718947,0.8542691953355512,0.6660997699621843,-0.9246056181252863,0.5162962018285849,7440.687,7385.959,-0.6122725912954626,73.0,0.09221421156733783,90.875,0,0,Late,Midfield,VeryFast,False,False,False,False,False,False,False,False,False,False,False,False,False,True,False,False,False,False,False,False,False,False,False,False,False,False,True,False,False,True,90.63886500628885
0 days 01:12:26.274000,20,92.783,-1.1927220120290094,1.0,,,29.654,-0.43329076104541375,25.408,0 days 01:11:23.179000,0 days 01:12:00.900000,0 days 01:12:26.308000,292.0,255.0,245.0,299.0,True,9.0,True,Haas F1 Team,0 days 01:10:53.491000,2024-07-07 14:15:50.520,1,15.0,False,,False,True,MAG,17.0,12.0,Finished,-0.2764269141875667,0.5311963881848125,0.510219675555519,-0.24010380399164744,0.9695200075324721,4253.491,4205.552,1.160959084332437,61.0,0.8456447835833258,92.783,0,0,Early,Backmarker,Fast,False,False,False,False,False,True,False,False,False,False,False,False,False,False,False,False,False,False,False,False,True,False,False,False,False,False,False,False,True,False,91.34975619801327
0 days 01:12:24.588000,3,92.762,-1.1927220120290094,1.0,,,29.737,-0.47638829234583496,25.411,0 days 01:11:21.645000,0 days 01:11:59.259000,0 days 01:12:24.670000,295.0,255.0,243.0,301.0,True,9.0,True,RB,0 days 01:10:51.826000,2024-07-07 14:15:48.855,1,14.0,False,,False,True,RIC,15.0,13.0,Lapped,-0.2764269141875667,0.45311572875284584,0.34257213474415943,-1.0772148215630246,1.0949738422198325,4251.826,4205.552,1.160959084332437,61.0,0.8456447835833258,92.762,0,0,Early,Midfield,Fast,False,False,False,False,False,False,False,False,False,False,True,False,False,False,False,False,False,False,False,False,False,False,False,False,True,False,False,False,True,False,92.61521093759897
0 days 01:59:18.437000,44,97.22,0.7960564960472767,2.0,,0 days 01:59:12.470000,31.208,0.5072020949030374,25.956,0 days 01:58:12.453000,0 days 01:58:52.509000,0 days 01:59:18.465000,298.0,246.0,,302.0,False,11.0,True,Mercedes,0 days 01:57:41.217000,2024-07-07 15:02:38.246,1,2.0,False,,False,False,HAM,2.0,1.0,Finished,-0.16888263624831593,-0.4500533688381112,0.12825557207884453,0.21480740592666311,-0.5026875404366007,7061.217,7025.895,-1.430687210816031,78.0,-0.5819078791838084,97.22,1,1,Late,Top5,Medium,False,False,True,False,False,False,False,False,False,False,False,False,False,False,False,False,False,False,False,False,False,False,False,True,False,False,False,True,False,False,99.62641551880994
0 days 02:16:13.232000,44,89.667,1.550420757731385,3.0,,,29.218,-1.1111706225277447,24.411,0 days 02:15:12.811000,0 days 02:15:48.849000,0 days 02:16:13.260000,293.0,263.0,251.0,301.0,False,12.0,False,Mercedes,0 days 02:14:43.565000,2024-07-07 15:19:40.594,1,1.0,False,,False,True,HAM,2.0,1.0,Finished,0.36883875344793793,1.0858411720112446,1.4786492657706296,-0.8995237659796871,1.1830854152923018,8083.565,8046.052,0.06973959163834459,71.0,0.4887566178915416,89.667,1,1,Late,Top5,VeryFast,False,False,True,False,False,False,False,False,False,False,False,False,False,False,False,False,False,False,False,False,False,False,False,True,False,False,False,False,False,True,90.10259144543808
0 days 02:00:54.027000,4,96.746,0.8646350652912865,2.0,,0 days 02:00:48.120000,31.241,0.4306737682948132,25.639,0 days 01:59:48.583000,0 days 02:00:28.449000,0 days 02:00:54.088000,292.0,249.0,,304.0,False,12.0,True,McLaren,0 days 01:59:17.281000,2024-07-07 15:04:14.310,1,1.0,False,,False,False,NOR,3.0,3.0,Finished,0.04620591963018562,-0.5611620942658034,-0.2690012144846191,-0.30469348983402206,-0.10202756493403757,7157.281,7145.921,-1.430687210816031,76.0,0.09221421156733783,96.746,0,1,Late,Top5,Medium,False,False,False,False,False,False,True,False,False,False,False,False,False,False,False,False,False,False,False,False,False,False,True,False,False,False,False,True,False,False,97.86329144795941
0 days 01:58:28.951000,11,101.845,0.6588993575592569,3.0,,,32.059,1.2342211976811759,27.925,0 days 01:57:19.239000,0 days 01:58:01.100000,0 days 01:58:29.025000,294.0,242.0,230.0,299.0,False,8.0,True,Red Bull Racing,0 days 01:56:47.106000,2024-07-07 15:01:44.135,1,16.0,False,,False,True,PER,20.0,17.0,Lapped,-0.4915154700660682,-0.7631173249819865,-1.0392934305907935,-0.12754762243726353,-0.9665521921586416,7007.106,6965.895,-1.5670896474027918,76.0,-1.0181045261404331,101.84499999999998,0,0,Late,Backmarker,Medium,False,False,False,False,False,False,False,False,True,False,False,False,False,False,False,False,False,False,False,False,False,False,False,False,False,True,False,True,False,False,100.98566969085259
0 days 01:39:14.049000,22,103.26,-0.02688633488084168,1.0,,,30.457,1.7050717966549416,29.773,0 days 01:38:01.306000,0 days 01:38:44.336000,0 days 01:39:14.109000,301.0,249.0,210.0,308.0,False,26.0,True,RB,0 days 01:37:30.789000,2024-07-07 14:42:27.818,1,10.0,False,,False,True,TSU,13.0,10.0,Finished,0.2612944755086871,-1.0225696896350995,-1.396109914470438,1.5261229364257585,-0.5895421591210027,5850.789,5825.735,-0.7486750278822236,67.0,-0.7801790823459103,103.25999999999999,0,0,Mid,Midfield,Slow,False,False,False,False,False,False,False,False,False,False,False,False,False,False,False,True,False,False,False,False,False,False,False,False,True,False,False,False,True,False,102.40170457404646
0 days 01:27:39.599000,4,101.436,-0.5069363195889107,1.0,,,32.74,0.8278155053248645,27.844,0 days 01:26:30.964000,0 days 01:27:11.816000,0 days 01:27:39.660000,292.0,236.0,231.0,301.0,False,19.0,True,McLaren,0 days 01:25:58.163000,2024-07-07 14:30:55.192,1,2.0,False,,False,True,NOR,3.0,3.0,Finished,0.1537501975694364,-0.8286171609526859,-1.0976418407911683,0.7826618169036013,0.17336322459563996,5158.163,5105.652,1.2973615209192007,60.0,-0.02674851032992359,101.436,0,1,Mid,Top5,Medium,False,False,False,False,False,False,True,False,False,False,False,False,False,False,False,False,False,False,False,False,False,False,True,False,False,False,False,False,True,False,98.5016343132481
0 days 01:15:32.135000,11,92.491,-1.0555648735409895,1.0,,,29.452,-0.459471504358753,25.383,0 days 01:14:29.170000,0 days 01:15:06.826000,0 days 01:15:32.209000,314.0,258.0,246.0,328.0,False,11.0,True,Red Bull Racing,0 days 01:13:59.644000,2024-07-07 14:18:56.673,1,16.0,False,,False,True,PER,20.0,17.0,Lapped,2.627268590172204,0.4960024889478008,-0.040019213525438864,0.604112827681269,0.4555678965294337,4439.644,4385.545,1.5701663940927224,62.0,0.647373580421224,92.491,0,0,Early,Backmarker,Fast,False,False,False,False,False,False,False,False,True,False,False,False,False,False,False,False,False,False,False,False,False,False,False,False,False,True,False,False,False,False,95.30121589984837
0 days 01:10:46.061000,14,92.496,-1.2613005812730191,1.0,,,29.612,-0.5146524556499471,25.365,0 days 01:09:43.269000,0 days 01:10:20.788000,0 days 01:10:46.153000,297.0,256.0,245.0,305.0,True,8.0,True,Aston Martin,0 days 01:09:13.565000,2024-07-07 14:14:10.594,1,10.0,False,,False,True,ALO,10.0,8.0,Finished,0.1537501975694364,0.6495126807946309,0.29947907554680187,0.14661676451754946,0.2980329735009433,4153.565,4145.541,1.0245566477456738,60.0,0.805990542950905,92.496,0,0,Early,Top10,Fast,True,False,False,False,False,False,False,False,False,False,False,False,False,False,False,False,False,False,True,False,False,False,False,False,False,False,False,False,True,False,92.21013900825275
0 days 02:12:53.651000,22,91.688,1.3446850499993555,3.0,,,29.427,-0.6721396961963465,25.133,0 days 02:11:51.450000,0 days 02:12:28.578000,0 days 02:12:53.711000,315.0,259.0,250.0,299.0,False,8.0,True,RB,0 days 02:11:21.963000,2024-07-07 15:16:18.992,1,10.0,False,,False,True,TSU,13.0,10.0,Finished,1.0141044210834425,0.8316891196060993,0.7815827634899154,-0.22963078713471988,0.13071031059179153,7881.963,7866.021,-0.20306528153517733,71.0,0.40944813662670115,91.688,0,0,Late,Midfield,VeryFast,False,False,False,False,False,False,False,False,False,False,False,False,False,False,False,True,False,False,False,False,False,False,False,False,True,False,False,False,False,True,92.09200586272823
0 days 01:53:30.783000,31,105.29,0.45316364982722734,4.0,,,33.217,1.521806593461561,29.498,0 days 01:52:18.775000,0 days 01:53:01.350000,0 days 01:53:30.848000,282.0,239.0,218.0,286.0,False,7.0,True,Alpine,0 days 01:51:45.493000,2024-07-07 14:56:42.522,1,18.0,False,,False,True,OCO,18.0,16.0,Lapped,-1.2443254156408237,-1.3677541897240668,-1.010258452961583,2.39764031271634,-2.47444465220402,6705.493,6665.852,-1.430687210816031,75.0,-1.176721488670114,105.29,0,0,Mid,Backmarker,Slow,False,False,False,False,False,False,False,True,False,False,False,False,False,False,False,False,False,False,False,False,False,False,False,False,False,False,False,True,False,False,106.43689634682849
0 days 01:12:19.524000,22,92.57,-1.1927220120290094,1.0,,,29.49,-0.4437630583707483,25.385,0 days 01:11:16.504000,0 days 01:11:54.199000,0 days 01:12:19.584000,319.0,259.0,245.0,326.0,True,9.0,True,RB,0 days 01:10:46.954000,2024-07-07 14:15:43.983,1,11.0,False,,False,True,TSU,13.0,10.0,Finished,2.1970914784152007,0.5211209283737864,0.19480233588303975,-0.2862957685841928,0.35902620026796783,4246.954,4205.552,1.160959084332437,61.0,0.8456447835833258,92.57000000000001,0,0,Early,Midfield,Fast,False,False,False,False,False,False,False,False,False,False,False,False,False,False,False,True,False,False,False,False,False,False,False,False,True,False,False,False,True,False,93.75820289513644
0 days 02:18:44.358000,14,90.727,1.618999326975395,3.0,,,29.212,-0.8449326020643925,24.816,0 days 02:17:42.935000,0 days 02:18:19.634000,0 days 02:18:44.450000,280.0,262.0,252.0,295.0,False,12.0,True,Aston Martin,0 days 02:17:13.631000,2024-07-07 15:22:10.660,1,8.0,False,,False,True,ALO,10.0,8.0,Finished,-0.4915154700660682,0.9386411832066748,-0.2747071363700503,-1.9089747828191017,-0.08850551490037278,8233.631,8226.085,0.206142028225108,69.0,0.5680650991563821,90.727,0,0,Late,Top10,VeryFast,True,False,False,False,False,False,False,False,False,False,False,False,False,False,False,False,False,False,True,False,False,False,False,False,False,False,False,False,True,False,95.41813418314494
0 days 01:16:53.722000,16,92.236,-0.9869863042969798,1.0,,,29.622,-0.6185698675705879,25.353,0 days 01:15:51.161000,0 days 01:16:28.422000,0 days 01:16:53.775000,304.0,260.0,249.0,316.0,True,12.0,True,Ferrari,0 days 01:15:21.486000,2024-07-07 14:20:18.515,1,8.0,False,,False,True,LEC,11.0,14.0,Lapped,1.229192976961944,0.5052274646904192,0.4315505359105808,0.09490501571226118,-0.040793108016402166,4521.486,4505.547,1.433763957505959,59.0,0.5284108585239625,92.23600000000002,0,0,Early,Midfield,Fast,False,False,False,False,True,False,False,False,False,False,False,False,False,False,False,False,False,False,False,True,False,False,False,False,False,False,False,False,True,False,95.04086783713694
0 days 01:53:33.913000,23,105.216,0.5217422190712372,2.0,,,33.108,1.597529358737066,29.345,0 days 01:52:21.805000,0 days 01:53:04.568000,0 days 01:53:33.913000,291.0,240.0,213.0,300.0,False,7.0,True,Williams,0 days 01:51:48.697000,2024-07-07 14:56:45.726,1,10.0,False,,False,True,ALB,9.0,9.0,Finished,-0.38397119212681746,-0.6831864951640264,-0.859483431866453,4.511053850837069,-0.31048489838381227,6708.697,6665.852,-1.430687210816031,75.0,-1.176721488670114,105.216,0,0,Mid,Top10,Medium,False,False,False,False,False,False,False,False,False,False,False,False,False,False,False,False,False,False,False,False,False,False,False,False,False,False,True,True,False,False,98.66294800349007
0 days 01:23:16.331000,3,94.437,-0.7126720273209403,1.0,,,30.036,-0.19726129055899086,26.094,0 days 01:22:12.012000,0 days 01:22:50.319000,0 days 01:23:16.413000,293.0,258.0,246.0,318.0,False,16.0,True,RB,0 days 01:21:41.894000,2024-07-07 14:26:38.923,1,15.0,False,,False,True,RIC,15.0,13.0,Lapped,1.4442815328404455,0.246257480602637,-0.04455435457305151,-0.8916527440995131,0.9840297348344857,4901.894,4865.627,1.160959084332437,59.0,0.1715226928321783,94.43700000000001,0,0,Early,Midfield,Medium,False,False,False,False,False,False,False,False,False,False,True,False,False,False,False,False,False,False,False,False,False,False,False,False,True,False,False,False,True,False,94.68290699291404
0 days 01:24:40.988000,27,95.447,-0.6440934580769304,1.0,,,29.611,-0.33219281378928284,27.864,0 days 01:23:35.192000,0 days 01:24:13.164000,0 days 01:24:41.028000,305.0,253.0,236.0,317.0,False,17.0,True,Haas F1 Team,0 days 01:23:05.541000,2024-07-07 14:28:02.570,1,9.0,False,,False,True,HUL,6.0,6.0,Finished,1.3367372549011949,0.029080013796539197,-0.31527157860204774,0.8141933185248664,0.01176574987864719,4985.541,4925.627,1.160959084332437,60.0,0.13186845219975876,95.447,0,0,Early,Top10,Medium,False,False,False,True,False,False,False,False,False,False,False,False,False,False,False,False,False,False,False,False,True,False,False,False,False,False,False,False,True,False,96.23683216481805
0 days 01:33:55.833000,63,91.497,-0.23262204261287125,1.0,,,29.479,-0.7430290934755452,25.066,0 days 01:32:53.870000,0 days 01:33:30.822000,0 days 01:33:55.888000,299.0,256.0,248.0,306.0,False,23.0,True,Mercedes,0 days 01:32:24.336000,2024-07-07 14:37:21.365,1,4.0,False,,False,True,RUS,1.0,,Retired,0.1537501975694364,0.9232029222221463,1.0417564937928114,-1.0873651553583887,2.1394870937450827,5544.336,5525.714,-0.6122725912954626,68.0,-0.7801790823459103,91.497,0,0,Mid,Top5,VeryFast,False,False,False,False,False,False,False,False,False,False,False,True,False,False,False,False,False,False,False,False,False,False,False,True,False,False,False,False,True,False,91.01972381103712
0 days 01:10:44.922000,27,92.802,-1.2613005812730191,1.0,,,29.549,-0.3938182557422215,25.434,0 days 01:09:41.709000,0 days 01:10:19.528000,0 days 01:10:44.962000,305.0,259.0,246.0,321.0,False,8.0,True,Haas F1 Team,0 days 01:09:12.120000,2024-07-07 14:14:09.149,1,9.0,False,,False,True,HUL,6.0,6.0,Finished,1.766914366658198,0.5474458528068191,-0.23210239945863606,0.5115276134720042,0.47009772470731953,4152.12,4145.541,1.0245566477456738,60.0,0.805990542950905,92.80199999999999,0,0,Early,Top10,Fast,False,False,False,True,False,False,False,False,False,False,False,False,False,False,False,False,False,False,False,False,True,False,False,False,False,False,False,False,True,False,94.94278662187006
0 days 01:15:28.103000,2,92.897,-1.0555648735409895,1.0,,,29.795,-0.4002627464039689,25.299,0 days 01:14:25.075000,0 days 01:15:02.878000,0 days 01:15:28.177000,310.0,258.0,245.0,320.0,False,11.0,True,Williams,0 days 01:13:55.206000,2024-07-07 14:18:52.235,1,13.0,False,,False,True,SAR,12.0,11.0,Finished,1.5518258107796963,0.2798485306461915,-0.12440310841581458,-0.4098705749116957,-0.2432730034972831,4435.206,4385.545,1.5701663940927224,62.0,0.647373580421224,92.89699999999999,0,0,Early,Midfield,Medium,False,False,False,False,False,False,False,False,False,False,False,False,False,True,False,False,False,False,False,False,False,False,False,False,False,False,True,False,True,False,94.46461339933259
0 days 01:17:00.851000,2,92.748,-0.9869863042969798,1.0,,,29.723,-0.4272490510500273,25.289,0 days 01:15:57.900000,0 days 01:16:35.636000,0 days 01:17:00.925000,312.0,257.0,245.0,321.0,True,12.0,True,Williams,0 days 01:15:28.103000,2024-07-07 14:20:25.132,1,13.0,False,,False,True,SAR,12.0,11.0,Finished,1.766914366658198,0.5201899260109573,0.02301961604367835,-1.7702842687819296,-0.013726639261248445,4528.103,4505.547,1.433763957505959,59.0,0.5284108585239625,92.748,0,0,Early,Midfield,Fast,False,False,False,False,False,False,False,False,False,False,False,False,False,True,False,False,False,False,False,False,False,False,False,False,False,False,True,False,True,False,93.61604199652409
0 days 01:37:09.025000,1,96.063,-0.09546490412485154,1.0,,,29.999,0.06494892324076844,27.106,0 days 01:36:03.016000,0 days 01:36:41.974000,0 days 01:37:09.080000,294.0,255.0,228.0,297.0,False,25.0,True,Red Bull Racing,0 days 01:35:32.962000,2024-07-07 14:40:29.991,1,5.0,False,,False,True,VER,4.0,2.0,Finished,-0.8141483038838205,0.0442072535458048,-0.2802630715778353,0.07454028576058208,0.26101730109368104,5732.962,5705.725,-0.7486750278822236,68.0,-0.7801790823459103,96.06299999999999,0,1,Mid,Top5,Medium,False,False,False,False,False,False,False,False,False,False,False,False,False,False,False,False,True,False,False,False,False,False,False,False,False,True,False,False,True,False,96.78096616909822
0 days 01:20:44.034000,24,92.45,-0.84982916580896,2.0,,,29.389,-0.5509027156222628,25.632,0 days 01:19:41.030000,0 days 01:20:18.459000,0 days 01:20:44.091000,285.0,254.0,246.0,288.0,True,2.0,True,Kick Sauber,0 days 01:19:11.584000,2024-07-07 14:24:08.613,1,19.0,False,,False,True,ZHO,14.0,18.0,Lapped,-1.1367811377015729,0.7391090124771317,0.9100716308593517,-1.2959627107748026,0.20168931065933693,4751.584,4745.599,1.160959084332437,60.0,0.2508311740970202,92.45,0,0,Early,Midfield,VeryFast,False,False,False,False,False,False,False,False,False,False,False,False,False,False,False,False,False,True,False,False,False,True,False,False,False,False,False,False,True,False,91.24117094859908
0 days 01:35:22.481000,4,91.629,-0.1640434733688614,1.0,,,29.489,-0.8255991300791559,25.393,0 days 01:34:20.402000,0 days 01:34:57.149000,0 days 01:35:22.542000,289.0,259.0,249.0,298.0,False,24.0,True,McLaren,0 days 01:33:50.852000,2024-07-07 14:38:47.881,1,1.0,False,,False,True,NOR,3.0,3.0,Finished,0.04620591963018562,0.6245902971540945,0.5725529745943212,-0.8981008269498417,0.23163610251035993,5630.852,5585.679,-0.6122725912954626,69.0,-0.7801790823459103,91.629,0,1,Mid,Top5,Fast,False,False,False,False,False,False,True,False,False,False,False,False,False,False,False,False,False,False,False,False,False,False,True,False,False,False,False,False,True,False,91.9954433914387
0 days 02:04:18.600000,4,89.733,1.0017922037793063,3.0,,,28.786,-1.00282262327715,24.64,0 days 02:03:17.714000,0 days 02:03:54.021000,0 days 02:04:18.661000,295.0,261.0,252.0,302.0,True,4.0,False,McLaren,0 days 02:02:48.867000,2024-07-07 15:07:45.896,1,2.0,False,,False,True,NOR,3.0,3.0,Finished,0.1537501975694364,1.0143437985193122,0.1862639214956147,-1.481953989599389,0.9886003050120477,7368.867,7325.931,-0.7486750278822236,74.0,0.1715226928321783,89.733,0,1,Late,Top5,VeryFast,False,False,False,False,False,False,True,False,False,False,False,False,False,False,False,False,False,False,False,False,False,False,True,False,False,False,False,False,False,True,92.24248719303202
0 days 02:13:03.138000,2,90.826,1.3446850499993555,3.0,,,29.347,-0.923072051338052,24.974,0 days 02:12:01.733000,0 days 02:12:38.238000,0 days 02:13:03.212000,293.0,259.0,249.0,293.0,False,8.0,True,Williams,0 days 02:11:32.312000,2024-07-07 15:16:29.341,1,11.0,False,,False,True,SAR,12.0,11.0,Finished,0.04620591963018562,0.8301652150178718,0.9349236224304854,-1.6391768332100998,-0.1720656945655124,7892.312,7866.021,-0.20306528153517733,71.0,0.40944813662670115,90.82600000000001,0,0,Late,Midfield,VeryFast,False,False,False,False,False,False,False,False,False,False,False,False,False,True,False,False,False,False,False,False,False,False,False,False,False,False,True,False,False,True,90.4073293381595
0 days 01:10:53.491000,20,93.204,-1.2613005812730191,1.0,,,29.649,-0.3225260777966646,25.559,0 days 01:09:49.970000,0 days 01:10:27.966000,0 days 01:10:53.525000,309.0,255.0,245.0,300.0,False,8.0,True,Haas F1 Team,0 days 01:09:20.287000,2024-07-07 14:14:17.316,1,15.0,False,,False,True,MAG,17.0,12.0,Finished,0.6914715872656902,0.44937540187287317,0.20354692251850962,-0.2100159858637487,0.5625308966387086,4160.287,4145.541,1.0245566477456738,60.0,0.805990542950905,93.20400000000001,0,0,Early,Backmarker,Fast,False,False,False,False,False,True,False,False,False,False,False,False,False,False,False,False,False,False,False,False,True,False,False,False,False,False,False,False,True,False,92.93142859012484
0 days 01:56:21.713000,81,102.52,0.6588993575592569,2.0,,,32.217,1.4037918582183482,28.021,0 days 01:55:11.492000,0 days 01:55:53.774000,0 days 01:56:21.795000,295.0,245.0,236.0,302.0,False,8.0,True,McLaren,0 days 01:54:39.193000,2024-07-07 14:59:36.222,1,5.0,False,,False,True,PIA,5.0,4.0,Finished,-0.16888263624831593,-0.8346016781337069,-1.3545911571390026,0.4870549960159459,0.20713952736304483,6879.193,6845.886,-1.5670896474027918,75.0,-1.0974130074052735,102.52,0,0,Late,Top5,Medium,False,False,False,False,False,False,False,False,False,True,False,False,False,False,False,False,False,False,False,False,False,False,True,False,False,False,False,True,False,False,102.42677832610067
0 days 01:34:01.464000,55,92.297,-0.23262204261287125,1.0,,,29.615,-0.5895696595927359,25.349,0 days 01:32:58.822000,0 days 01:33:36.155000,0 days 01:34:01.504000,292.0,256.0,248.0,302.0,False,23.0,True,Ferrari,0 days 01:32:29.167000,2024-07-07 14:37:26.196,1,6.0,False,,False,True,SAI,7.0,5.0,Finished,-0.16888263624831593,0.6941760628018676,1.0986197958214488,-0.053338141598529516,0.6773578323751751,5549.167,5525.714,-0.6122725912954626,68.0,-0.7801790823459103,92.297,0,0,Mid,Top10,VeryFast,False,False,False,False,False,False,False,False,False,False,False,False,True,False,False,False,False,False,False,True,False,False,False,False,False,False,False,False,True,False,91.48767495274674
0 days 02:09:46.220000,11,90.229,1.138949342267326,4.0,,,29.012,-0.9569056273122161,24.796,0 days 02:08:45.077000,0 days 02:09:21.498000,0 days 02:09:46.294000,294.0,260.0,250.0,302.0,True,6.0,True,Red Bull Racing,0 days 02:08:15.991000,2024-07-07 15:13:13.020,1,16.0,False,,False,True,PER,20.0,17.0,Lapped,-0.16888263624831593,0.7678127236898882,0.6553046401842204,-0.772427876955746,0.4208345406392816,7695.991,7686.0,-0.3394677181219383,72.0,0.21117693346459926,90.22899999999998,0,0,Late,Backmarker,VeryFast,False,False,False,False,False,False,False,False,True,False,False,False,False,False,False,False,False,False,False,False,False,False,False,False,False,True,False,False,True,False,89.84108753673421
0 days 02:03:48.283000,22,92.318,0.9332136345352964,3.0,,,29.474,-0.49249951900019784,25.27,0 days 02:02:45.499000,0 days 02:03:23.073000,0 days 02:03:48.343000,293.0,258.0,250.0,299.0,True,2.0,True,RB,0 days 02:02:15.965000,2024-07-07 15:07:12.994,1,9.0,False,,False,True,TSU,13.0,10.0,Finished,-0.4915154700660682,0.7083050427316908,0.5291570598780765,0.08051672888653359,0.15520066023082052,7335.965,7325.931,-0.7486750278822236,74.0,0.1715226928321783,92.318,0,0,Late,Midfield,VeryFast,False,False,False,False,False,False,False,False,False,False,False,False,False,False,False,True,False,False,False,False,False,False,False,False,True,False,False,False,False,True,92.8521217902012
0 days 02:14:46.890000,1,88.952,1.4818421884873751,3.0,,,28.807,-1.0596146972337823,23.979,0 days 02:13:46.800000,0 days 02:14:22.966000,0 days 02:14:46.945000,316.0,266.0,250.0,327.0,True,10.0,True,Red Bull Racing,0 days 02:13:17.938000,2024-07-07 15:18:14.967,1,2.0,False,,False,True,VER,4.0,2.0,Finished,2.3046357563544517,1.1858807595484921,1.3119438442403404,-1.0418540322993073,1.3760079046736808,7997.938,7986.026,-0.06666284494841637,71.0,0.3697938959942802,88.952,0,1,Late,Top5,VeryFast,False,False,False,False,False,False,False,False,False,False,False,False,False,False,False,False,True,False,False,False,False,False,False,False,False,True,False,False,False,False,90.86762247282009
0 days 01:18:31.580000,22,93.031,-0.9184077350529699,1.0,,,29.61,-0.3978460624058143,25.612,0 days 01:17:28.219000,0 days 01:18:06.028000,0 days 01:18:31.640000,301.0,257.0,246.0,302.0,False,13.0,True,RB,0 days 01:16:58.549000,2024-07-07 14:21:55.578,1,11.0,False,,False,True,TSU,13.0,10.0,Finished,-0.16888263624831593,0.409124259114409,0.11926287054660101,-0.09877656489201188,0.08695968191393488,4618.549,4565.557,1.433763957505959,61.0,0.4887566178915416,93.03099999999999,0,0,Early,Midfield,Medium,False,False,False,False,False,False,False,False,False,False,False,False,False,False,False,True,False,False,False,False,False,False,False,False,True,False,False,False,True,False,94.5588317489643
0 days 01:56:47.106000,11,103.534,0.590320788315247,3.0,,,32.741,1.4827368688247298,28.315,0 days 01:55:36.387000,0 days 01:56:18.865000,0 days 01:56:47.180000,291.0,238.0,224.0,299.0,False,7.0,True,Red Bull Racing,0 days 01:55:03.572000,2024-07-07 15:00:00.601,1,16.0,False,,False,True,PER,20.0,17.0,Lapped,-0.599059748005319,-0.9848456204958579,-1.3299133837850754,0.3628224859243233,-1.2025493120704223,6903.572,6845.886,-1.5670896474027918,75.0,-1.0974130074052735,103.53399999999999,0,0,Late,Backmarker,Slow,False,False,False,False,False,False,False,False,True,False,False,False,False,False,False,False,False,False,False,False,False,False,False,False,False,True,False,True,False,False,102.3383870652277
0 days 02:15:10.409000,55,89.415,1.4818421884873751,3.0,,,29.057,-1.0974760798715335,24.286,0 days 02:14:10.091000,0 days 02:14:46.163000,0 days 02:15:10.449000,287.0,263.0,252.0,296.0,True,9.0,True,Ferrari,0 days 02:13:40.994000,2024-07-07 15:18:38.023,1,5.0,False,,False,True,SAI,7.0,5.0,Finished,-0.38397119212681746,1.0573934410497827,1.6524640516144453,-1.061444137914575,-0.1947956448201204,8020.994,7986.026,-0.06666284494841637,71.0,0.3697938959942802,89.415,0,0,Late,Top10,VeryFast,False,False,False,False,False,False,False,False,False,False,False,False,True,False,False,False,False,False,False,True,False,False,False,False,False,False,False,False,False,False,91.8405293546418
0 days 02:15:30.187000,24,91.43,1.3446850499993555,5.0,,,29.359,-0.703959368838714,25.022,0 days 02:14:28.173000,0 days 02:15:05.222000,0 days 02:15:30.244000,284.0,260.0,250.0,291.0,False,10.0,False,Kick Sauber,0 days 02:13:58.757000,2024-07-07 15:18:55.786,1,18.0,False,,False,True,ZHO,14.0,18.0,Lapped,-0.7066040259445697,0.7809059325711718,1.2314350800108465,-1.3482773266402934,-0.5837286199425522,8038.757,7986.026,-0.06666284494841637,71.0,0.3697938959942802,91.43,0,0,Late,Midfield,VeryFast,False,False,False,False,False,False,False,False,False,False,False,False,False,False,False,False,False,True,False,False,False,True,False,False,False,False,False,False,False,True,91.74646861928849
0 days 01:55:10.370000,14,104.251,0.590320788315247,2.0,,,32.897,1.5314733294541765,28.755,0 days 01:53:59.108000,0 days 01:54:41.707000,0 days 01:55:10.462000,291.0,241.0,230.0,299.0,False,8.0,True,Aston Martin,0 days 01:53:26.119000,2024-07-07 14:58:23.148,1,8.0,False,,False,True,ALO,10.0,8.0,Finished,-0.4915154700660682,-1.0489214501061326,-1.3832880769045093,0.0557774407452001,-1.5250708699061999,6806.119,6785.879,-1.430687210816031,76.0,-1.0577587667728525,104.25099999999999,0,0,Late,Top10,Slow,True,False,False,False,False,False,False,False,False,False,False,False,False,False,False,False,False,False,True,False,False,False,False,False,False,False,False,True,False,False,103.89990658513719
0 days 02:09:12.264000,55,89.739,1.2075279115113358,3.0,,,28.895,-1.0040309652762271,24.54,0 days 02:08:11.460000,0 days 02:08:47.764000,0 days 02:09:12.304000,292.0,264.0,251.0,301.0,True,5.0,True,Ferrari,0 days 02:07:42.525000,2024-07-07 15:12:39.554,1,5.0,False,,False,True,SAI,7.0,5.0,Finished,0.2612944755086871,1.1907591628401204,1.5391532314369283,-1.024204484995661,-0.04704129910217682,7662.525,7626.012,-0.47587015470869926,75.0,0.3697938959942802,89.739,0,0,Late,Top10,VeryFast,False,False,False,False,False,False,False,False,False,False,False,False,True,False,False,False,False,False,False,True,False,False,False,False,False,False,False,False,False,False,92.04293643438822
0 days 02:02:46.144000,44,90.318,0.9332136345352964,3.0,,,28.689,-0.817543516751973,24.862,0 days 02:01:44.543000,0 days 02:02:21.310000,0 days 02:02:46.172000,294.0,260.0,250.0,291.0,True,3.0,False,Mercedes,0 days 02:01:15.826000,2024-07-07 15:06:12.855,1,1.0,False,,False,True,HAM,2.0,1.0,Finished,-0.8141483038838205,0.9915330695090895,1.6004915068170549,-0.9338135459336688,1.9844054788167513,7275.826,7265.92,-1.1578823376425065,75.0,0.2508311740970202,90.318,1,1,Late,Top5,VeryFast,False,False,True,False,False,False,False,False,False,False,False,False,False,False,False,False,False,False,False,False,False,False,False,True,False,False,False,False,False,True,88.42082033498299
0 days 01:32:46.421000,14,92.673,-0.30120061185688113,1.0,,,29.437,-0.5251247529752816,25.743,0 days 01:31:43.277000,0 days 01:32:20.770000,0 days 01:32:46.513000,293.0,256.0,233.0,297.0,False,22.0,True,Aston Martin,0 days 01:31:13.748000,2024-07-07 14:36:10.777,1,8.0,False,,False,True,ALO,10.0,8.0,Finished,-0.599059748005319,0.39547121902305166,0.1121876120168394,-0.45842130456063757,0.19756821863892907,5473.748,5465.676,-0.3394677181219383,68.0,-0.7405248417134893,92.673,0,0,Mid,Top10,Medium,True,False,False,False,False,False,False,False,False,False,False,False,False,False,False,False,False,False,True,False,False,False,False,False,False,False,False,False,True,False,94.08077439938741
0 days 02:19:52.407000,77,92.32,1.618999326975395,3.0,,,29.422,-0.7023482461732786,25.845,0 days 02:18:49.564000,0 days 02:19:26.617000,0 days 02:19:52.462000,285.0,259.0,250.0,300.0,False,13.0,True,Kick Sauber,0 days 02:18:20.087000,2024-07-07 15:23:17.116,1,15.0,False,,False,True,BOT,16.0,15.0,Lapped,-0.4915154700660682,0.5649936477901882,1.1355767418656515,-0.5429311682357064,0.7713449083260991,8300.087,8286.09,0.34254446481186895,69.0,0.6077193397888031,92.32,0,0,Late,Backmarker,Fast,False,True,False,False,False,False,False,False,False,False,False,False,False,False,False,False,False,False,False,False,False,True,False,False,False,False,False,False,False,True,91.72522133278028
0 days 01:44:22.769000,11,105.224,0.11027080360717804,2.0,,0 days 01:44:16.811000,33.67,1.8899481225137575,28.065,0 days 01:43:11.289000,0 days 01:43:54.778000,0 days 01:44:22.843000,286.0,226.0,,276.0,False,9.0,True,Red Bull Racing,0 days 01:42:37.545000,2024-07-07 14:47:34.574,1,16.0,False,,False,False,PER,20.0,17.0,Lapped,-1.1367811377015729,-1.7353074880585566,-2.138582488881652,0.8252096367708539,-2.541463023694628,6157.545,6125.769,-0.8850774644689846,69.0,-1.176721488670114,105.22399999999999,0,0,Mid,Backmarker,Slow,False,False,False,False,False,False,False,False,True,False,False,False,False,False,False,False,False,False,False,False,False,False,False,False,False,True,False,True,False,False,106.94255232838894
0 days 01:22:46.873000,44,91.931,-0.7126720273209403,1.0,,,29.491,-0.8223768847482822,25.685,0 days 01:21:44.461000,0 days 01:22:21.216000,0 days 01:22:46.901000,294.0,260.0,247.0,299.0,False,16.0,True,Mercedes,0 days 01:21:14.942000,2024-07-07 14:26:11.971,1,2.0,False,,False,True,HAM,2.0,1.0,Finished,-0.38397119212681746,0.7133861330110838,1.1248287394938072,-0.9387398486482692,1.6589865011868268,4874.942,4865.627,1.160959084332437,59.0,0.1715226928321783,91.93100000000001,1,1,Early,Top5,VeryFast,False,False,True,False,False,False,False,False,False,False,False,False,False,False,False,False,False,False,False,False,False,False,False,True,False,False,False,False,True,False,90.68544302310734
0 days 02:07:42.525000,55,89.872,1.138949342267326,3.0,,,28.887,-1.0100726752716136,24.696,0 days 02:06:41.580000,0 days 02:07:17.869000,0 days 02:07:42.565000,287.0,263.0,251.0,297.0,False,4.0,True,Ferrari,0 days 02:06:12.653000,2024-07-07 15:11:09.682,1,5.0,False,,False,True,SAI,7.0,5.0,Finished,0.2612944755086871,1.0961560028853317,1.620764877990857,-0.7927238838209236,-0.006584702430025289,7572.653,7565.968,-0.6122725912954626,75.0,0.40944813662670115,89.872,0,0,Late,Top10,VeryFast,False,False,False,False,False,False,False,False,False,False,False,False,True,False,False,False,False,False,False,True,False,False,False,False,False,False,False,False,False,False,91.60759823583383
0 days 01:37:26.867000,27,95.918,-0.09546490412485154,1.0,,,29.955,0.056490529247227445,27.026,0 days 01:36:20.944000,0 days 01:36:59.881000,0 days 01:37:26.907000,293.0,253.0,230.0,302.0,False,25.0,True,Haas F1 Team,0 days 01:35:50.949000,2024-07-07 14:40:47.978,1,7.0,False,,False,True,HUL,6.0,6.0,Finished,-0.16888263624831593,0.05198996807999134,-0.253714953873301,0.5209129294224502,0.31986132829363134,5750.949,5705.725,-0.7486750278822236,68.0,-0.7801790823459103,95.91799999999999,0,0,Mid,Top10,Medium,False,False,False,True,False,False,False,False,False,False,False,False,False,False,False,False,False,False,False,False,True,False,False,False,False,False,False,False,True,False,96.34146447386752
0 days 01:09:20.728000,11,93.313,-1.329879150517029,1.0,,,29.555,-0.13442750660697492,25.295,0 days 01:08:17.044000,0 days 01:08:55.507000,0 days 01:09:20.802000,323.0,258.0,246.0,329.0,False,7.0,True,Red Bull Racing,0 days 01:07:47.415000,2024-07-07 14:12:44.444,1,17.0,False,,False,True,PER,20.0,17.0,Lapped,2.627268590172204,0.34713082878654333,0.022781745267968233,0.9575555606795189,0.6994693388891202,4067.415,4025.531,0.8881542111589152,61.0,0.5680650991563821,93.313,0,0,Early,Backmarker,Medium,False,False,False,False,False,False,False,False,True,False,False,False,False,False,False,False,False,False,False,False,False,False,False,False,False,True,False,False,False,False,94.55572658109034
0 days 01:19:48.694000,81,91.697,-0.84982916580896,1.0,,,29.5,-0.7132233241649713,25.171,0 days 01:18:46.579000,0 days 01:19:23.605000,0 days 01:19:48.776000,296.0,258.0,248.0,302.0,False,14.0,True,McLaren,0 days 01:18:16.997000,2024-07-07 14:23:14.026,1,5.0,False,,False,True,PIA,5.0,4.0,Finished,0.04620591963018562,0.5732298657030567,0.4885501554385948,-0.8721355008244953,1.2717433389168513,4696.997,4685.594,1.2973615209192007,59.0,0.3301396553618607,91.697,0,0,Early,Top5,Fast,False,False,False,False,False,False,False,False,False,True,False,False,False,False,False,False,False,False,False,False,False,False,True,False,False,False,False,False,True,False,91.12999671487862
0 days 02:11:38.157000,3,90.955,1.2761064807553457,3.0,,,29.229,-0.8368769887372096,25.007,0 days 02:10:36.513000,0 days 02:11:13.232000,0 days 02:11:38.239000,292.0,260.0,250.0,300.0,False,8.0,True,RB,0 days 02:10:07.202000,2024-07-07 15:15:04.231,1,13.0,False,,False,True,RIC,15.0,13.0,Lapped,-0.38397119212681746,0.8566533008851459,1.0892579071937738,-1.3482773266402934,1.2511769429564858,7807.202,7806.02,-0.20306528153517733,73.0,0.40944813662670115,90.95500000000001,0,0,Late,Midfield,VeryFast,False,False,False,False,False,False,False,False,False,False,True,False,False,False,False,False,False,False,False,False,False,False,False,False,True,False,False,False,False,True,89.96764866261779
0 days 01:53:30.052000,22,104.923,0.5217422190712372,2.0,,,33.215,1.4493060735169268,29.313,0 days 01:52:18.404000,0 days 01:53:00.799000,0 days 01:53:30.112000,294.0,240.0,214.0,297.0,False,7.0,True,RB,0 days 01:51:45.129000,2024-07-07 14:56:42.158,1,9.0,False,,False,True,TSU,13.0,10.0,Finished,-0.7066040259445697,-1.2472569636200923,-0.9621555693169135,0.6205745926051337,-0.7844007531186975,6705.129,6665.852,-1.430687210816031,75.0,-1.176721488670114,104.92300000000002,0,0,Mid,Midfield,Slow,False,False,False,False,False,False,False,False,False,False,False,False,False,False,False,True,False,False,False,False,False,False,False,False,True,False,False,True,False,False,102.45003222195909
0 days 01:59:23.927000,1,95.963,0.7960564960472767,2.0,,0 days 01:59:18.092000,30.903,0.18417200048305574,25.806,0 days 01:58:18.922000,0 days 01:58:58.176000,0 days 01:59:23.982000,296.0,250.0,,298.0,False,12.0,True,Red Bull Racing,0 days 01:57:47.964000,2024-07-07 15:02:44.993,1,3.0,False,,False,False,VER,4.0,2.0,Finished,-0.4915154700660682,-0.3592569004912959,-0.05242066282956041,-0.5114765904558615,-0.050620704133879785,7067.964,7025.895,-1.430687210816031,78.0,-0.5819078791838084,95.963,0,1,Late,Top5,Medium,False,False,False,False,False,False,False,False,False,False,False,False,False,False,False,False,True,False,False,False,False,False,False,False,False,True,False,True,False,False,98.18993719459964
0 days 01:31:26.017000,3,94.722,-0.369779181100891,1.0,,,30.185,-0.1626221532521106,26.144,0 days 01:30:21.562000,0 days 01:30:59.955000,0 days 01:31:26.099000,292.0,252.0,243.0,300.0,False,21.0,True,RB,0 days 01:29:51.295000,2024-07-07 14:34:48.324,1,14.0,False,,False,True,RIC,15.0,13.0,Lapped,-0.599059748005319,0.2448469629639388,-0.016357657414371195,-0.5605300370963482,0.9257370118633191,5391.295,5345.647,0.34254446481186895,67.0,-0.6612163604486488,94.72200000000001,0,0,Mid,Midfield,Medium,False,False,False,False,False,False,False,False,False,False,True,False,False,False,False,False,False,False,False,False,False,False,False,False,True,False,False,False,True,False,95.1027637981432
0 days 02:20:40.974000,20,91.469,1.6875778962194048,3.0,,,29.456,-0.8135157100883831,25.236,0 days 02:19:38.995000,0 days 02:20:15.772000,0 days 02:20:41.008000,294.0,259.0,244.0,305.0,False,14.0,True,Haas F1 Team,0 days 02:19:09.505000,2024-07-07 15:24:06.534,1,12.0,False,,False,True,MAG,17.0,12.0,Finished,0.2612944755086871,0.77906858189877,0.8397678983289713,-0.6240364710775311,1.4877394937928776,8349.505,8346.105,0.34254446481186895,68.0,0.5284108585239625,91.46900000000001,0,0,Late,Backmarker,VeryFast,False,False,False,False,False,True,False,False,False,False,False,False,False,False,False,False,False,False,False,False,True,False,False,False,False,False,False,False,False,True,90.31570553381344
0 days 02:18:21.114000,16,90.929,1.550420757731385,4.0,,,29.311,-0.8646688547159871,24.968,0 days 02:17:19.549000,0 days 02:17:56.199000,0 days 02:18:21.167000,292.0,261.0,252.0,301.0,False,12.0,True,Ferrari,0 days 02:16:50.185000,2024-07-07 15:21:47.214,1,15.0,False,,False,True,LEC,11.0,14.0,Lapped,-0.16888263624831593,0.8920941798913302,1.436521579706426,-0.461442074882564,-0.07967035134358462,8210.185,8166.076,0.206142028225108,69.0,0.4887566178915416,90.929,0,0,Late,Midfield,VeryFast,False,False,False,False,True,False,False,False,False,False,False,False,False,False,False,False,False,False,False,True,False,False,False,False,False,False,False,False,False,True,91.51003290707055
0 days 01:19:53.546000,55,92.106,-0.84982916580896,1.0,,,29.553,-0.5799029236001175,25.196,0 days 01:18:51.033000,0 days 01:19:28.390000,0 days 01:19:53.586000,293.0,257.0,246.0,299.0,False,14.0,True,Ferrari,0 days 01:18:21.440000,2024-07-07 14:23:18.469,1,6.0,False,,False,True,SAI,7.0,5.0,Finished,-0.38397119212681746,0.6075530531684934,1.2610397170112475,-0.15183649056849444,-0.30796743105555124,4701.44,4685.594,1.2973615209192007,59.0,0.3301396553618607,92.106,0,0,Early,Top10,Fast,False,False,False,False,False,False,False,False,False,False,False,False,True,False,False,False,False,False,False,True,False,False,False,False,False,False,False,False,True,False,91.01031472227909
0 days 02:05:08.823000,18,90.098,1.0017922037793063,3.0,,,28.788,-0.9806696866274007,24.948,0 days 02:04:07.572000,0 days 02:04:43.934000,0 days 02:05:08.882000,296.0,260.0,251.0,303.0,True,2.0,True,Aston Martin,0 days 02:03:38.725000,2024-07-07 15:08:35.754,1,7.0,False,,False,True,STR,8.0,7.0,Finished,-0.06133835830906515,1.0507479988791555,1.0845393611308416,-0.7069903278302808,0.8838846617687077,7418.725,7385.959,-0.6122725912954626,73.0,0.09221421156733783,90.09800000000001,0,0,Late,Top10,VeryFast,False,False,False,False,False,False,False,False,False,False,False,False,False,False,True,False,False,False,True,False,False,False,False,False,False,False,False,False,True,False,88.59086807203593
0 days 02:00:04.934000,18,99.373,0.7960564960472767,2.0,,,31.361,0.7158424800770409,27.438,0 days 01:58:56.981000,0 days 01:59:37.555000,0 days 02:00:04.993000,295.0,245.0,229.0,300.0,False,12.0,True,Aston Martin,0 days 01:58:25.561000,2024-07-07 15:03:22.590,1,7.0,False,,False,True,STR,8.0,7.0,Finished,-0.4915154700660682,-0.5288364727038968,-0.5188939084710151,0.046060174090426384,-0.6868245624312765,7105.561,7085.907,-1.430687210816031,77.0,-0.06640275096234313,99.373,0,0,Late,Top10,Medium,False,False,False,False,False,False,False,False,False,False,False,False,False,False,True,False,False,False,True,False,False,False,False,False,False,False,False,True,False,False,99.98556605798287
0 days 01:26:25.199000,20,94.73,-0.5755148888329206,1.0,,,30.032,-0.45342979436336656,27.027,0 days 01:25:20.535000,0 days 01:25:58.206000,0 days 01:26:25.233000,290.0,250.0,240.0,299.0,False,18.0,True,Haas F1 Team,0 days 01:24:50.469000,2024-07-07 14:29:47.498,1,14.0,False,,False,True,MAG,17.0,12.0,Finished,-0.4915154700660682,0.19661146451951259,-0.0404630819286522,0.510209120259665,0.8620984072671098,5090.469,5045.641,1.160959084332437,61.0,0.13186845219975876,94.73,0,0,Mid,Backmarker,Medium,False,False,False,False,False,True,False,False,False,False,False,False,False,False,False,False,False,False,False,False,True,False,False,False,False,False,False,False,True,False,94.25872677153174
0 days 01:57:13.493000,3,103.213,0.6588993575592569,2.0,,,32.5,1.446083828186053,28.326,0 days 01:56:02.862000,0 days 01:56:45.249000,0 days 01:57:13.575000,295.0,239.0,231.0,299.0,False,10.0,True,RB,0 days 01:55:30.280000,2024-07-07 15:00:27.309,1,13.0,False,,False,True,RIC,15.0,13.0,Lapped,-0.4915154700660682,-0.917749551832299,-1.1339393651237788,0.6306266142973566,-0.6123687196016067,6930.28,6905.885,-1.430687210816031,75.0,-1.0974130074052735,103.213,0,0,Late,Midfield,Slow,False,False,False,False,False,False,False,False,False,False,True,False,False,False,False,False,False,False,False,False,False,False,False,False,True,False,False,True,False,False,103.34380316989008
0 days 01:34:23.413000,20,93.278,-0.23262204261287125,1.0,,,29.943,-0.353942969772674,25.417,0 days 01:33:20.112000,0 days 01:33:58.030000,0 days 01:34:23.447000,294.0,258.0,247.0,327.0,False,23.0,True,Haas F1 Team,0 days 01:32:50.135000,2024-07-07 14:37:47.164,1,12.0,False,,False,True,MAG,17.0,12.0,Finished,2.5197243122329533,0.4812833669878481,0.033267485705032185,0.8424170312717476,0.869624573455549,5570.135,5525.714,-0.6122725912954626,68.0,-0.7801790823459103,93.278,0,0,Mid,Backmarker,Fast,False,False,False,False,False,True,False,False,False,False,False,False,False,False,False,False,False,False,False,False,True,False,False,False,False,False,False,False,True,False,94.40188691968908
0 days 02:13:49.692000,16,90.051,1.3446850499993555,4.0,,,29.135,-1.0193366305978737,24.65,0 days 02:12:48.829000,0 days 02:13:25.095000,0 days 02:13:49.745000,286.0,262.0,251.0,294.0,False,9.0,True,Ferrari,0 days 02:12:19.641000,2024-07-07 15:17:16.670,1,15.0,False,,False,True,LEC,11.0,14.0,Lapped,-0.38397119212681746,0.9813394954933004,1.7537233035198678,-1.4465398412023647,0.26206887481752505,7939.641,7926.001,-0.06666284494841637,69.0,0.3697938959942802,90.05099999999999,0,0,Late,Midfield,VeryFast,False,False,False,False,True,False,False,False,False,False,False,False,False,False,False,False,False,False,False,True,False,False,False,False,False,False,False,False,False,True,89.69366769856644
0 days 01:30:01.412000,77,98.542,-0.4383577503449008,1.0,,,31.346,0.3464926090257643,27.539,0 days 01:28:54.271000,0 days 01:29:33.928000,0 days 01:30:01.467000,294.0,252.0,221.0,306.0,False,20.0,True,Kick Sauber,0 days 01:28:22.870000,2024-07-07 14:33:19.899,1,16.0,False,,False,True,BOT,16.0,15.0,Lapped,0.1537501975694364,-0.36929048236545803,-0.7568537867345351,2.3702128421027364,-0.5396879676486087,5302.87,5285.648,0.6153493379853933,67.0,-0.5819078791838084,98.542,0,0,Mid,Backmarker,Medium,False,True,False,False,False,False,False,False,False,False,False,False,False,False,False,False,False,False,False,False,False,True,False,False,False,False,False,False,True,False,100.82867151941267
0 days 01:21:37.645000,23,92.265,-0.7812505965649501,1.0,,,29.539,-0.5645972582784711,25.331,0 days 01:20:34.919000,0 days 01:21:12.314000,0 days 01:21:37.645000,312.0,259.0,245.0,321.0,True,15.0,True,Williams,0 days 01:20:05.380000,2024-07-07 14:25:02.409,1,12.0,False,,False,True,ALB,9.0,9.0,Finished,1.659370088718947,0.6390088144496582,-0.24622568094218364,0.3230388439377605,0.6618708954247454,4805.38,4745.599,1.160959084332437,60.0,0.2508311740970202,92.265,0,0,Early,Top10,Fast,False,False,False,False,False,False,False,False,False,False,False,False,False,False,False,False,False,False,False,False,False,False,False,False,False,False,True,False,True,False,92.71566734564483
0 days 01:55:19.115000,23,105.202,0.590320788315247,2.0,,,33.118,1.7010439899913514,29.064,0 days 01:54:07.031000,0 days 01:54:50.051000,0 days 01:55:19.115000,284.0,241.0,177.0,302.0,False,8.0,True,Williams,0 days 01:53:33.913000,2024-07-07 14:58:30.942,1,10.0,True,TRACK LIMITS AT TURN 18 LAP 35 ,False,True,ALB,9.0,9.0,Finished,-0.16888263624831593,-1.2296157187643066,-2.0063492941446976,0.9003144666315146,-0.8552565302506823,6813.913,6785.879,-1.430687210816031,76.0,-1.0577587667728525,105.202,0,0,Late,Top10,Slow,False,False,False,False,False,False,False,False,False,False,False,False,False,False,False,False,False,False,False,False,False,False,False,False,False,False,True,True,False,False,104.03854799713983
0 days 01:56:03.138000,24,108.01,0.5217422190712372,4.0,,,33.092,2.554939002672599,29.778,0 days 01:54:48.277000,0 days 01:55:33.417000,0 days 01:56:03.195000,282.0,233.0,230.0,277.0,False,8.0,True,Kick Sauber,0 days 01:54:15.128000,2024-07-07 14:59:12.157,1,18.0,False,,False,True,ZHO,14.0,18.0,Lapped,-1.7820468053370775,-1.606199502717134,-1.7910518833341609,0.6978479268669812,-1.7373074519758915,6855.128,6845.886,-1.5670896474027918,75.0,-1.0974130074052735,108.00999999999999,0,0,Mid,Midfield,Slow,False,False,False,False,False,False,False,False,False,False,False,False,False,False,False,False,False,True,False,False,False,True,False,False,False,False,False,True,False,False,107.60049038374126
0 days 01:23:26.871000,77,93.967,-0.7126720273209403,1.0,,,30.009,-0.44738808436798017,26.272,0 days 01:22:22.968000,0 days 01:23:00.654000,0 days 01:23:26.926000,285.0,254.0,245.0,290.0,False,16.0,True,Kick Sauber,0 days 01:21:52.904000,2024-07-07 14:26:49.933,1,17.0,False,,False,True,BOT,16.0,15.0,Lapped,-1.029236859762322,0.3229194728127048,0.9556360199550376,-0.13613141536344509,0.4215943235584602,4912.904,4865.627,1.160959084332437,59.0,0.1715226928321783,93.96699999999998,0,0,Early,Backmarker,Medium,False,True,False,False,False,False,False,False,False,False,False,False,False,False,False,False,False,False,False,False,False,True,False,False,False,False,False,False,True,False,92.35859611802937
0 days 01:31:50.065000,11,101.997,-0.369779181100891,2.0,,,31.916,1.0735117118039057,28.619,0 days 01:30:40.058000,0 days 01:31:21.520000,0 days 01:31:50.139000,290.0,242.0,219.0,297.0,False,2.0,True,Red Bull Racing,0 days 01:30:08.068000,2024-07-07 14:35:05.097,1,17.0,False,,False,True,PER,20.0,17.0,Lapped,-0.8141483038838205,-0.9071099801222942,-1.522976747776224,0.6386078542481141,-1.1777645710590234,5408.068,5405.664,-0.06666284494841637,69.0,-0.7405248417134893,101.997,0,0,Mid,Backmarker,Slow,False,False,False,False,False,False,False,False,True,False,False,False,False,False,False,False,False,False,False,False,False,False,False,False,False,True,False,True,False,False,102.68633564639437
0 days 01:32:46.286000,24,104.56,-0.369779181100891,3.0,,,32.701,1.496431411480938,29.347,0 days 01:31:34.484000,0 days 01:32:16.996000,0 days 01:32:46.343000,282.0,242.0,213.0,289.0,False,2.0,True,Kick Sauber,0 days 01:31:01.726000,2024-07-07 14:35:58.755,1,19.0,False,,False,True,ZHO,14.0,18.0,Lapped,-0.9216925818230712,-1.156718001000747,-0.7218188406935234,0.74515332845063,-0.7218919152996068,5461.726,5405.664,-0.06666284494841637,69.0,-0.7405248417134893,104.56,0,0,Mid,Midfield,Slow,False,False,False,False,False,False,False,False,False,False,False,False,False,False,False,False,False,True,False,False,False,True,False,False,False,False,False,True,False,False,101.69397745557131
0 days 01:18:37.416000,11,92.772,-0.9184077350529699,1.0,,,29.556,-0.3885821070795542,25.384,0 days 01:17:34.274000,0 days 01:18:12.106000,0 days 01:18:37.490000,315.0,259.0,246.0,328.0,False,13.0,True,Red Bull Racing,0 days 01:17:04.644000,2024-07-07 14:22:01.673,1,16.0,False,,False,True,PER,20.0,17.0,Lapped,2.627268590172204,0.5213113260321218,-0.007081121703221767,0.9063684860851962,0.47624113989209654,4624.644,4565.557,1.433763957505959,61.0,0.4887566178915416,92.772,0,0,Early,Backmarker,Fast,False,False,False,False,False,False,False,False,True,False,False,False,False,False,False,False,False,False,False,False,False,False,False,False,False,True,False,False,False,False,95.23381277133149
0 days 02:18:20.087000,77,91.688,1.550420757731385,3.0,,,29.414,-0.6979176588433276,25.21,0 days 02:17:17.868000,0 days 02:17:54.932000,0 days 02:18:20.142000,286.0,258.0,249.0,293.0,False,12.0,True,Kick Sauber,0 days 02:16:48.399000,2024-07-07 15:21:45.428,1,14.0,False,,False,True,BOT,16.0,15.0,Lapped,-0.7066040259445697,0.7678037198844231,1.0015674961211039,-0.7868959422354778,0.32125866418289206,8208.399,8166.076,0.206142028225108,69.0,0.4887566178915416,91.68800000000002,0,0,Late,Backmarker,VeryFast,False,True,False,False,False,False,False,False,False,False,False,False,False,False,False,False,False,False,False,False,False,True,False,False,False,False,False,False,False,True,92.65309337192953
0 days 02:07:15.672000,44,89.793,1.138949342267326,3.0,,,28.884,-1.0479340579093677,24.714,0 days 02:06:14.791000,0 days 02:06:50.986000,0 days 02:07:15.700000,295.0,262.0,248.0,300.0,False,6.0,False,Mercedes,0 days 02:05:45.879000,2024-07-07 15:10:42.908,1,1.0,False,,False,True,HAM,2.0,1.0,Finished,-0.16888263624831593,1.154836685009103,1.4879624974068641,-0.8517867135546232,1.5491886486327024,7545.879,7505.955,-0.47587015470869926,75.0,0.29048541472943973,89.793,1,1,Late,Top5,VeryFast,False,False,True,False,False,False,False,False,False,False,False,False,False,False,False,False,False,False,False,False,False,False,False,True,False,False,False,False,False,True,89.47317414977412
0 days 01:40:26.353000,44,105.183,0.041692234363168185,1.0,,0 days 01:40:20.422000,31.477,2.6991344812291485,28.208,0 days 01:39:12.675000,0 days 01:39:58.173000,0 days 01:40:26.381000,297.0,242.0,,302.0,False,27.0,True,Mercedes,0 days 01:38:41.170000,2024-07-07 14:43:38.199,1,2.0,False,,False,False,HAM,2.0,1.0,Finished,-0.2764269141875667,-1.4783157772272655,-1.230758152041912,2.8033506373075268,-1.5232850673841711,5921.17,5885.749,-0.7486750278822236,68.0,-0.9784502855080122,105.18299999999999,1,1,Mid,Top5,Slow,False,False,True,False,False,False,False,False,False,False,False,False,False,False,False,False,False,False,False,False,False,False,False,True,False,False,False,False,True,False,104.36350480042812
0 days 01:29:23.503000,55,96.538,-0.4383577503449008,1.0,,,31.652,-0.012787745366533052,26.121,0 days 01:28:18.657000,0 days 01:28:57.422000,0 days 01:29:23.543000,294.0,251.0,245.0,307.0,False,20.0,True,Ferrari,0 days 01:27:46.965000,2024-07-07 14:32:43.994,1,6.0,False,,False,True,SAI,7.0,5.0,Finished,0.2612944755086871,-0.06659875531551529,-0.22639465129824166,1.181842387152152,-0.129168678238529,5266.965,5225.66,0.7517517745721518,64.0,-0.4232909166541274,96.538,0,0,Mid,Top10,Medium,False,False,False,False,False,False,False,False,False,False,False,False,True,False,False,False,False,False,False,True,False,False,False,False,False,False,False,False,True,False,97.50234034763912
0 days 01:56:41.238000,27,103.044,0.6588993575592569,2.0,,,32.248,1.5391261621150012,28.178,0 days 01:55:30.482000,0 days 01:56:13.100000,0 days 01:56:41.278000,293.0,246.0,229.0,299.0,False,10.0,True,Haas F1 Team,0 days 01:54:58.194000,2024-07-07 14:59:55.223,1,6.0,False,,False,True,HUL,6.0,6.0,Finished,-0.38397119212681746,-0.8648233714907115,-1.2888162206440401,0.9081762835609474,-1.0488565105412175,6898.194,6845.886,-1.5670896474027918,75.0,-1.0974130074052735,103.044,0,0,Late,Top10,Slow,False,False,False,True,False,False,False,False,False,False,False,False,False,False,False,False,False,False,False,False,True,False,False,False,False,False,False,True,False,False,103.82566559745595
0 days 02:20:55.232000,81,89.928,1.7561564654634148,3.0,,,29.094,-1.1268790685157464,24.835,0 days 02:19:54.480000,0 days 02:20:30.479000,0 days 02:20:55.314000,294.0,265.0,253.0,302.0,False,14.0,True,McLaren,0 days 02:19:25.304000,2024-07-07 15:24:22.333,1,4.0,False,,False,True,PIA,5.0,4.0,Finished,0.36883875344793793,1.1732857387025473,0.7603883026159642,-2.08143342201315,0.928744250832346,8365.304,8346.105,0.34254446481186895,68.0,0.5284108585239625,89.928,0,0,Late,Top5,VeryFast,False,False,False,False,False,False,False,False,False,True,False,False,False,False,False,False,False,False,False,False,False,False,True,False,False,False,False,False,True,False,90.54432379492225
0 days 02:16:10.850000,3,91.109,1.4818421884873751,3.0,,,29.302,-0.7945850187695075,24.983,0 days 02:15:09.125000,0 days 02:15:45.949000,0 days 02:16:10.932000,292.0,258.0,250.0,300.0,False,11.0,True,RB,0 days 02:14:39.741000,2024-07-07 15:19:36.770,1,13.0,False,,False,True,RIC,15.0,13.0,Lapped,-0.38397119212681746,0.7730382470593071,0.96544858332479,-1.2735644982435137,0.9700971104266431,8079.741,8046.052,0.06973959163834459,71.0,0.4887566178915416,91.10900000000001,0,0,Late,Midfield,VeryFast,False,False,False,False,False,False,False,False,False,False,True,False,False,False,False,False,False,False,False,False,False,False,False,False,True,False,False,False,False,True,90.87164022287806
0 days 02:14:21.700000,23,90.148,1.4132636192433654,3.0,,,29.107,-1.003225403943511,24.735,0 days 02:13:20.659000,0 days 02:13:56.965000,0 days 02:14:21.700000,296.0,260.0,250.0,301.0,False,9.0,True,Williams,0 days 02:12:51.552000,2024-07-07 15:17:48.581,1,9.0,False,,False,True,ALB,9.0,9.0,Finished,0.36883875344793793,0.9535676463451952,0.536502080378787,-1.1191982533163607,0.4291529938960175,7971.552,7926.001,-0.06666284494841637,69.0,0.3697938959942802,90.148,0,0,Late,Top10,VeryFast,False,False,False,False,False,False,False,False,False,False,False,False,False,False,False,False,False,False,False,False,False,False,False,False,False,False,True,False,True,False,89.55512572429247
0 days 01:54:39.193000,81,103.309,0.590320788315247,2.0,,,32.603,1.3167912342847894,28.64,0 days 01:53:28.569000,0 days 01:54:10.635000,0 days 01:54:39.275000,292.0,243.0,225.0,297.0,False,7.0,True,McLaren,0 days 01:52:55.884000,2024-07-07 14:57:52.913,1,5.0,False,,False,True,PIA,5.0,4.0,Finished,-0.599059748005319,-0.8956623786833251,-1.195520067140307,-0.02922618998497101,-0.17966721462526772,6775.884,6725.865,-1.430687210816031,76.0,-1.0974130074052735,103.30900000000001,0,0,Late,Top5,Slow,False,False,False,False,False,False,False,False,False,True,False,False,False,False,False,False,False,False,False,False,False,False,True,False,False,False,False,True,False,False,102.09838762772851
0 days 02:10:18.984000,1,89.137,1.2761064807553457,3.0,,,29.056,-1.2912135803902514,24.49,0 days 02:09:18.958000,0 days 02:09:54.549000,0 days 02:10:19.039000,294.0,265.0,251.0,296.0,False,7.0,True,Red Bull Racing,0 days 02:08:49.847000,2024-07-07 15:13:46.876,1,3.0,False,,False,True,VER,4.0,2.0,Finished,-0.2764269141875667,1.1884289971704878,1.580496847881303,-1.4044599526691548,1.3992848857813098,7729.847,7686.0,-0.3394677181219383,72.0,0.21117693346459926,89.137,0,1,Late,Top5,VeryFast,False,False,False,False,False,False,False,False,False,False,False,False,False,False,False,False,True,False,False,False,False,False,False,False,False,True,False,False,False,False,89.58040956609265
0 days 01:57:02.190000,23,103.075,0.6588993575592569,2.0,,,32.953,1.302291130295862,28.092,0 days 01:55:52.068000,0 days 01:56:34.098000,0 days 01:57:02.190000,292.0,243.0,225.0,300.0,False,9.0,True,Williams,0 days 01:55:19.115000,2024-07-07 15:00:16.144,1,10.0,True,TRACK LIMITS AT TURN 18 LAP 36 (NEXT LAP),False,True,ALB,9.0,9.0,Finished,-0.16888263624831593,-0.9418384571079312,-1.5075059678379763,1.0928884565730828,-0.9615964654784005,6919.115,6905.885,-1.430687210816031,75.0,-1.0974130074052735,103.075,0,0,Late,Top10,Slow,False,False,False,False,False,False,False,False,False,False,False,False,False,False,False,False,False,False,False,False,False,False,False,False,False,False,True,True,False,False,102.09367379298389
0 days 02:09:50.525000,22,90.882,1.2075279115113358,3.0,,,29.11,-0.9637528986403188,25.368,0 days 02:08:48.813000,0 days 02:09:25.217000,0 days 02:09:50.585000,296.0,262.0,250.0,305.0,False,6.0,True,RB,0 days 02:08:19.643000,2024-07-07 15:13:16.672,1,9.0,False,,False,True,TSU,13.0,10.0,Finished,0.04620591963018562,0.8267387451482824,1.017465702587502,-0.5006410651712551,0.6752934393510557,7699.643,7686.0,-0.3394677181219383,72.0,0.21117693346459926,90.882,0,0,Late,Midfield,VeryFast,False,False,False,False,False,False,False,False,False,False,False,False,False,False,False,True,False,False,False,False,False,False,False,False,True,False,False,False,False,True,90.5037587063266
0 days 01:48:29.777000,3,103.699,0.31600651133920765,2.0,,,32.472,1.302291130295862,29.197,0 days 01:47:18.632000,0 days 01:48:00.662000,0 days 01:48:29.859000,291.0,236.0,222.0,295.0,False,5.0,True,RB,0 days 01:46:46.078000,2024-07-07 14:51:43.107,1,14.0,True,TRACK LIMITS AT TURN 9 LAP 31 ,False,True,RIC,15.0,13.0,Lapped,-0.8141483038838205,-0.9424169156216414,-0.8813522053942852,0.44350152504763585,-0.43834248367906437,6406.078,6365.801,-1.1578823376425065,73.0,-1.2956842105673754,103.69900000000001,0,0,Mid,Midfield,Slow,False,False,False,False,False,False,False,False,False,False,True,False,False,False,False,False,False,False,False,False,False,False,False,False,True,False,False,True,False,False,101.79230532649441
0 days 02:18:39.293000,18,90.03,1.618999326975395,3.0,,,29.075,-0.9802669059610426,24.592,0 days 02:17:38.397000,0 days 02:18:14.760000,0 days 02:18:39.352000,297.0,263.0,252.0,300.0,False,11.0,True,Aston Martin,0 days 02:17:09.263000,2024-07-07 15:22:06.292,1,7.0,False,,False,True,STR,8.0,7.0,Finished,-0.16888263624831593,1.0002027148158616,1.0045306395694344,-1.2223761043153123,0.6593279742468287,8229.263,8226.085,0.206142028225108,69.0,0.5680650991563821,90.03,0,0,Late,Top10,VeryFast,False,False,False,False,False,False,False,False,False,False,False,False,False,False,True,False,False,False,True,False,False,False,False,False,False,False,False,False,True,False,89.5516582007077
0 days 01:50:44.687000,24,104.316,0.31600651133920765,4.0,,,32.443,1.4436671441878985,29.492,0 days 01:49:32.871000,0 days 01:50:15.252000,0 days 01:50:44.744000,282.0,238.0,220.0,287.0,False,5.0,True,Kick Sauber,0 days 01:49:00.371000,2024-07-07 14:53:57.400,1,19.0,False,,False,True,ZHO,14.0,18.0,Lapped,-1.2443254156408237,-1.1080739496694434,-0.9470452904107984,1.3152258662134118,-1.209152378284649,6540.371,6485.796,-1.430687210816031,73.0,-1.2956842105673754,104.316,0,0,Mid,Midfield,Slow,False,False,False,False,False,False,False,False,False,False,False,False,False,False,False,False,False,True,False,False,False,True,False,False,False,False,False,True,False,False,103.36362916237134
0 days 01:07:40.853000,14,92.673,-1.3984577197610388,1.0,,,29.595,-0.5005551323273778,25.524,0 days 01:06:37.867000,0 days 01:07:15.421000,0 days 01:07:40.945000,298.0,256.0,246.0,303.0,False,6.0,True,Aston Martin,0 days 01:06:08.180000,2024-07-07 14:11:05.209,1,10.0,False,,False,True,ALO,10.0,8.0,Finished,0.1537501975694364,0.44145580101264,0.10340831090946445,-0.2657555278976749,0.27052572832438027,3968.18,3965.525,0.7517517745721518,61.0,0.13186845219975876,92.673,0,0,Early,Top10,Fast,True,False,False,False,False,False,False,False,False,False,False,False,False,False,False,False,False,False,True,False,False,False,False,False,False,False,False,False,True,False,92.96359253855583
0 days 01:20:09.369000,20,92.506,-0.84982916580896,1.0,,,29.441,-0.5037773776582515,25.519,0 days 01:19:06.338000,0 days 01:19:43.884000,0 days 01:20:09.403000,310.0,260.0,245.0,319.0,True,14.0,True,Haas F1 Team,0 days 01:18:36.863000,2024-07-07 14:23:33.892,1,15.0,False,,False,True,MAG,17.0,12.0,Finished,1.766914366658198,0.34663228641324384,0.12141556113547458,-0.5823527351964969,0.7696312272324857,4716.863,4685.594,1.2973615209192007,59.0,0.3301396553618607,92.506,0,0,Early,Backmarker,Medium,False,False,False,False,False,True,False,False,False,False,False,False,False,False,False,False,False,False,False,False,True,False,False,False,False,False,False,False,True,False,93.39472220645216
0 days 02:02:02.179000,31,99.44,0.7960564960472767,4.0,,0 days 02:01:56.244000,31.903,0.6808005621038025,27.05,0 days 02:00:54.707000,0 days 02:01:35.194000,0 days 02:02:02.244000,271.0,246.0,,279.0,False,12.0,True,Alpine,0 days 02:00:22.739000,2024-07-07 15:05:19.768,1,16.0,False,,False,False,OCO,18.0,16.0,Lapped,-1.2443254156408237,-0.9489887450955891,-0.06105795343499038,1.0190593495336664,-1.619893435138751,7222.739,7205.915,-1.430687210816031,78.0,0.2508311740970202,99.44,0,0,Late,Backmarker,Slow,False,False,False,False,False,False,False,True,False,False,False,False,False,False,False,False,False,False,False,False,False,False,False,False,False,False,False,True,False,False,102.03166662098222
0 days 01:13:49.138000,16,92.496,-1.1241434427849994,1.0,,,29.59,-0.5331803663024645,25.433,0 days 01:12:46.285000,0 days 01:13:23.758000,0 days 01:13:49.191000,307.0,259.0,248.0,318.0,False,10.0,True,Ferrari,0 days 01:12:16.642000,2024-07-07 14:17:13.671,1,8.0,False,,False,True,LEC,11.0,14.0,Lapped,1.4442815328404455,0.5779040272248182,0.47486252620245256,-0.3930642201725861,0.19444830657791048,4336.642,4325.535,1.5701663940927224,61.0,0.6870278210536436,92.49600000000001,0,0,Early,Midfield,Fast,False,False,False,False,True,False,False,False,False,False,False,False,False,False,False,False,False,False,False,True,False,False,False,False,False,False,False,False,True,False,94.5726739217136
0 days 01:45:56.213000,63,101.237,0.24742794209519775,2.0,,,31.859,0.8946770959404733,28.36,0 days 01:44:46.890000,0 days 01:45:27.908000,0 days 01:45:56.268000,294.0,243.0,227.0,300.0,False,3.0,True,Mercedes,0 days 01:44:14.976000,2024-07-07 14:49:12.005,1,4.0,False,,False,True,RUS,1.0,,Retired,-0.38397119212681746,-0.7651288672240485,-0.9111545986284872,-0.26134596070648775,0.06412634442845136,6254.976,6245.797,-1.0214799010557456,70.0,-1.2956842105673754,101.23700000000001,0,0,Mid,Top5,Medium,False,False,False,False,False,False,False,False,False,False,False,True,False,False,False,False,False,False,False,False,False,False,False,True,False,False,False,True,False,False,102.58893923043627
0 days 01:03:06.900000,20,93.259,-1.6041934274930685,1.0,,,29.6,-0.2609006358437259,25.51,0 days 01:02:03.275000,0 days 01:02:41.424000,0 days 01:03:06.934000,300.0,257.0,246.0,324.0,True,3.0,True,Haas F1 Team,0 days 01:01:33.641000,2024-07-07 14:06:30.670,1,17.0,False,,False,True,MAG,17.0,12.0,Finished,2.3046357563544517,0.44643006767227694,-0.04547235584234742,0.06019807430643898,0.5864803406821333,3693.641,3665.476,0.8881542111589152,62.0,3.5817873872203316,93.259,0,0,Early,Backmarker,Fast,False,False,False,False,False,True,False,False,False,False,False,False,False,False,False,False,False,False,False,False,True,False,False,False,False,False,False,False,True,False,93.71025769981011
0 days 01:47:26.320000,4,101.313,0.31600651133920765,2.0,,,31.855,0.7593427920438232,28.776,0 days 01:46:16.923000,0 days 01:46:57.605000,0 days 01:47:26.381000,290.0,244.0,223.0,296.0,False,4.0,True,McLaren,0 days 01:45:45.007000,2024-07-07 14:50:42.036,1,1.0,False,,False,True,NOR,3.0,3.0,Finished,-0.599059748005319,-0.6620166463378716,-0.9489941230091669,0.5572967348128284,-0.18208452589582816,6345.007,6305.789,-1.0214799010557456,72.0,-1.2956842105673754,101.313,0,1,Mid,Top5,Medium,False,False,False,False,False,False,True,False,False,False,False,False,False,False,False,False,False,False,False,False,False,False,True,False,False,False,False,True,False,False,100.21725733030515
0 days 01:14:06.040000,77,93.787,-1.1241434427849994,1.0,,,29.85,-0.05266303133608344,25.271,0 days 01:13:02.158000,0 days 01:13:40.824000,0 days 01:14:06.095000,287.0,254.0,246.0,318.0,False,10.0,True,Kick Sauber,0 days 01:12:32.253000,2024-07-07 14:17:29.282,1,18.0,False,,False,True,BOT,16.0,15.0,Lapped,1.5518258107796963,0.3544914776847333,0.34938915642383284,1.0835176362402037,-0.3172752802282917,4352.253,4325.535,1.5701663940927224,61.0,0.6870278210536436,93.78699999999999,0,0,Early,Backmarker,Medium,False,True,False,False,False,False,False,False,False,False,False,False,False,False,False,False,False,False,False,False,False,True,False,False,False,False,False,False,True,False,95.29161106493574
0 days 01:58:00.381000,55,100.432,0.7274779268032668,2.0,,,31.728,1.06263663381221,27.269,0 days 01:56:51.717000,0 days 01:57:33.152000,0 days 01:58:00.421000,290.0,241.0,242.0,297.0,False,11.0,True,Ferrari,0 days 01:56:19.949000,2024-07-07 15:01:16.978,1,4.0,False,,False,True,SAI,7.0,5.0,Finished,-0.4915154700660682,-0.5687290929551061,0.051530412876966955,0.16119871108687814,-0.823495714420613,6979.949,6965.895,-1.5670896474027918,76.0,-1.0181045261404331,100.43200000000002,0,0,Late,Top10,Medium,False,False,False,False,False,False,False,False,False,False,False,False,True,False,False,False,False,False,False,True,False,False,False,False,False,False,False,True,False,False,99.34273406669514
0 days 02:13:09.006000,3,90.849,1.3446850499993555,3.0,,,29.18,-0.8364742080708515,24.949,0 days 02:12:07.419000,0 days 02:12:44.139000,0 days 02:13:09.088000,292.0,259.0,250.0,300.0,False,9.0,True,RB,0 days 02:11:38.157000,2024-07-07 15:16:35.186,1,13.0,False,,False,True,RIC,15.0,13.0,Lapped,-0.38397119212681746,0.8150415555686605,0.9791858231197509,-1.702329890843946,0.9517672574754735,7898.157,7866.021,-0.20306528153517733,71.0,0.40944813662670115,90.849,0,0,Late,Midfield,VeryFast,False,False,False,False,False,False,False,False,False,False,True,False,False,False,False,False,False,False,False,False,False,False,False,False,True,False,False,False,False,True,90.71775987767133
0 days 02:10:40.407000,77,91.277,1.2075279115113358,3.0,,,29.256,-0.7228900601575896,25.019,0 days 02:09:38.441000,0 days 02:10:15.443000,0 days 02:10:40.462000,286.0,259.0,250.0,292.0,True,7.0,True,Kick Sauber,0 days 02:09:09.130000,2024-07-07 15:14:06.159,1,14.0,False,,False,True,BOT,16.0,15.0,Lapped,-0.8141483038838205,0.8971838268290342,1.3506055836642277,-0.6515674134792112,0.9385072216141803,7749.13,7746.012,-0.3394677181219383,73.0,0.21117693346459926,91.27700000000002,0,0,Late,Backmarker,VeryFast,False,True,False,False,False,False,False,False,False,False,False,False,False,False,False,False,False,False,False,False,False,True,False,False,False,False,False,False,False,True,90.42741655838108
0 days 02:09:50.912000,23,90.74,1.2075279115113358,3.0,,,28.967,-0.9242803933371293,25.271,0 days 02:08:49.139000,0 days 02:09:25.641000,0 days 02:09:50.912000,313.0,264.0,249.0,331.0,False,6.0,True,Williams,0 days 02:08:20.172000,2024-07-07 15:13:17.201,1,10.0,False,,False,True,ALB,9.0,9.0,Finished,2.8423571460507056,0.8102549764304902,0.002797561954926662,-0.02850626584518689,0.28567397846477327,7700.172,7686.0,-0.3394677181219383,72.0,0.21117693346459926,90.74,0,0,Late,Top10,VeryFast,False,False,False,False,False,False,False,False,False,False,False,False,False,False,False,False,False,False,False,False,False,False,False,False,False,False,True,False,True,False,91.81724449091294
0 days 02:17:36.764000,2,91.175,1.550420757731385,3.0,,,29.557,-0.8695022227122963,24.98,0 days 02:16:35.220000,0 days 02:17:11.858000,0 days 02:17:36.838000,292.0,259.0,249.0,295.0,False,11.0,True,Williams,0 days 02:16:05.589000,2024-07-07 15:21:02.618,1,11.0,False,,False,True,SAR,12.0,11.0,Finished,0.04620591963018562,0.8071956974980005,1.06502503638463,-1.4754443216845199,-0.49378637285262944,8165.589,8106.055,0.06973959163834459,72.0,0.4887566178915416,91.175,0,0,Late,Midfield,VeryFast,False,False,False,False,False,False,False,False,False,False,False,False,False,True,False,False,False,False,False,False,False,False,False,False,False,False,True,False,False,True,90.36598270523031
0 days 02:05:30.828000,20,90.61,1.0017922037793063,3.0,,,28.982,-0.8171407360856149,24.86,0 days 02:04:29.234000,0 days 02:05:06.002000,0 days 02:05:30.862000,287.0,258.0,250.0,302.0,True,4.0,True,Haas F1 Team,0 days 02:04:00.218000,2024-07-07 15:08:57.247,1,11.0,False,,False,True,MAG,17.0,12.0,Finished,-0.06133835830906515,0.9728952556526363,0.9356368915931718,-0.734230768736543,1.4613988476796969,7440.218,7385.959,-0.6122725912954626,73.0,0.09221421156733783,90.61,0,0,Late,Backmarker,VeryFast,False,False,False,False,False,True,False,False,False,False,False,False,False,False,False,False,False,False,False,False,True,False,False,False,False,False,False,False,False,True,89.49427926465822
0 days 01:09:00.386000,63,91.663,-1.329879150517029,1.0,,,29.503,-0.7494735841372898,25.224,0 days 01:07:58.281000,0 days 01:08:35.217000,0 days 01:09:00.441000,292.0,258.0,245.0,293.0,False,7.0,True,Mercedes,0 days 01:07:28.723000,2024-07-07 14:12:25.752,1,1.0,False,,False,True,RUS,1.0,,Retired,-0.7066040259445697,0.7547565480506173,1.1275511447448325,-1.3553847591834052,1.6695544859718956,4048.723,4025.531,0.8881542111589152,61.0,0.5680650991563821,91.663,0,0,Early,Top5,VeryFast,False,False,False,False,False,False,False,False,False,False,False,True,False,False,False,False,False,False,False,False,False,False,False,True,False,False,False,False,True,False,90.02317301964257
0 days 01:49:27.616000,55,103.298,0.3845850805832175,2.0,,,32.379,1.1399705217531535,29.292,0 days 01:48:16.737000,0 days 01:48:58.364000,0 days 01:49:27.656000,287.0,239.0,219.0,293.0,False,6.0,True,Ferrari,0 days 01:47:44.318000,2024-07-07 14:52:41.347,1,5.0,False,,False,True,SAI,7.0,5.0,Finished,-0.9216925818230712,-0.9230732343665831,-0.4085041678611325,0.6935828632001719,-1.2161089486741123,6464.318,6425.794,-1.29428477422927,73.0,-1.2956842105673754,103.298,0,0,Mid,Top10,Slow,False,False,False,False,False,False,False,False,False,False,False,False,True,False,False,False,False,False,False,True,False,False,False,False,False,False,False,True,False,False,101.27234356543977
0 days 01:20:06.498000,2,92.607,-0.84982916580896,1.0,,,29.602,-0.46752711768593297,25.369,0 days 01:19:03.567000,0 days 01:19:41.203000,0 days 01:20:06.572000,310.0,254.0,246.0,302.0,True,14.0,True,Williams,0 days 01:18:33.891000,2024-07-07 14:23:30.920,1,13.0,False,,False,True,SAR,12.0,11.0,Finished,0.4763830313871887,0.38810551227434287,0.4563157428621591,-0.564382002662115,0.1710527565557685,4713.891,4685.594,1.2973615209192007,59.0,0.3301396553618607,92.607,0,0,Early,Midfield,Medium,False,False,False,False,False,False,False,False,False,False,False,False,False,True,False,False,False,False,False,False,False,False,False,False,False,False,True,False,True,False,91.74990909283926
0 days 02:06:12.653000,55,89.872,1.070370773023316,3.0,,,28.807,-1.0479340579093677,24.87,0 days 02:05:11.628000,0 days 02:05:47.823000,0 days 02:06:12.693000,288.0,262.0,251.0,294.0,True,3.0,True,Ferrari,0 days 02:04:42.781000,2024-07-07 15:09:39.810,1,5.0,False,,False,True,SAI,7.0,5.0,Finished,0.2612944755086871,1.012871334070759,1.5273960789661194,-1.01778916547739,0.14436837895364324,7482.781,7445.95,-0.47587015470869926,76.0,0.09221421156733783,89.872,0,0,Late,Top10,VeryFast,False,False,False,False,False,False,False,False,False,False,False,False,True,False,False,False,False,False,False,True,False,False,False,False,False,False,False,False,False,False,91.82107194329802
0 days 01:50:11.065000,2,104.912,0.3845850805832175,2.0,,,32.973,1.391305657561217,29.688,0 days 01:48:59.200000,0 days 01:49:41.451000,0 days 01:50:11.139000,290.0,235.0,206.0,295.0,False,5.0,True,Williams,0 days 01:48:26.153000,2024-07-07 14:53:23.182,1,13.0,False,,False,True,SAR,12.0,11.0,Finished,-0.38397119212681746,-1.2682661608449914,-1.6146268362219172,0.6628856517737894,-0.9084122235823429,6506.153,6485.796,-1.430687210816031,73.0,-1.2956842105673754,104.91199999999999,0,0,Mid,Midfield,Slow,False,False,False,False,False,False,False,False,False,False,False,False,False,True,False,False,False,False,False,False,False,False,False,False,False,False,True,True,False,False,103.7894532925994
0 days 02:01:15.553000,55,96.802,0.8646350652912865,2.0,,0 days 02:01:09.712000,31.069,0.4669240282671317,25.777,0 days 02:00:09.860000,0 days 02:00:49.816000,0 days 02:01:15.593000,293.0,250.0,,300.0,False,13.0,True,Ferrari,0 days 01:59:38.751000,2024-07-07 15:04:35.780,1,2.0,False,,False,False,SAI,7.0,5.0,Finished,-0.38397119212681746,-0.4392747820992079,0.5235291134668226,0.4098399150884878,-1.062293277612327,7178.751,7145.921,-1.430687210816031,76.0,0.09221421156733783,96.802,0,0,Late,Top10,Medium,False,False,False,False,False,False,False,False,False,False,False,False,True,False,False,False,False,False,False,True,False,False,False,False,False,False,False,True,False,False,97.7168826961916
0 days 01:39:08.720000,27,101.853,-0.02688633488084168,1.0,,0 days 01:39:02.808000,30.434,2.2830620528802217,26.954,0 days 01:37:57.341000,0 days 01:38:41.806000,0 days 01:39:08.760000,291.0,245.0,,298.0,False,26.0,True,Haas F1 Team,0 days 01:37:26.867000,2024-07-07 14:42:23.896,1,7.0,False,,False,False,HUL,6.0,6.0,Finished,-0.599059748005319,-1.1550645695856705,-1.0439555489492025,2.465460446812345,-0.9309371536514579,5846.867,5825.735,-0.7486750278822236,67.0,-0.7801790823459103,101.85300000000001,0,0,Mid,Top10,Slow,False,False,False,True,False,False,False,False,False,False,False,False,False,False,False,False,False,False,False,False,True,False,False,False,False,False,False,False,True,False,100.85144064898165
0 days 01:48:19.573000,23,103.229,0.31600651133920765,2.0,,,32.454,1.1383593990877152,29.152,0 days 01:47:08.798000,0 days 01:47:50.421000,0 days 01:48:19.573000,286.0,240.0,217.0,296.0,False,4.0,True,Williams,0 days 01:46:36.344000,2024-07-07 14:51:33.373,1,11.0,False,,False,True,ALB,9.0,9.0,Finished,-0.2764269141875667,-1.1123676903572608,-1.92178021064068,1.4450921338592624,-1.0193070995555553,6396.344,6365.801,-1.1578823376425065,73.0,-1.2956842105673754,103.229,0,0,Mid,Top10,Slow,False,False,False,False,False,False,False,False,False,False,False,False,False,False,False,False,False,False,False,False,False,False,False,False,False,False,True,True,False,False,103.53982693074303
0 days 02:12:11.441000,55,89.588,1.3446850499993555,3.0,,,29.071,-1.079350949885377,24.4,0 days 02:11:10.964000,0 days 02:11:47.081000,0 days 02:12:11.481000,292.0,264.0,252.0,298.0,True,7.0,True,Ferrari,0 days 02:10:41.853000,2024-07-07 15:15:38.882,1,5.0,False,,False,True,SAI,7.0,5.0,Finished,-0.2764269141875667,0.9883650172071682,1.6244464764410524,-0.47082329415212504,-0.244580141233479,7841.853,7806.02,-0.20306528153517733,73.0,0.40944813662670115,89.588,0,0,Late,Top10,VeryFast,False,False,False,False,False,False,False,False,False,False,False,False,True,False,False,False,False,False,False,True,False,False,False,False,False,False,False,False,False,False,91.93965292890626
0 days 01:17:10.894000,31,94.071,-0.9869863042969798,1.0,,,30.203,-0.3640124864316504,25.975,0 days 01:16:07.091000,0 days 01:16:44.984000,0 days 01:17:10.959000,277.0,254.0,243.0,284.0,False,12.0,True,Alpine,0 days 01:15:36.823000,2024-07-07 14:20:33.852,1,17.0,False,,False,True,OCO,18.0,16.0,Lapped,-1.1367811377015729,0.3000195458957381,1.2849226824756883,0.07581467436832133,0.07977112179672007,4536.823,4505.547,1.433763957505959,59.0,0.5284108585239625,94.071,0,0,Early,Backmarker,Medium,False,False,False,False,False,False,False,True,False,False,False,False,False,False,False,False,False,False,False,False,False,False,False,False,False,False,False,False,False,True,92.16055968562868
0 days 01:32:59.032000,3,93.015,-0.30120061185688113,1.0,,,29.678,-0.4087211403975099,25.555,0 days 01:31:55.777000,0 days 01:32:33.559000,0 days 01:32:59.114000,290.0,255.0,245.0,301.0,False,22.0,True,RB,0 days 01:31:26.017000,2024-07-07 14:36:23.046,1,14.0,False,,False,True,RIC,15.0,13.0,Lapped,-0.38397119212681746,0.4703757255261011,0.42678642491157,-1.093583642707303,0.9258686425256624,5486.017,5465.676,-0.3394677181219383,68.0,-0.7405248417134893,93.01499999999999,0,0,Mid,Midfield,Fast,False,False,False,False,False,False,False,False,False,False,True,False,False,False,False,False,False,False,False,False,False,False,False,False,True,False,False,False,True,False,93.33824287815617
0 days 01:33:50.852000,4,91.176,-0.23262204261287125,1.0,,,29.451,-0.7877377474414019,24.884,0 days 01:32:49.188000,0 days 01:33:26.029000,0 days 01:33:50.913000,291.0,254.0,249.0,302.0,False,23.0,True,McLaren,0 days 01:32:19.676000,2024-07-07 14:37:16.705,1,1.0,False,,False,True,NOR,3.0,3.0,Finished,-0.16888263624831593,0.8431441838986298,0.7122420887291383,-0.7745175444026863,0.25436439019381235,5539.676,5525.714,-0.6122725912954626,68.0,-0.7801790823459103,91.176,0,1,Mid,Top5,VeryFast,False,False,False,False,False,False,True,False,False,False,False,False,False,False,False,False,False,False,False,False,False,False,True,False,False,False,False,False,True,False,91.31034899997039
0 days 02:08:15.991000,11,90.542,1.070370773023316,4.0,,,29.011,-0.9391832779924149,25.066,0 days 02:07:14.534000,0 days 02:07:50.999000,0 days 02:08:16.065000,292.0,260.0,250.0,302.0,True,5.0,True,Red Bull Racing,0 days 02:06:45.449000,2024-07-07 15:11:42.478,1,16.0,False,,False,True,PER,20.0,17.0,Lapped,-0.2764269141875667,0.8928626719451825,0.8206561368257278,-0.7792125697609391,0.29984691683713516,7605.449,7565.968,-0.6122725912954626,75.0,0.40944813662670115,90.542,0,0,Late,Backmarker,VeryFast,False,False,False,False,False,False,False,False,True,False,False,False,False,False,False,False,False,False,False,False,False,False,False,False,False,True,False,False,True,False,89.28381234122696
0 days 02:10:02.717000,20,91.342,1.2075279115113358,3.0,,,29.228,-0.8868217913657364,25.519,0 days 02:09:00.637000,0 days 02:09:37.232000,0 days 02:10:02.751000,288.0,260.0,247.0,304.0,False,7.0,True,Haas F1 Team,0 days 02:08:31.375000,2024-07-07 15:13:28.404,1,12.0,False,,False,True,MAG,17.0,12.0,Finished,0.1537501975694364,0.7196424678095442,0.8426460376295614,-0.6032830410490666,0.8058448855800451,7711.375,7686.0,-0.3394677181219383,72.0,0.21117693346459926,91.34200000000001,0,0,Late,Backmarker,VeryFast,False,False,False,False,False,True,False,False,False,False,False,False,False,False,False,False,False,False,False,False,True,False,False,False,False,False,False,False,False,True,90.6494749470267
0 days 01:18:27.054000,27,92.468,-0.9184077350529699,1.0,,,29.514,-0.49693010633014595,25.391,0 days 01:17:24.140000,0 days 01:18:01.703000,0 days 01:18:27.094000,310.0,260.0,246.0,321.0,False,13.0,True,Haas F1 Team,0 days 01:16:54.586000,2024-07-07 14:21:51.615,1,9.0,False,,False,True,HUL,6.0,6.0,Finished,1.766914366658198,0.48605270441806614,0.18301393703586888,0.2943937605116848,0.8595913590199206,4614.586,4565.557,1.433763957505959,61.0,0.4887566178915416,92.46799999999999,0,0,Early,Top10,Fast,False,False,False,True,False,False,False,False,False,False,False,False,False,False,False,False,False,False,False,False,True,False,False,False,False,False,False,False,True,False,93.15400567519409
0 days 01:01:26.113000,81,92.361,-1.6727719967370784,1.0,,,29.489,-0.46511043368777844,25.23,0 days 01:00:23.323000,0 days 01:01:00.965000,0 days 01:01:26.195000,316.0,260.0,247.0,329.0,True,2.0,True,McLaren,0 days 00:59:53.752000,2024-07-07 14:04:50.781,1,5.0,False,,False,True,PIA,5.0,4.0,Finished,2.5197243122329533,0.5500553670229285,-0.167942368109602,-1.1602810756862338,0.8458174428936562,3593.752,3545.476,0.7517517745721518,63.0,3.5817873872203316,92.361,0,0,Early,Top5,Fast,False,False,False,False,False,False,False,False,False,True,False,False,False,False,False,False,False,False,False,False,False,False,True,False,False,False,False,False,True,False,93.68284512475552
0 days 02:08:20.172000,23,90.126,1.138949342267326,3.0,,,28.831,-0.9307248839988768,24.809,0 days 02:07:18.877000,0 days 02:07:55.363000,0 days 02:08:20.172000,311.0,263.0,252.0,316.0,True,5.0,True,Williams,0 days 02:06:50.046000,2024-07-07 15:11:47.075,1,10.0,False,,False,True,ALB,9.0,9.0,Finished,1.229192976961944,1.050489546245371,0.34824112560696063,-0.2609817693172363,0.8560733999611113,7610.046,7565.968,-0.6122725912954626,75.0,0.40944813662670115,90.12599999999999,0,0,Late,Top10,VeryFast,False,False,False,False,False,False,False,False,False,False,False,False,False,False,False,False,False,False,False,False,False,False,False,False,False,False,True,False,True,False,89.85438417037504
0 days 01:56:52.883000,14,102.513,0.6588993575592569,2.0,,,32.485,1.2233461196894833,28.194,0 days 01:55:42.947000,0 days 01:56:24.781000,0 days 01:56:52.975000,288.0,242.0,238.0,298.0,False,9.0,True,Aston Martin,0 days 01:55:10.370000,2024-07-07 15:00:07.399,1,8.0,False,,False,True,ALO,10.0,8.0,Finished,-0.7066040259445697,-0.9582962406242588,-1.1000943972932922,0.7229028679746029,-1.1513006263153296,6910.37,6905.885,-1.430687210816031,75.0,-1.0974130074052735,102.513,0,0,Late,Top10,Slow,True,False,False,False,False,False,False,False,False,False,False,False,False,False,False,False,False,False,True,False,False,False,False,False,False,False,False,True,False,False,102.39828319458118
0 days 02:13:44.962000,77,91.396,1.3446850499993555,3.0,,,29.357,-0.7402096288110297,25.08,0 days 02:12:42.978000,0 days 02:13:19.937000,0 days 02:13:45.017000,286.0,259.0,249.0,290.0,False,9.0,True,Kick Sauber,0 days 02:12:13.566000,2024-07-07 15:17:10.595,1,14.0,False,,False,True,BOT,16.0,15.0,Lapped,-0.7066040259445697,0.80636705023324,1.2827544286992927,-0.6032830410490666,0.7138509353674403,7933.566,7926.001,-0.06666284494841637,69.0,0.3697938959942802,91.396,0,0,Late,Backmarker,VeryFast,False,True,False,False,False,False,False,False,False,False,False,False,False,False,False,False,False,False,False,False,False,True,False,False,False,False,False,False,False,True,90.93855388536655
0 days 01:53:44.745000,3,105.969,0.5217422190712372,2.0,,,33.254,1.7795862199313721,29.5,0 days 01:52:32.112000,0 days 01:53:15.327000,0 days 01:53:44.827000,292.0,236.0,213.0,297.0,False,8.0,True,RB,0 days 01:51:58.776000,2024-07-07 14:56:55.805,1,13.0,False,,False,True,RIC,15.0,13.0,Lapped,-0.8141483038838205,-1.2958686227652672,-1.3338959657845524,0.8077175796895406,-1.2769800610198294,6718.776,6665.852,-1.430687210816031,75.0,-1.176721488670114,105.969,0,0,Mid,Midfield,Slow,False,False,False,False,False,False,False,False,False,False,True,False,False,False,False,False,False,False,False,False,False,False,False,False,True,False,False,True,False,False,104.69272963277723
0 days 02:05:48.606000,4,90.006,1.070370773023316,3.0,,,28.934,-0.9403916199914922,24.61,0 days 02:04:47.595000,0 days 02:05:24.057000,0 days 02:05:48.667000,290.0,260.0,252.0,296.0,False,5.0,False,McLaren,0 days 02:04:18.600000,2024-07-07 15:09:15.629,1,2.0,False,,False,True,NOR,3.0,3.0,Finished,0.36883875344793793,0.9538229173644466,0.3395347884522606,-1.1692920412875192,0.6843492993766337,7458.6,7445.95,-0.47587015470869926,76.0,0.09221421156733783,90.006,0,1,Late,Top5,VeryFast,False,False,False,False,False,False,True,False,False,False,False,False,False,False,False,False,False,False,False,False,False,False,True,False,False,False,False,False,False,True,91.99865724990772
0 days 01:47:54.583000,16,102.299,0.24742794209519775,3.0,,,32.289,1.0167196378472731,28.689,0 days 01:46:44.626000,0 days 01:47:25.947000,0 days 01:47:54.636000,289.0,241.0,227.0,295.0,False,3.0,True,Ferrari,0 days 01:46:12.284000,2024-07-07 14:51:09.313,1,16.0,False,,False,True,LEC,11.0,14.0,Lapped,-0.9216925818230712,-0.8066272059509982,-0.5003461345460335,0.45911399417379933,-0.27316525882221954,6372.284,6365.801,-1.1578823376425065,73.0,-1.2956842105673754,102.299,0,0,Mid,Midfield,Medium,False,False,False,False,True,False,False,False,False,False,False,False,False,False,False,False,False,False,False,True,False,False,False,False,False,False,False,True,False,False,101.53245695379618
0 days 02:04:49.563000,24,92.696,0.8646350652912865,5.0,,,29.452,-0.5307636823043099,25.765,0 days 02:03:46.376000,0 days 02:04:23.855000,0 days 02:04:49.620000,284.0,254.0,233.0,289.0,False,3.0,False,Kick Sauber,0 days 02:03:16.867000,2024-07-07 15:08:13.896,1,18.0,False,,False,True,ZHO,14.0,18.0,Lapped,-0.7066040259445697,0.5482570486062397,0.5299576181175835,-0.8134952795381508,-0.23549300775675813,7396.867,7385.959,-0.6122725912954626,73.0,0.09221421156733783,92.696,0,0,Late,Midfield,Fast,False,False,False,False,False,False,False,False,False,False,False,False,False,False,False,False,False,True,False,False,False,True,False,False,False,False,False,False,False,True,93.9887134833926
0 days 01:09:04.929000,4,92.071,-1.329879150517029,1.0,,,29.557,-0.6338755328922344,25.291,0 days 01:08:02.476000,0 days 01:08:39.699000,0 days 01:09:04.990000,295.0,256.0,248.0,296.0,False,7.0,True,McLaren,0 days 01:07:32.858000,2024-07-07 14:12:29.887,1,4.0,False,,False,True,NOR,3.0,3.0,Finished,-0.38397119212681746,0.6772890622614994,0.3551447845596362,-0.9241555865047315,0.7301117397041347,4052.858,4025.531,0.8881542111589152,61.0,0.5680650991563821,92.071,0,1,Early,Top5,Fast,False,False,False,False,False,False,True,False,False,False,False,False,False,False,False,False,False,False,False,False,False,False,True,False,False,False,False,False,True,False,91.2623749505451
0 days 02:05:04.750000,27,91.097,1.0017922037793063,3.0,,,28.991,-0.6862370195189129,25.013,0 days 02:04:02.684000,0 days 02:04:39.777000,0 days 02:05:04.790000,290.0,258.0,251.0,296.0,True,5.0,False,Haas F1 Team,0 days 02:03:33.653000,2024-07-07 15:08:30.682,1,6.0,False,,False,True,HUL,6.0,6.0,Finished,-0.4915154700660682,0.7850766271354909,0.5017607405913732,-0.3591820600037278,0.6197845318370707,7413.653,7385.959,-0.6122725912954626,73.0,0.09221421156733783,91.09700000000001,0,0,Late,Top10,VeryFast,False,False,False,True,False,False,False,False,False,False,False,False,False,False,False,False,False,False,False,False,True,False,False,False,False,False,False,False,False,True,92.26541185520452
0 days 01:50:08.397000,20,105.084,0.3845850805832175,2.0,,,32.999,1.4009723935538354,29.81,0 days 01:48:56.346000,0 days 01:49:38.621000,0 days 01:50:08.431000,288.0,238.0,215.0,295.0,False,5.0,True,Haas F1 Team,0 days 01:48:23.313000,2024-07-07 14:53:20.342,1,12.0,False,,False,True,MAG,17.0,12.0,Finished,-0.8141483038838205,-1.2358319649638494,-1.5003277053556192,1.447985501459172,-1.705190103570736,6503.313,6485.796,-1.430687210816031,73.0,-1.2956842105673754,105.084,0,0,Mid,Backmarker,Slow,False,False,False,False,False,True,False,False,False,False,False,False,False,False,False,False,False,False,False,False,True,False,False,False,False,False,False,True,False,False,104.88566165283629
0 days 01:34:20.095000,18,93.062,-0.23262204261287125,1.0,,,29.745,-0.5384165149651318,25.857,0 days 01:33:16.837000,0 days 01:33:54.297000,0 days 01:34:20.154000,296.0,255.0,248.0,299.0,False,23.0,True,Aston Martin,0 days 01:32:47.033000,2024-07-07 14:37:44.062,1,9.0,False,,False,True,STR,8.0,7.0,Finished,-0.06133835830906515,0.5565733416760534,0.3354769671774577,0.4222467873792994,0.3296616275536737,5567.033,5525.714,-0.6122725912954626,68.0,-0.7801790823459103,93.062,0,0,Mid,Top10,Fast,False,False,False,False,False,False,False,False,False,False,False,False,False,False,True,False,False,False,True,False,False,False,False,False,False,False,False,False,True,False,93.31081928009947
0 days 01:04:35.563000,14,93.192,-1.5356148582490585,1.0,,,29.728,-0.3950265977412988,25.648,0 days 01:03:32.191000,0 days 01:04:10.007000,0 days 01:04:35.655000,294.0,255.0,246.0,297.0,False,4.0,True,Aston Martin,0 days 01:03:02.371000,2024-07-07 14:07:59.400,1,10.0,False,,False,True,ALO,10.0,8.0,Finished,-0.38397119212681746,0.4417704412369352,-0.02618980840536551,-0.005689839826817302,0.12098070922153939,3782.371,3725.493,0.8881542111589152,61.0,0.13186845219975876,93.19200000000001,0,0,Early,Top10,Fast,True,False,False,False,False,False,False,False,False,False,False,False,False,False,False,False,False,False,True,False,False,False,False,False,False,False,False,False,True,False,93.53119217567395
0 days 01:03:05.025000,24,93.487,-1.6041934274930685,1.0,,,29.885,-0.299567579814199,25.549,0 days 01:02:01.480000,0 days 01:02:39.533000,0 days 01:03:05.082000,307.0,258.0,246.0,321.0,True,3.0,True,Kick Sauber,0 days 01:01:31.538000,2024-07-07 14:06:28.567,1,14.0,False,,False,True,ZHO,14.0,18.0,Lapped,1.766914366658198,0.48450561910565915,0.36757746796619756,-0.17389261975992434,-0.2388176059657902,3691.538,3665.476,0.8881542111589152,62.0,3.5817873872203316,93.487,0,0,Early,Midfield,Fast,False,False,False,False,False,False,False,False,False,False,False,False,False,False,False,False,False,True,False,False,False,True,False,False,False,False,False,False,False,True,94.3974418925984
0 days 02:09:19.797000,16,89.748,1.138949342267326,4.0,,,28.997,-1.0837815372153252,24.645,0 days 02:08:19.099000,0 days 02:08:55.205000,0 days 02:09:19.850000,290.0,262.0,251.0,296.0,True,6.0,True,Ferrari,0 days 02:07:50.049000,2024-07-07 15:12:47.078,1,15.0,False,,False,True,LEC,11.0,14.0,Lapped,-0.2764269141875667,1.072084840305258,1.866556210973453,-0.9050445846182108,0.17638605891592943,7670.049,7626.012,-0.47587015470869926,75.0,0.3697938959942802,89.748,0,0,Late,Midfield,VeryFast,False,False,False,False,True,False,False,False,False,False,False,False,False,False,False,False,False,False,False,True,False,False,False,False,False,False,False,False,False,True,89.28154934223238
0 days 01:16:58.549000,22,92.782,-0.9869863042969798,1.0,,,29.613,-0.4566520396942403,25.506,0 days 01:15:55.440000,0 days 01:16:33.103000,0 days 01:16:58.609000,302.0,257.0,246.0,307.0,False,12.0,True,RB,0 days 01:15:25.767000,2024-07-07 14:20:22.796,1,11.0,False,,False,True,TSU,13.0,10.0,Finished,0.1537501975694364,0.47552013830705614,0.3163330679804076,-0.33714895706448955,0.42094367098715807,4525.767,4505.547,1.433763957505959,59.0,0.5284108585239625,92.782,0,0,Early,Midfield,Fast,False,False,False,False,False,False,False,False,False,False,False,False,False,False,False,True,False,False,False,False,False,False,False,False,True,False,False,False,True,False,93.31503914012815
0 days 01:12:05.324000,44,91.564,-1.1927220120290094,1.0,,,29.496,-0.7422235321428261,25.114,0 days 01:11:03.284000,0 days 01:11:40.238000,0 days 01:12:05.352000,294.0,258.0,245.0,294.0,False,9.0,True,Mercedes,0 days 01:10:33.760000,2024-07-07 14:15:30.789,1,2.0,False,,False,True,HAM,2.0,1.0,Finished,-0.599059748005319,0.6579029183154937,1.00193226622423,-0.3882694850405789,1.5258376594228853,4233.76,4205.552,1.160959084332437,61.0,0.8456447835833258,91.56400000000001,1,1,Early,Top5,Fast,False,False,True,False,False,False,False,False,False,False,False,False,False,False,False,False,False,False,False,False,False,False,False,True,False,False,False,False,True,False,90.97375806831737
0 days 01:03:01.359000,27,92.605,-1.6041934274930685,1.0,,,29.476,-0.4183878763901253,25.371,0 days 01:01:58.270000,0 days 01:02:36.028000,0 days 01:03:01.399000,311.0,258.0,246.0,321.0,True,3.0,True,Haas F1 Team,0 days 01:01:28.754000,2024-07-07 14:06:25.783,1,9.0,False,,False,True,HUL,6.0,6.0,Finished,1.8744586445974487,0.7074511055191434,-0.11924223691543066,0.13116856369657806,0.8148061843817735,3688.754,3665.476,0.8881542111589152,62.0,3.5817873872203316,92.605,0,0,Early,Top10,VeryFast,False,False,False,True,False,False,False,False,False,False,False,False,False,False,False,False,False,False,False,False,True,False,False,False,False,False,False,False,True,False,93.9100642683619
0 days 02:12:27.397000,24,91.378,1.2075279115113358,5.0,,,29.293,-0.7708209594543199,25.202,0 days 02:11:25.369000,0 days 02:12:02.252000,0 days 02:12:27.454000,285.0,258.0,250.0,293.0,False,8.0,False,Kick Sauber,0 days 02:10:56.019000,2024-07-07 15:15:53.048,1,18.0,False,,False,True,ZHO,14.0,18.0,Lapped,-0.7066040259445697,0.8302775259799854,1.0760770118742609,-1.4116019048926924,-0.11901205606194983,7856.019,7806.02,-0.20306528153517733,73.0,0.40944813662670115,91.378,0,0,Late,Midfield,VeryFast,False,False,False,False,False,False,False,False,False,False,False,False,False,False,False,False,False,True,False,False,False,True,False,False,False,False,False,False,False,True,91.88836875764179
0 days 01:19:46.530000,1,91.7,-0.84982916580896,1.0,,,29.517,-0.7128205434986131,25.156,0 days 01:18:44.402000,0 days 01:19:21.429000,0 days 01:19:46.585000,293.0,256.0,246.0,302.0,False,14.0,True,Red Bull Racing,0 days 01:18:14.830000,2024-07-07 14:23:11.859,1,3.0,False,,False,True,VER,4.0,2.0,Finished,-0.16888263624831593,0.6196491288056412,0.8673118153986078,-1.1082185193116976,0.7493580427911981,4694.83,4685.594,1.2973615209192007,59.0,0.3301396553618607,91.69999999999999,0,1,Early,Top5,Fast,False,False,False,False,False,False,False,False,False,False,False,False,False,False,False,False,True,False,False,False,False,False,False,False,False,True,False,False,True,False,90.68876849359164
0 days 02:08:37.448000,31,91.187,1.070370773023316,5.0,,,29.223,-0.8102934647575122,25.179,0 days 02:07:35.549000,0 days 02:08:12.334000,0 days 02:08:37.513000,278.0,256.0,251.0,286.0,False,4.0,True,Alpine,0 days 02:07:06.261000,2024-07-07 15:12:03.290,1,17.0,False,,False,True,OCO,18.0,16.0,Lapped,-0.38397119212681746,0.732712528004002,1.5116662456302195,0.636104041959208,-0.15976275270190018,7626.261,7626.012,-0.47587015470869926,75.0,0.3697938959942802,91.187,0,0,Late,Backmarker,VeryFast,False,False,False,False,False,False,False,True,False,False,False,False,False,False,False,False,False,False,False,False,False,False,False,False,False,False,False,False,True,False,91.00836523672812
0 days 01:32:19.676000,4,90.86,-0.30120061185688113,1.0,,,29.314,-0.8098906840911512,24.76,0 days 01:31:18.191000,0 days 01:31:54.977000,0 days 01:32:19.737000,288.0,257.0,250.0,299.0,True,22.0,True,McLaren,0 days 01:30:48.816000,2024-07-07 14:35:45.845,1,1.0,False,,False,True,NOR,3.0,3.0,Finished,-0.06133835830906515,0.7996685825195934,0.566130143172582,-0.7550697060298334,0.3654032539140404,5448.816,5405.664,-0.06666284494841637,69.0,-0.7405248417134893,90.86,0,1,Mid,Top5,VeryFast,False,False,False,False,False,False,True,False,False,False,False,False,False,False,False,False,False,False,False,False,False,False,True,False,False,False,False,False,True,False,91.78137286333109
0 days 01:24:26.642000,1,95.359,-0.6440934580769304,1.0,,,29.827,-0.6105142542434079,28.251,0 days 01:23:21.165000,0 days 01:23:58.446000,0 days 01:24:26.697000,286.0,255.0,242.0,290.0,False,17.0,True,Red Bull Racing,0 days 01:22:51.283000,2024-07-07 14:27:48.312,1,5.0,False,,False,True,VER,4.0,2.0,Finished,-0.599059748005319,0.09313159724824242,0.004588575918252096,0.14871605702325683,0.3610006327838624,4971.283,4925.627,1.160959084332437,60.0,0.13186845219975876,95.35900000000001,0,1,Early,Top5,Medium,False,False,False,False,False,False,False,False,False,False,False,False,False,False,False,False,True,False,False,False,False,False,False,False,False,True,False,False,True,False,94.84646138154312
0 days 01:35:27.801000,63,91.968,-0.1640434733688614,1.0,,,29.495,-0.7535013908008799,25.547,0 days 01:34:25.383000,0 days 01:35:02.309000,0 days 01:35:27.856000,295.0,258.0,247.0,303.0,False,24.0,True,Mercedes,0 days 01:33:55.833000,2024-07-07 14:38:52.862,1,4.0,False,,False,True,RUS,1.0,,Retired,-0.16888263624831593,0.642225989385946,0.7478590407731953,-0.8530878858952202,2.2487819781465967,5635.833,5585.679,-0.6122725912954626,69.0,-0.7801790823459103,91.968,0,0,Mid,Top5,Fast,False,False,False,False,False,False,False,False,False,False,False,True,False,False,False,False,False,False,False,False,False,False,False,True,False,False,False,False,True,False,92.22206960516662
0 days 01:59:50.012000,16,98.357,0.7274779268032668,3.0,,0 days 01:59:44.116000,31.693,0.7424260040567411,26.024,0 days 01:58:43.401000,0 days 01:59:24.041000,0 days 01:59:50.065000,289.0,246.0,,295.0,False,10.0,True,Ferrari,0 days 01:58:11.655000,2024-07-07 15:03:08.684,1,15.0,False,,False,False,LEC,11.0,14.0,Lapped,-0.7066040259445697,-0.743689229974804,0.1018266370016849,0.3816923137784469,-0.6542043168100622,7091.655,7085.907,-1.430687210816031,77.0,-0.06640275096234313,98.357,0,0,Late,Midfield,Medium,False,False,False,False,True,False,False,False,False,False,False,False,False,False,False,False,False,False,False,True,False,False,False,False,False,False,False,True,False,False,99.88272859001339
0 days 01:32:50.135000,20,92.766,-0.30120061185688113,1.0,,,29.641,-0.4187906570564863,25.368,0 days 01:31:47.044000,0 days 01:32:24.801000,0 days 01:32:50.169000,294.0,256.0,249.0,303.0,False,22.0,True,Haas F1 Team,0 days 01:31:17.369000,2024-07-07 14:36:14.398,1,13.0,False,,False,True,MAG,17.0,12.0,Finished,0.04620591963018562,0.552201178453388,0.3948965054602998,0.27707059990844213,0.6921782743920978,5477.369,5465.676,-0.3394677181219383,68.0,-0.7405248417134893,92.76599999999999,0,0,Mid,Backmarker,Fast,False,False,False,False,False,True,False,False,False,False,False,False,False,False,False,False,False,False,False,False,True,False,False,False,False,False,False,False,True,False,93.00661151870169
0 days 01:51:53.663000,20,105.266,0.45316364982722734,2.0,,,32.6,1.369958282244187,30.468,0 days 01:50:41.031000,0 days 01:51:23.229000,0 days 01:51:53.697000,290.0,237.0,206.0,294.0,False,6.0,True,Haas F1 Team,0 days 01:50:08.397000,2024-07-07 14:55:05.426,1,12.0,False,,False,True,MAG,17.0,12.0,Finished,-0.8141483038838205,-1.3543177246589009,-1.7654058324453115,1.1630984101698922,-1.6353762567727104,6608.397,6605.843,-1.5670896474027918,74.0,-1.2956842105673754,105.266,0,0,Mid,Backmarker,Slow,False,False,False,False,False,True,False,False,False,False,False,False,False,False,False,False,False,False,False,False,True,False,False,False,False,False,False,True,False,False,106.00537685346862
0 days 01:42:53.344000,27,101.897,0.11027080360717804,2.0,,,31.639,1.2446934950065134,28.371,0 days 01:41:43.126000,0 days 01:42:25.013000,0 days 01:42:53.384000,291.0,243.0,222.0,298.0,False,2.0,True,Haas F1 Team,0 days 01:41:11.447000,2024-07-07 14:46:08.476,1,7.0,False,,False,True,HUL,6.0,6.0,Finished,-0.4915154700660682,-0.6661791435401324,-0.9053451853673472,0.24902819621488229,-0.2546416382185766,6071.447,6065.769,-0.8850774644689846,70.0,-1.137067248037693,101.89699999999999,0,0,Mid,Top10,Medium,False,False,False,True,False,False,False,False,False,False,False,False,False,False,False,False,False,False,False,False,True,False,False,False,False,False,False,True,False,False,100.89614655198321
0 days 01:12:12.346000,55,92.484,-1.1927220120290094,1.0,,,29.752,-0.5879585369272976,25.395,0 days 01:11:09.654000,0 days 01:11:46.991000,0 days 01:12:12.386000,291.0,258.0,246.0,297.0,False,9.0,True,Ferrari,0 days 01:10:39.862000,2024-07-07 14:15:36.891,1,6.0,False,,False,True,SAI,7.0,5.0,Finished,-0.599059748005319,0.5681177549541504,1.006043956203719,-0.4525312231529812,0.42998396348663237,4239.862,4205.552,1.160959084332437,61.0,0.8456447835833258,92.484,0,0,Early,Top10,Fast,False,False,False,False,False,False,False,False,False,False,False,False,True,False,False,False,False,False,False,True,False,False,False,False,False,False,False,False,True,False,91.13724005952314
0 days 01:06:02.888000,55,91.939,-1.4670362890050488,1.0,,,29.331,-0.48565224767209225,25.017,0 days 01:05:00.320000,0 days 01:05:37.911000,0 days 01:06:02.928000,313.0,260.0,247.0,319.0,True,5.0,True,Ferrari,0 days 01:04:30.949000,2024-07-07 14:09:27.978,1,6.0,False,,False,True,SAI,7.0,5.0,Finished,1.5518258107796963,0.5886859929982772,0.7169331903443944,-0.1612718380470352,0.1601152398633684,3870.949,3845.509,0.7517517745721518,60.0,0.01290573030249735,91.939,0,0,Early,Top10,Fast,False,False,False,False,False,False,False,False,False,False,False,False,True,False,False,False,False,False,False,True,False,False,False,False,False,False,False,False,True,False,92.34473374963626
0 days 01:57:12.060000,2,103.365,0.6588993575592569,2.0,,,32.793,1.4335976275289222,28.216,0 days 01:56:01.562000,0 days 01:56:43.918000,0 days 01:57:12.134000,287.0,237.0,228.0,300.0,False,9.0,True,Williams,0 days 01:55:28.695000,2024-07-07 15:00:25.724,1,12.0,False,,False,True,SAR,12.0,11.0,Finished,-0.2764269141875667,-0.9844925314670752,-1.5079235529825714,0.35522849285751495,-0.6089342833928308,6928.695,6905.885,-1.430687210816031,75.0,-1.0974130074052735,103.36500000000001,0,0,Late,Midfield,Slow,False,False,False,False,False,False,False,False,False,False,False,False,False,True,False,False,False,False,False,False,False,False,False,False,False,False,True,True,False,False,103.33838361271779
0 days 01:10:56.138000,24,96.323,-1.2613005812730191,1.0,,,30.293,0.31789518171427045,26.444,0 days 01:09:50.165000,0 days 01:10:29.751000,0 days 01:10:56.195000,287.0,253.0,244.0,313.0,False,8.0,True,Kick Sauber,0 days 01:09:19.815000,2024-07-07 14:14:16.844,1,18.0,False,,False,True,ZHO,14.0,18.0,Lapped,1.0141044210834425,0.01564248637305101,0.11301451445476766,0.18171094474124147,-0.008765424098974964,4159.815,4145.541,1.0245566477456738,60.0,0.805990542950905,96.323,0,0,Early,Midfield,Medium,False,False,False,False,False,False,False,False,False,False,False,False,False,False,False,False,False,True,False,False,False,True,False,False,False,False,False,False,False,True,95.47565089276252
0 days 02:20:09.319000,18,90.026,1.6875778962194048,3.0,,,29.052,-0.9774474412965298,24.604,0 days 02:19:08.404000,0 days 02:19:44.774000,0 days 02:20:09.378000,298.0,261.0,252.0,303.0,False,12.0,True,Aston Martin,0 days 02:18:39.293000,2024-07-07 15:23:36.322,1,7.0,False,,False,True,STR,8.0,7.0,Finished,0.04620591963018562,0.8755436447931609,0.9515972173369922,-1.2032381956756648,0.5324903058839924,8319.293,8286.09,0.34254446481186895,69.0,0.6077193397888031,90.026,0,0,Late,Top10,VeryFast,False,False,False,False,False,False,False,False,False,False,False,False,False,False,True,False,False,False,True,False,False,False,False,False,False,False,False,False,True,False,89.94941000953266
0 days 01:45:35.221000,24,101.866,0.11027080360717804,4.0,,,32.137,0.9889277718684986,28.477,0 days 01:44:25.549000,0 days 01:45:06.801000,0 days 01:45:35.278000,279.0,241.0,231.0,286.0,False,2.0,True,Kick Sauber,0 days 01:43:53.355000,2024-07-07 14:48:50.384,1,19.0,False,,False,True,ZHO,14.0,18.0,Lapped,-1.1367811377015729,-0.8000709332727919,-0.8164099582028185,0.8071978817010916,-0.6865875036707114,6233.355,6185.794,-1.0214799010557456,71.0,-1.216375729302535,101.86600000000001,0,0,Mid,Midfield,Medium,False,False,False,False,False,False,False,False,False,False,False,False,False,False,False,False,False,True,False,False,False,True,False,False,False,False,False,True,False,False,102.1038043083112
0 days 01:06:06.036000,16,92.697,-1.4670362890050488,1.0,,,29.536,-0.4111378243956616,25.385,0 days 01:05:02.928000,0 days 01:05:40.704000,0 days 01:06:06.089000,308.0,260.0,248.0,321.0,False,5.0,True,Ferrari,0 days 01:04:33.339000,2024-07-07 14:09:30.368,1,8.0,False,,False,True,LEC,11.0,14.0,Lapped,1.766914366658198,0.38507668888674546,0.3773273091231483,-0.3486563224356395,0.01354881956275185,3873.339,3845.509,0.7517517745721518,60.0,0.01290573030249735,92.69700000000002,0,0,Early,Midfield,Medium,False,False,False,False,True,False,False,False,False,False,False,False,False,False,False,False,False,False,False,True,False,False,False,False,False,False,False,False,True,False,94.84076058387878
0 days 02:11:59.142000,81,89.233,1.3446850499993555,3.0,,,29.12,-1.2001851497930998,24.296,0 days 02:10:59.111000,0 days 02:11:34.928000,0 days 02:11:59.224000,294.0,264.0,253.0,300.0,False,8.0,True,McLaren,0 days 02:10:29.909000,2024-07-07 15:15:26.938,1,4.0,False,,False,True,PIA,5.0,4.0,Finished,0.1537501975694364,1.1040955977468698,0.9010372186025173,-1.6491340256376947,1.301065081391868,7829.909,7806.02,-0.20306528153517733,73.0,0.40944813662670115,89.233,0,0,Late,Top5,VeryFast,False,False,False,False,False,False,False,False,False,True,False,False,False,False,False,False,False,False,False,False,False,False,True,False,False,False,False,False,True,False,89.38652287671908
0 days 01:01:32.168000,3,93.709,-1.6727719967370784,1.0,,,29.978,-0.15295541725949233,25.314,0 days 01:00:28.519000,0 days 01:01:06.936000,0 days 01:01:32.250000,320.0,259.0,245.0,326.0,True,2.0,True,RB,0 days 00:59:58.459000,2024-07-07 14:04:55.488,1,15.0,False,,False,True,RIC,15.0,13.0,Lapped,2.3046357563544517,0.32116471582478767,0.27433362894684443,0.029225150850372444,0.913586720873832,3598.459,3545.476,0.7517517745721518,63.0,3.5817873872203316,93.709,0,0,Early,Midfield,Medium,False,False,False,False,False,False,False,False,False,False,True,False,False,False,False,False,False,False,False,False,False,False,False,False,True,False,False,False,True,False,92.72155863061029
0 days 01:13:41.583000,81,91.811,-1.1241434427849994,1.0,,,29.434,-0.6524034435447518,25.2,0 days 01:12:39.288000,0 days 01:13:16.465000,0 days 01:13:41.665000,309.0,261.0,248.0,317.0,True,10.0,True,McLaren,0 days 01:12:09.772000,2024-07-07 14:17:06.801,1,5.0,False,,False,True,PIA,5.0,4.0,Finished,1.4442815328404455,0.6974964316636979,0.37305064923600106,-1.0997846868939487,0.8841714642480403,4329.772,4325.535,1.5701663940927224,61.0,0.6870278210536436,91.811,0,0,Early,Top5,VeryFast,False,False,False,False,False,False,False,False,False,True,False,False,False,False,False,False,False,False,False,False,False,False,True,False,False,False,False,False,True,False,91.79970815066373
0 days 01:04:28.361000,1,91.933,-1.5356148582490585,1.0,,,29.626,-0.6874453615179902,25.217,0 days 01:03:26.109000,0 days 01:04:03.199000,0 days 01:04:28.416000,295.0,256.0,244.0,296.0,False,4.0,True,Red Bull Racing,0 days 01:02:56.428000,2024-07-07 14:07:53.457,1,3.0,False,,False,True,VER,4.0,2.0,Finished,-0.599059748005319,0.6230426555986948,0.544953004442603,-0.745093581446641,0.8069287446966555,3776.428,3725.493,0.8881542111589152,61.0,0.13186845219975876,91.933,0,1,Early,Top5,Fast,False,False,False,False,False,False,False,False,False,False,False,False,False,False,False,False,True,False,False,False,False,False,False,False,False,True,False,False,True,False,91.4561708099726
0 days 01:42:27.544000,16,105.912,0.041692234363168185,2.0,,0 days 01:42:21.352000,33.574,2.6697314925849356,26.913,0 days 01:41:15.259000,0 days 01:42:00.684000,0 days 01:42:27.597000,261.0,235.0,,299.0,False,8.0,True,Ferrari,0 days 01:40:41.632000,2024-07-07 14:45:38.661,1,16.0,False,,False,False,LEC,11.0,14.0,Lapped,-0.4915154700660682,-1.5776136459963943,-1.3439399262201108,0.7046769190607673,-0.8764982523636877,6041.632,6005.753,-0.7486750278822236,68.0,-1.0974130074052735,105.91199999999999,0,0,Mid,Midfield,Slow,False,False,False,False,True,False,False,False,False,False,False,False,False,False,False,False,False,False,False,True,False,False,False,False,False,False,False,True,False,False,105.78052267560726
0 days 01:32:21.647000,81,91.169,-0.30120061185688113,1.0,,,29.39,-0.7893488701068373,24.942,0 days 01:31:19.950000,0 days 01:31:56.787000,0 days 01:32:21.729000,290.0,258.0,250.0,299.0,True,22.0,True,McLaren,0 days 01:30:50.478000,2024-07-07 14:35:47.507,1,2.0,False,,False,True,PIA,5.0,4.0,Finished,-0.38397119212681746,0.7885062452951097,0.6259564029963984,-1.4582306121982935,1.3787202321900902,5450.478,5405.664,-0.06666284494841637,69.0,-0.7405248417134893,91.16900000000001,0,0,Mid,Top5,VeryFast,False,False,False,False,False,False,False,False,False,True,False,False,False,False,False,False,False,False,False,False,False,False,True,False,False,False,False,False,True,False,91.15854448359875
0 days 01:15:36.823000,31,93.846,-1.0555648735409895,1.0,,,30.102,-0.39220713307678606,25.921,0 days 01:14:33.144000,0 days 01:15:10.967000,0 days 01:15:36.888000,280.0,253.0,243.0,284.0,False,11.0,True,Alpine,0 days 01:14:02.977000,2024-07-07 14:19:00.006,1,17.0,False,,False,True,OCO,18.0,16.0,Lapped,-1.1367811377015729,0.42669863038661854,1.4135033063113855,-0.0014055303575606951,0.040201963543796584,4442.977,4385.545,1.5701663940927224,62.0,0.647373580421224,93.846,0,0,Early,Backmarker,Fast,False,False,False,False,False,False,False,True,False,False,False,False,False,False,False,False,False,False,False,False,False,False,False,False,False,False,False,False,False,True,91.67928699634633
0 days 02:08:05.287000,27,89.836,1.138949342267326,3.0,,,28.896,-1.016114385267,24.666,0 days 02:07:04.387000,0 days 02:07:40.661000,0 days 02:08:05.327000,292.0,259.0,250.0,299.0,True,7.0,False,Haas F1 Team,0 days 02:06:35.451000,2024-07-07 15:11:32.480,1,6.0,False,,False,True,HUL,6.0,6.0,Finished,-0.06133835830906515,1.222742463110809,1.2810184565998324,-1.2250870756702894,1.4633945808479507,7595.451,7565.968,-0.6122725912954626,75.0,0.40944813662670115,89.836,0,0,Late,Top10,VeryFast,False,False,False,True,False,False,False,False,False,False,False,False,False,False,False,False,False,False,False,False,True,False,False,False,False,False,False,False,False,True,88.38282777597708
0 days 01:18:25.711000,16,91.989,-0.9184077350529699,1.0,,,29.643,-0.585541852929143,25.003,0 days 01:17:23.418000,0 days 01:18:00.761000,0 days 01:18:25.764000,304.0,262.0,248.0,328.0,True,13.0,True,Ferrari,0 days 01:16:53.722000,2024-07-07 14:21:50.751,1,7.0,False,,False,True,LEC,11.0,14.0,Lapped,2.5197243122329533,0.5488029849694812,0.6403965923277546,0.28192245787094117,0.19837461540332738,4613.722,4565.557,1.433763957505959,61.0,0.4887566178915416,91.989,0,0,Early,Midfield,Fast,False,False,False,False,True,False,False,False,False,False,False,False,False,False,False,False,False,False,False,True,False,False,False,False,False,False,False,False,True,False,94.05041963165296
0 days 02:10:14.807000,44,89.438,1.2761064807553457,3.0,,,29.064,-1.1095594998623062,24.332,0 days 02:09:14.461000,0 days 02:09:50.503000,0 days 02:10:14.835000,295.0,262.0,250.0,303.0,True,8.0,False,Mercedes,0 days 02:08:45.369000,2024-07-07 15:13:42.398,1,1.0,False,,False,True,HAM,2.0,1.0,Finished,-0.06133835830906515,1.2650394255168225,1.8755993371078679,-1.2983315852481387,2.1793276872251712,7725.369,7686.0,-0.3394677181219383,72.0,0.21117693346459926,89.43799999999999,1,1,Late,Top5,VeryFast,False,False,True,False,False,False,False,False,False,False,False,False,False,False,False,False,False,False,False,False,False,False,False,True,False,False,False,False,False,True,87.3012209321068
0 days 01:04:38.850000,3,93.253,-1.5356148582490585,1.0,,,29.733,-0.27781742383080793,25.413,0 days 01:03:35.412000,0 days 01:04:13.519000,0 days 01:04:38.932000,304.0,257.0,245.0,319.0,True,4.0,True,RB,0 days 01:03:05.597000,2024-07-07 14:08:02.626,1,15.0,False,,False,True,RIC,15.0,13.0,Lapped,1.5518258107796963,0.530098028967129,-0.18714218183515643,-0.6005288475312702,0.7980147469353182,3785.597,3785.556,0.8881542111589152,61.0,0.05255997093491829,93.253,0,0,Early,Midfield,Fast,False,False,False,False,False,False,False,False,False,False,True,False,False,False,False,False,False,False,False,False,False,False,False,False,True,False,False,False,True,False,94.81829067144902
0 days 01:28:08.918000,11,101.868,-0.5069363195889107,1.0,,0 days 01:28:03.182000,33.889,0.809287594672347,27.173,0 days 01:27:01.013000,0 days 01:27:41.819000,0 days 01:28:08.992000,293.0,240.0,,302.0,False,19.0,True,Red Bull Racing,0 days 01:26:27.050000,2024-07-07 14:31:24.079,1,15.0,False,,False,False,PER,20.0,17.0,Lapped,-0.2764269141875667,-1.3299863302426034,-1.065800303025761,1.4452940198717836,-1.6466013884083772,5187.05,5165.639,1.0245566477456738,63.0,-0.30432819475686596,101.868,0,0,Mid,Backmarker,Slow,False,False,False,False,False,False,False,False,True,False,False,False,False,False,False,False,False,False,False,False,False,False,False,False,False,True,False,False,False,False,102.0477595154592
0 days 02:06:45.449000,11,90.689,1.0017922037793063,4.0,,,28.979,-0.7998211674321748,24.899,0 days 02:05:43.813000,0 days 02:06:20.624000,0 days 02:06:45.523000,295.0,259.0,250.0,303.0,True,4.0,True,Red Bull Racing,0 days 02:05:14.760000,2024-07-07 15:10:11.789,1,16.0,False,,False,True,PER,20.0,17.0,Lapped,-0.16888263624831593,0.8625325431742872,0.8341646625756213,-0.7206492420915168,0.5426950161419034,7514.76,7505.955,-0.47587015470869926,75.0,0.29048541472943973,90.689,0,0,Late,Backmarker,VeryFast,False,False,False,False,False,False,False,False,True,False,False,False,False,False,False,False,False,False,False,False,False,False,False,False,False,True,False,False,True,False,88.94032945447363
0 days 02:04:16.262000,44,90.118,1.0017922037793063,3.0,,,28.96,-0.9786557832956071,24.791,0 days 02:03:15.132000,0 days 02:03:51.499000,0 days 02:04:16.290000,288.0,260.0,251.0,290.0,True,4.0,False,Mercedes,0 days 02:02:46.144000,2024-07-07 15:07:43.173,1,1.0,False,,False,True,HAM,2.0,1.0,Finished,-0.4915154700660682,1.0151391201222317,1.5656841399773722,-0.7644765408949631,1.7037167811635692,7366.144,7325.931,-0.7486750278822236,74.0,0.1715226928321783,90.118,1,1,Late,Top5,VeryFast,False,False,True,False,False,False,False,False,False,False,False,False,False,False,False,False,False,False,False,False,False,False,False,True,False,False,False,False,False,True,88.86427450353175
0 days 02:04:42.781000,55,90.475,1.0017922037793063,3.0,,,28.813,-0.9391832779924149,25.197,0 days 02:03:41.159000,0 days 02:04:17.624000,0 days 02:04:42.821000,289.0,260.0,248.0,292.0,True,2.0,True,Ferrari,0 days 02:03:12.306000,2024-07-07 15:08:09.335,1,5.0,False,,False,True,SAI,7.0,5.0,Finished,-0.7066040259445697,0.8310066228014237,1.0901222967849524,-0.1449112661448607,0.10395684611195338,7392.306,7385.959,-0.6122725912954626,73.0,0.09221421156733783,90.47500000000001,0,0,Late,Top10,VeryFast,False,False,False,False,False,False,False,False,False,False,False,False,True,False,False,False,False,False,False,True,False,False,False,False,False,False,False,False,False,False,93.55007238970627
0 days 01:24:44.847000,22,94.738,-0.6440934580769304,1.0,,,29.818,-0.4280546123827436,27.186,0 days 01:23:39.987000,0 days 01:24:17.721000,0 days 01:24:44.907000,297.0,254.0,241.0,303.0,False,17.0,True,RB,0 days 01:23:10.109000,2024-07-07 14:28:07.138,1,11.0,False,,False,True,TSU,13.0,10.0,Finished,-0.06133835830906515,0.20194323870484795,0.23701208729645906,0.2706683375088162,0.35897996858227155,4990.109,4985.646,1.0245566477456738,62.0,0.13186845219975876,94.738,0,0,Early,Midfield,Medium,False,False,False,False,False,False,False,False,False,False,False,False,False,False,False,True,False,False,False,False,False,False,False,False,True,False,False,False,True,False,94.06315063904113
0 days 02:02:28.147000,20,93.212,0.8646350652912865,3.0,,,29.463,-0.32010939379851,25.747,0 days 02:01:24.432000,0 days 02:02:02.434000,0 days 02:02:28.181000,293.0,250.0,248.0,300.0,False,2.0,True,Haas F1 Team,0 days 02:00:54.935000,2024-07-07 15:05:51.964,1,11.0,False,,False,True,MAG,17.0,12.0,Finished,-0.2764269141875667,0.4667104213229688,-0.03046520105569367,0.761910445959783,0.8497225416792195,7254.935,7205.915,-1.430687210816031,78.0,0.2508311740970202,93.212,0,0,Late,Backmarker,Fast,False,False,False,False,False,True,False,False,False,False,False,False,False,False,False,False,False,False,False,False,True,False,False,False,False,False,False,False,False,True,94.10772972592234
0 days 01:21:20.208000,81,91.514,-0.7812505965649501,1.0,,,29.511,-0.7688070561225264,25.115,0 days 01:20:18.287000,0 days 01:20:55.175000,0 days 01:21:20.290000,296.0,261.0,248.0,304.0,True,15.0,True,McLaren,0 days 01:19:48.694000,2024-07-07 14:24:45.723,1,5.0,False,,False,True,PIA,5.0,4.0,Finished,0.04620591963018562,0.7779264701648786,0.5981794221767978,-1.175473600471727,1.2400728391324785,4788.694,4745.599,1.160959084332437,60.0,0.2508311740970202,91.514,0,0,Early,Top5,VeryFast,False,False,False,False,False,False,False,False,False,True,False,False,False,False,False,False,False,False,False,False,False,False,True,False,False,False,False,False,True,False,90.78496547748873
0 days 02:04:50.182000,16,90.878,0.9332136345352964,4.0,,,29.065,-0.8707105647113735,25.178,0 days 02:03:48.422000,0 days 02:04:25.057000,0 days 02:04:50.235000,288.0,256.0,252.0,293.0,True,3.0,True,Ferrari,0 days 02:03:19.304000,2024-07-07 15:08:16.333,1,15.0,False,,False,True,LEC,11.0,14.0,Lapped,-0.4915154700660682,0.9042573539978918,1.405201146155082,-0.8787023928286838,0.30671188613943806,7399.304,7385.959,-0.6122725912954626,73.0,0.09221421156733783,90.878,0,0,Late,Midfield,VeryFast,False,False,False,False,True,False,False,False,False,False,False,False,False,False,False,False,False,False,False,True,False,False,False,False,False,False,False,False,False,True,90.85961996545088
0 days 01:39:12.407000,14,103.618,-0.02688633488084168,1.0,,,30.688,1.7679055806069575,29.744,0 days 01:37:59.569000,0 days 01:38:42.755000,0 days 01:39:12.499000,293.0,249.0,205.0,306.0,False,26.0,True,Aston Martin,0 days 01:37:28.789000,2024-07-07 14:42:25.818,1,9.0,False,,False,True,ALO,10.0,8.0,Finished,0.04620591963018562,-1.0597659379488722,-1.5729470234335072,0.7664099718334353,-0.8585857491062546,5848.789,5825.735,-0.7486750278822236,67.0,-0.7801790823459103,103.618,0,0,Mid,Top10,Slow,True,False,False,False,False,False,False,False,False,False,False,False,False,False,False,False,False,False,True,False,False,False,False,False,False,False,False,False,True,False,102.30520993687037
0 days 01:38:55.977000,16,109.301,-0.09546490412485154,2.0,,,35.278,2.5202998653657187,28.969,0 days 01:37:42.007000,0 days 01:38:27.061000,0 days 01:38:56.030000,290.0,240.0,214.0,299.0,False,6.0,True,Ferrari,0 days 01:37:06.676000,2024-07-07 14:42:03.705,1,16.0,False,,False,True,LEC,11.0,14.0,Lapped,-0.38397119212681746,-1.7922660324697948,-1.339549264274933,0.10573937483119977,-1.1661495563028776,5826.676,5825.735,-0.7486750278822236,67.0,-0.7801790823459103,109.30099999999999,0,0,Mid,Midfield,Slow,False,False,False,False,True,False,False,False,False,False,False,False,False,False,False,False,False,False,False,True,False,False,False,False,False,False,False,True,False,False,105.89813911487462
0 days 02:21:51.190000,23,89.718,1.7561564654634148,3.0,,,29.121,-1.0515590839065996,24.411,0 days 02:20:50.593000,0 days 02:21:26.779000,0 days 02:21:51.190000,295.0,263.0,252.0,307.0,True,14.0,True,Williams,0 days 02:20:21.472000,2024-07-07 15:25:18.501,1,9.0,False,,False,True,ALB,9.0,9.0,Finished,0.2612944755086871,0.9418425721111815,0.6191930772793941,-0.680397751392475,0.16137506729668885,8421.472,8406.092,0.206142028225108,69.0,0.4887566178915416,89.718,0,0,Late,Top10,VeryFast,False,False,False,False,False,False,False,False,False,False,False,False,False,False,False,False,False,False,False,False,False,False,False,False,False,False,True,False,True,False,89.7495529430582
0 days 02:12:19.641000,16,89.911,1.2761064807553457,4.0,,,29.015,-1.0418923479139812,24.686,0 days 02:11:18.798000,0 days 02:11:55.008000,0 days 02:12:19.694000,286.0,260.0,252.0,294.0,False,8.0,True,Ferrari,0 days 02:10:49.730000,2024-07-07 15:15:46.759,1,15.0,False,,False,True,LEC,11.0,14.0,Lapped,-0.2764269141875667,0.9393935507277271,1.7197083741066521,-1.3106069755320906,-0.00029480957161295466,7849.73,7806.02,-0.20306528153517733,73.0,0.40944813662670115,89.911,0,0,Late,Midfield,VeryFast,False,False,False,False,True,False,False,False,False,False,False,False,False,False,False,False,False,False,False,True,False,False,False,False,False,False,False,False,False,True,90.12553994878165
0 days 01:22:51.283000,1,92.504,-0.7126720273209403,1.0,,,29.493,-0.6846258968534774,25.914,0 days 01:21:48.327000,0 days 01:22:25.424000,0 days 01:22:51.338000,310.0,258.0,246.0,292.0,False,16.0,True,Red Bull Racing,0 days 01:21:18.779000,2024-07-07 14:26:15.808,1,4.0,False,,False,True,VER,4.0,2.0,Finished,0.6914715872656902,0.5587709282105666,0.6315352905056739,-0.845680841867452,0.6525075341527011,4878.779,4865.627,1.160959084332437,59.0,0.1715226928321783,92.504,0,1,Early,Top5,Fast,False,False,False,False,False,False,False,False,False,False,False,False,False,False,False,False,True,False,False,False,False,False,False,False,False,True,False,False,True,False,91.87679158074543
0 days 01:17:00.073000,23,92.567,-0.9869863042969798,1.0,,,29.743,-0.5706389682738574,25.444,0 days 01:15:57.249000,0 days 01:16:34.629000,0 days 01:17:00.073000,298.0,256.0,246.0,306.0,True,12.0,True,Williams,0 days 01:15:27.506000,2024-07-07 14:20:24.535,1,12.0,False,,False,True,ALB,9.0,9.0,Finished,0.1537501975694364,0.552827927865051,-0.20424759789516367,-0.09828208029671227,0.2580426986963026,4527.506,4505.547,1.433763957505959,59.0,0.5284108585239625,92.56700000000001,0,0,Early,Top10,Fast,False,False,False,False,False,False,False,False,False,False,False,False,False,False,False,False,False,False,False,False,False,False,False,False,False,False,True,False,True,False,92.72791682914398
0 days 01:13:51.381000,14,92.741,-1.1241434427849994,1.0,,,29.651,-0.47598551167947395,25.475,0 days 01:12:48.383000,0 days 01:13:25.998000,0 days 01:13:51.473000,298.0,257.0,246.0,300.0,False,10.0,True,Aston Martin,0 days 01:12:18.640000,2024-07-07 14:17:15.669,1,10.0,False,,False,True,ALO,10.0,8.0,Finished,-0.4915154700660682,0.5282163343227081,0.4090318150997069,-1.1037618954964934,0.2173593113302443,4338.64,4325.535,1.5701663940927224,61.0,0.6870278210536436,92.74100000000001,0,0,Early,Top10,Fast,True,False,False,False,False,False,False,False,False,False,False,False,False,False,False,False,False,False,True,False,False,False,False,False,False,False,False,False,True,False,91.96889104181335
0 days 01:48:26.153000,2,104.332,0.31600651133920765,2.0,,,32.714,1.2946382976350401,29.607,0 days 01:47:14.609000,0 days 01:47:56.620000,0 days 01:48:26.227000,288.0,235.0,211.0,298.0,False,4.0,True,Williams,0 days 01:46:41.821000,2024-07-07 14:51:38.850,1,13.0,False,,False,True,SAR,12.0,11.0,Finished,-0.2764269141875667,-1.1471111999968093,-1.6609646701264689,0.666706192156943,-0.8286637836770188,6401.821,6365.801,-1.1578823376425065,73.0,-1.2956842105673754,104.332,0,0,Mid,Midfield,Slow,False,False,False,False,False,False,False,False,False,False,False,False,False,True,False,False,False,False,False,False,False,False,False,False,False,False,True,True,False,False,103.84987800863023
0 days 02:05:14.760000,11,93.219,0.9332136345352964,4.0,,,29.809,-0.2588867325119295,25.256,0 days 02:04:11.424000,0 days 02:04:49.578000,0 days 02:05:14.834000,236.0,259.0,248.0,320.0,False,3.0,True,Red Bull Racing,0 days 02:03:41.541000,2024-07-07 15:08:38.570,1,16.0,False,,False,True,PER,20.0,17.0,Lapped,1.659370088718947,0.5561273034520032,-0.1304621274836667,0.21480740592666311,0.28348110616257133,7421.541,7385.959,-0.6122725912954626,73.0,0.09221421156733783,93.21900000000001,0,0,Late,Backmarker,Fast,False,False,False,False,False,False,False,False,True,False,False,False,False,False,False,False,False,False,False,False,False,False,False,False,False,True,False,False,True,False,93.09818473825389
0 days 01:33:59.942000,1,92.143,-0.23262204261287125,1.0,,,29.632,-0.6640840828691636,25.363,0 days 01:32:57.486000,0 days 01:33:34.634000,0 days 01:33:59.997000,290.0,256.0,246.0,297.0,False,23.0,True,Red Bull Racing,0 days 01:32:27.799000,2024-07-07 14:37:24.828,1,5.0,False,,False,True,VER,4.0,2.0,Finished,-0.599059748005319,0.7537662487510963,0.8508681489896688,-0.9497309211079668,0.8705164154826691,5547.799,5525.714,-0.6122725912954626,68.0,-0.7801790823459103,92.143,0,1,Mid,Top5,VeryFast,False,False,False,False,False,False,False,False,False,False,False,False,False,False,False,False,True,False,False,False,False,False,False,False,False,True,False,False,True,False,91.37716718102325
0 days 02:02:30.442000,3,93.138,0.8646350652912865,3.0,,,29.476,-0.3362206204528728,25.7,0 days 02:01:26.862000,0 days 02:02:04.824000,0 days 02:02:30.524000,295.0,257.0,249.0,307.0,False,2.0,True,RB,0 days 02:00:57.304000,2024-07-07 15:05:54.333,1,13.0,False,,False,True,RIC,15.0,13.0,Lapped,0.2612944755086871,0.5355946693005467,0.3860406263609685,-0.353971970706057,0.8557025611340697,7257.304,7205.915,-1.430687210816031,78.0,0.2508311740970202,93.138,0,0,Late,Midfield,Fast,False,False,False,False,False,False,False,False,False,False,True,False,False,False,False,False,False,False,False,False,False,False,False,False,True,False,False,False,False,True,93.05298736503234
0 days 01:40:41.632000,16,105.655,-0.02688633488084168,2.0,,,33.033,1.8230865318981515,29.299,0 days 01:39:29.063000,0 days 01:40:12.386000,0 days 01:40:41.685000,292.0,241.0,214.0,299.0,False,7.0,True,Ferrari,0 days 01:38:55.977000,2024-07-07 14:43:53.006,1,16.0,False,,False,True,LEC,11.0,14.0,Lapped,-0.4915154700660682,-1.3788118549013766,-0.908854114635706,0.8931036281739465,-0.7770407783027042,5935.977,5885.749,-0.7486750278822236,68.0,-0.9784502855080122,105.655,0,0,Mid,Midfield,Slow,False,False,False,False,True,False,False,False,False,False,False,False,False,False,False,False,False,False,False,True,False,False,False,False,False,False,False,True,False,False,103.81676720975527
0 days 02:12:51.552000,23,90.234,1.3446850499993555,3.0,,,29.113,-0.9500583559841105,24.683,0 days 02:11:50.431000,0 days 02:12:26.869000,0 days 02:12:51.552000,294.0,260.0,251.0,300.0,False,8.0,True,Williams,0 days 02:11:21.318000,2024-07-07 15:16:18.347,1,9.0,False,,False,True,ALB,9.0,9.0,Finished,0.2612944755086871,1.0255996651331842,0.5990906685722843,-0.9526132381975613,0.506261557941452,7881.318,7866.021,-0.20306528153517733,71.0,0.40944813662670115,90.23400000000001,0,0,Late,Top10,VeryFast,False,False,False,False,False,False,False,False,False,False,False,False,False,False,False,False,False,False,False,False,False,False,False,False,False,False,True,False,True,False,89.21353821556764
0 days 02:08:36.122000,3,91.198,1.138949342267326,3.0,,,29.188,-0.8038489740957647,25.209,0 days 02:07:34.194000,0 days 02:08:10.995000,0 days 02:08:36.204000,292.0,258.0,248.0,299.0,False,6.0,True,RB,0 days 02:07:04.924000,2024-07-07 15:12:01.953,1,13.0,False,,False,True,RIC,15.0,13.0,Lapped,-0.4915154700660682,0.7577066483815005,0.7212791569994998,-0.9181037448538127,1.5301564404903307,7624.924,7565.968,-0.6122725912954626,75.0,0.40944813662670115,91.19800000000001,0,0,Late,Midfield,VeryFast,False,False,False,False,False,False,False,False,False,False,True,False,False,False,False,False,False,False,False,False,False,False,False,False,True,False,False,False,False,True,91.17133634839055
0 days 01:09:14.331000,22,92.817,-1.329879150517029,1.0,,,29.512,-0.34910960177636485,25.375,0 days 01:08:11.086000,0 days 01:08:49.016000,0 days 01:09:14.391000,319.0,258.0,246.0,328.0,False,7.0,True,RB,0 days 01:07:41.514000,2024-07-07 14:12:38.543,1,11.0,False,,False,True,TSU,13.0,10.0,Finished,2.5197243122329533,0.5258808088596302,0.01154373408083293,-0.05244433748983311,0.46890992373287144,4061.514,4025.531,0.8881542111589152,61.0,0.5680650991563821,92.81700000000001,0,0,Early,Midfield,Fast,False,False,False,False,False,False,False,False,False,False,False,False,False,False,False,True,False,False,False,False,False,False,False,False,True,False,False,False,True,False,94.30342776283335
0 days 01:49:38.533000,16,103.95,0.31600651133920765,3.0,,,32.66,1.3179995762838665,29.221,0 days 01:48:27.296000,0 days 01:49:09.365000,0 days 01:49:38.586000,291.0,239.0,223.0,297.0,False,4.0,True,Ferrari,0 days 01:47:54.583000,2024-07-07 14:52:51.612,1,16.0,False,,False,True,LEC,11.0,14.0,Lapped,-0.7066040259445697,-1.1304029153755617,-1.0179195408441393,0.8634640218893535,-1.1124657211607938,6474.583,6425.794,-1.29428477422927,73.0,-1.2956842105673754,103.95,0,0,Mid,Midfield,Slow,False,False,False,False,True,False,False,False,False,False,False,False,False,False,False,False,False,False,False,True,False,False,False,False,False,False,False,True,False,False,104.54113144401016
0 days 01:32:48.900000,23,93.086,-0.30120061185688113,1.0,,,29.764,-0.4477908650343383,25.637,0 days 01:31:45.578000,0 days 01:32:23.263000,0 days 01:32:48.900000,298.0,255.0,248.0,309.0,False,22.0,True,Williams,0 days 01:31:15.814000,2024-07-07 14:36:12.843,1,11.0,False,,False,True,ALB,9.0,9.0,Finished,0.36883875344793793,0.38875685546409905,-0.32792555925345573,0.6274161433861226,0.6985541126447249,5475.814,5465.676,-0.3394677181219383,68.0,-0.7405248417134893,93.086,0,0,Mid,Top10,Medium,False,False,False,False,False,False,False,False,False,False,False,False,False,False,False,False,False,False,False,False,False,False,False,False,False,False,True,False,True,False,93.61732913963029
0 days 01:01:23.198000,44,91.42,-1.6727719967370784,1.0,,,29.249,-0.5972224922535577,24.857,0 days 01:00:21.055000,0 days 01:00:58.369000,0 days 01:01:23.226000,313.0,258.0,246.0,319.0,True,2.0,True,Mercedes,0 days 00:59:51.778000,2024-07-07 14:04:48.807,1,2.0,False,,False,True,HAM,2.0,1.0,Finished,1.5518258107796963,0.6512222740227084,0.5415782380398788,0.17949464111297264,0.5038780329997989,3591.778,3545.476,0.7517517745721518,63.0,3.5817873872203316,91.42,1,1,Early,Top5,Fast,False,False,True,False,False,False,False,False,False,False,False,False,False,False,False,False,False,False,False,False,False,False,False,True,False,False,False,False,True,False,93.5103433645988
0 days 02:16:50.185000,16,90.204,1.4818421884873751,4.0,,,29.05,-0.939988839325134,24.691,0 days 02:15:49.084000,0 days 02:16:25.547000,0 days 02:16:50.238000,294.0,261.0,251.0,299.0,False,11.0,True,Ferrari,0 days 02:15:19.981000,2024-07-07 15:20:17.010,1,15.0,False,,False,True,LEC,11.0,14.0,Lapped,-0.2764269141875667,1.1087239423176094,1.7800742110724763,-1.1909518580234366,-0.07407609658619085,8119.981,8106.055,0.06973959163834459,72.0,0.4887566178915416,90.20400000000001,0,0,Late,Midfield,VeryFast,False,False,False,False,True,False,False,False,False,False,False,False,False,False,False,False,False,False,False,True,False,False,False,False,False,False,False,False,False,True,90.0904269617454
0 days 01:49:19.055000,1,102.538,0.3845850805832175,2.0,,,32.47,0.9667748352187493,28.871,0 days 01:48:09.042000,0 days 01:48:50.239000,0 days 01:49:19.110000,287.0,241.0,217.0,292.0,False,6.0,True,Red Bull Racing,0 days 01:47:36.517000,2024-07-07 14:52:33.546,1,3.0,False,,False,True,VER,4.0,2.0,Finished,-0.8141483038838205,-0.9236862143899189,-0.8883610257159531,-0.018431362332325445,-0.7733385850038506,6456.517,6425.794,-1.29428477422927,73.0,-1.2956842105673754,102.538,0,1,Mid,Top5,Slow,False,False,False,False,False,False,False,False,False,False,False,False,False,False,False,False,True,False,False,False,False,False,False,False,False,True,False,True,False,False,101.89212539994043
0 days 01:07:33.853000,81,92.062,-1.3984577197610388,1.0,,,29.435,-0.5319720243033872,25.151,0 days 01:06:31.308000,0 days 01:07:08.784000,0 days 01:07:33.935000,312.0,261.0,247.0,318.0,False,6.0,True,McLaren,0 days 01:06:01.791000,2024-07-07 14:10:58.820,1,5.0,False,,False,True,PIA,5.0,4.0,Finished,1.659370088718947,0.6705280977913036,0.2369293929858172,-1.175473600471727,0.7781649878194372,3961.791,3905.511,0.8881542111589152,60.0,0.09221421156733783,92.062,0,0,Early,Top5,Fast,False,False,False,False,False,False,False,False,False,True,False,False,False,False,False,False,False,False,False,False,False,False,True,False,False,False,False,False,True,False,92.2145588564221
0 days 01:17:04.644000,11,92.509,-0.9869863042969798,1.0,,,29.468,-0.4272490510500273,25.305,0 days 01:16:01.677000,0 days 01:16:39.413000,0 days 01:17:04.718000,315.0,262.0,246.0,329.0,False,12.0,True,Red Bull Racing,0 days 01:15:32.135000,2024-07-07 14:20:29.164,1,16.0,False,,False,True,PER,20.0,17.0,Lapped,2.8423571460507056,0.618925051695755,0.41371654869828856,0.14126727326183053,0.6344313034499713,4532.135,4505.547,1.433763957505959,59.0,0.5284108585239625,92.50899999999999,0,0,Early,Backmarker,Fast,False,False,False,False,False,False,False,False,True,False,False,False,False,False,False,False,False,False,False,False,False,False,False,False,False,True,False,False,False,False,93.22465842150646
0 days 01:03:06.121000,31,93.479,-1.6041934274930685,1.0,,,29.591,-0.19484460656083627,25.575,0 days 01:02:02.298000,0 days 01:02:40.611000,0 days 01:03:06.186000,308.0,259.0,245.0,321.0,True,3.0,True,Alpine,0 days 01:01:32.642000,2024-07-07 14:06:29.671,1,16.0,False,,False,True,OCO,18.0,16.0,Lapped,1.659370088718947,0.4218892019980078,0.7766386191844903,1.8978673489978606,-0.3133859100287074,3692.642,3665.476,0.8881542111589152,62.0,3.5817873872203316,93.479,0,0,Early,Backmarker,Fast,False,False,False,False,False,False,False,True,False,False,False,False,False,False,False,False,False,False,False,False,False,False,False,False,False,False,False,False,False,True,94.21136475096834
0 days 02:08:49.847000,1,89.372,1.2075279115113358,3.0,,,28.97,-1.180046116475147,24.535,0 days 02:07:49.500000,0 days 02:08:25.367000,0 days 02:08:49.902000,294.0,263.0,250.0,294.0,False,6.0,True,Red Bull Racing,0 days 02:07:20.475000,2024-07-07 15:12:17.504,1,3.0,False,,False,True,VER,4.0,2.0,Finished,-0.2764269141875667,1.1087704950725639,1.4051808393975478,-1.2032381956756648,1.641251841626258,7640.475,7626.012,-0.47587015470869926,75.0,0.3697938959942802,89.37199999999999,0,1,Late,Top5,VeryFast,False,False,False,False,False,False,False,False,False,False,False,False,False,False,False,False,True,False,False,False,False,False,False,False,False,True,False,False,False,False,90.09823172978106
0 days 01:44:18.574000,55,102.447,0.1788493728511879,2.0,,,32.306,1.040886477828819,28.76,0 days 01:43:08.473000,0 days 01:43:49.854000,0 days 01:44:18.614000,289.0,242.0,226.0,297.0,False,3.0,True,Ferrari,0 days 01:42:36.127000,2024-07-07 14:47:33.156,1,5.0,False,,False,True,SAI,7.0,5.0,Finished,-0.599059748005319,-0.9165259110394605,-0.378093074351897,1.4161128677906774,-1.1428638656074952,6156.127,6125.769,-0.8850774644689846,69.0,-1.176721488670114,102.447,0,0,Mid,Top10,Slow,False,False,False,False,False,False,False,False,False,False,False,False,True,False,False,False,False,False,False,True,False,False,False,False,False,False,False,True,False,False,100.80669095022972
0 days 01:35:57.038000,20,93.625,-0.1640434733688614,1.0,,,29.826,-0.33219281378928284,25.827,0 days 01:34:53.273000,0 days 01:35:31.245000,0 days 01:35:57.072000,292.0,255.0,247.0,300.0,False,24.0,True,Haas F1 Team,0 days 01:34:23.413000,2024-07-07 14:39:20.442,1,12.0,False,,False,True,MAG,17.0,12.0,Finished,-0.38397119212681746,0.4897949385924435,0.03483487177986905,0.78803992403598,0.8247424018427623,5663.413,5645.691,-0.7486750278822236,68.0,-0.8198333229783312,93.625,0,0,Mid,Backmarker,Fast,False,False,False,False,False,True,False,False,False,False,False,False,False,False,False,False,False,False,False,False,True,False,False,False,False,False,False,False,True,False,94.49491575807426
0 days 01:38:42.531000,63,99.949,-0.02688633488084168,1.0,,,30.082,1.0175251991799923,28.544,0 days 01:37:32.719000,0 days 01:38:14.042000,0 days 01:38:42.586000,299.0,252.0,215.0,304.0,False,26.0,True,Mercedes,0 days 01:37:02.582000,2024-07-07 14:41:59.611,1,4.0,False,,False,True,RUS,1.0,,Retired,-0.06133835830906515,-0.5768549346279798,-0.8035267796865756,0.30899133113296234,1.0823523161150104,5822.582,5765.7,-0.7486750278822236,69.0,-0.7801790823459103,99.949,0,0,Mid,Top5,Medium,False,False,False,False,False,False,False,False,False,False,False,True,False,False,False,False,False,False,False,False,False,False,False,True,False,False,False,False,True,False,99.9044636002232
0 days 01:31:12.752000,27,92.649,-0.369779181100891,1.0,,,29.638,-0.4546381363624439,25.343,0 days 01:30:09.781000,0 days 01:30:47.449000,0 days 01:31:12.792000,291.0,255.0,248.0,300.0,False,21.0,True,Haas F1 Team,0 days 01:29:40.103000,2024-07-07 14:34:37.132,1,7.0,False,,False,True,HUL,6.0,6.0,Finished,-0.16888263624831593,0.5412981808767937,0.41203534009010173,0.9389088406487297,0.969238425347584,5380.103,5345.647,0.34254446481186895,67.0,-0.6612163604486488,92.649,0,0,Mid,Top10,Fast,False,False,False,True,False,False,False,False,False,False,False,False,False,False,False,False,False,False,False,False,True,False,False,False,False,False,False,False,True,False,92.69988036864355
0 days 01:07:46.263000,31,93.616,-1.3984577197610388,1.0,,,29.727,-0.2673451265054705,25.756,0 days 01:06:42.439000,0 days 01:07:20.572000,0 days 01:07:46.328000,307.0,256.0,244.0,316.0,False,6.0,True,Alpine,0 days 01:06:12.647000,2024-07-07 14:11:09.676,1,16.0,False,,False,True,OCO,18.0,16.0,Lapped,1.229192976961944,0.3653062951135823,0.7764951577689176,1.4265320797748764,-0.28619658299407735,3972.647,3965.525,0.7517517745721518,61.0,0.13186845219975876,93.616,0,0,Early,Backmarker,Medium,False,False,False,False,False,False,False,True,False,False,False,False,False,False,False,False,False,False,False,False,False,False,False,False,False,False,False,False,False,True,94.33260956063015
0 days 01:28:22.870000,77,104.426,-0.5069363195889107,1.0,,,34.195,1.1444011090831014,28.593,0 days 01:27:12.694000,0 days 01:27:54.332000,0 days 01:28:22.925000,276.0,223.0,225.0,288.0,False,19.0,True,Kick Sauber,0 days 01:26:38.444000,2024-07-07 14:31:35.473,1,17.0,False,,False,True,BOT,16.0,15.0,Lapped,-0.8141483038838205,-1.1735346322053137,-1.1001446190947806,1.2191897612893048,-0.9161962364027194,5198.444,5165.639,1.0245566477456738,63.0,-0.30432819475686596,104.426,0,0,Mid,Backmarker,Slow,False,True,False,False,False,False,False,False,False,False,False,False,False,False,False,False,False,False,False,False,False,True,False,False,False,False,False,False,True,False,102.46012246842336
0 days 01:49:28.605000,81,103.137,0.3845850805832175,2.0,,,32.298,1.104525823113554,29.3,0 days 01:48:17.848000,0 days 01:48:59.387000,0 days 01:49:28.687000,291.0,240.0,215.0,297.0,False,4.0,True,McLaren,0 days 01:47:45.468000,2024-07-07 14:52:42.497,1,6.0,False,,False,True,PIA,5.0,4.0,Finished,-0.599059748005319,-0.933603365087482,-1.113346519730953,-0.10599810033587033,-0.025600481104944103,6465.468,6425.794,-1.29428477422927,73.0,-1.2956842105673754,103.137,0,0,Mid,Top5,Slow,False,False,False,False,False,False,False,False,False,True,False,False,False,False,False,False,False,False,False,False,False,False,True,False,False,False,False,True,False,False,101.3651178456752
0 days 01:29:18.659000,81,97.348,-0.4383577503449008,1.0,,,31.957,0.13825500451812178,26.251,0 days 01:28:13.350000,0 days 01:28:52.490000,0 days 01:29:18.741000,300.0,250.0,249.0,302.0,False,20.0,True,McLaren,0 days 01:27:41.311000,2024-07-07 14:32:38.340,1,2.0,False,,False,True,PIA,5.0,4.0,Finished,0.2612944755086871,-0.10670139010847535,-0.46646534117942595,0.5939810822752668,1.1052751118918906,5261.311,5225.66,0.7517517745721518,64.0,-0.4232909166541274,97.34800000000001,0,0,Mid,Top5,Medium,False,False,False,False,False,False,False,False,False,True,False,False,False,False,False,False,False,False,False,False,False,False,True,False,False,False,False,False,True,False,95.73136771593589
0 days 02:09:00.687000,81,89.221,1.2075279115113358,3.0,,,29.001,-1.200587930459458,24.404,0 days 02:08:00.549000,0 days 02:08:36.365000,0 days 02:09:00.769000,296.0,263.0,252.0,300.0,True,6.0,True,McLaren,0 days 02:07:31.466000,2024-07-07 15:12:28.495,1,4.0,False,,False,True,PIA,5.0,4.0,Finished,0.04620591963018562,1.091632759184087,0.948955207567105,-1.6832821113276015,1.3703794472480786,7651.466,7626.012,-0.47587015470869926,75.0,0.3697938959942802,89.221,0,0,Late,Top5,VeryFast,False,False,False,False,False,False,False,False,False,True,False,False,False,False,False,False,False,False,False,False,False,False,True,False,False,False,False,False,True,False,89.05642322334238
0 days 01:20:08.723000,3,92.933,-0.84982916580896,1.0,,,29.759,-0.44899920703341556,25.492,0 days 01:19:05.631000,0 days 01:19:43.313000,0 days 01:20:08.805000,293.0,253.0,245.0,304.0,False,14.0,True,RB,0 days 01:18:35.790000,2024-07-07 14:23:32.819,1,14.0,False,,False,True,RIC,15.0,13.0,Lapped,0.04620591963018562,0.29126513830795553,0.3518712281993169,-0.7018971733599891,1.0720847951578274,4715.79,4685.594,1.2973615209192007,59.0,0.3301396553618607,92.933,0,0,Early,Midfield,Medium,False,False,False,False,False,False,False,False,False,False,True,False,False,False,False,False,False,False,False,False,False,False,False,False,True,False,False,False,True,False,92.83399477241913
0 days 01:01:31.538000,24,93.563,-1.6727719967370784,1.0,,,29.847,-0.25244224185018493,25.546,0 days 01:00:27.879000,0 days 01:01:06.049000,0 days 01:01:31.595000,312.0,259.0,246.0,329.0,True,2.0,True,Kick Sauber,0 days 00:59:57.975000,2024-07-07 14:04:55.004,1,14.0,False,,False,True,ZHO,14.0,18.0,Lapped,2.627268590172204,0.3548792644308484,0.06158235581266873,-0.053338141598529516,-0.283625922584831,3597.975,3545.476,0.7517517745721518,63.0,3.5817873872203316,93.56299999999999,0,0,Early,Midfield,Medium,False,False,False,False,False,False,False,False,False,False,False,False,False,False,False,False,False,True,False,False,False,True,False,False,False,False,False,False,False,True,95.68222864037635
0 days 01:26:21.019000,23,95.323,-0.5755148888329206,1.0,,,30.198,-0.44416583903710644,27.431,0 days 01:25:15.894000,0 days 01:25:53.588000,0 days 01:26:21.019000,308.0,253.0,225.0,321.0,False,18.0,True,Williams,0 days 01:24:45.696000,2024-07-07 14:29:42.725,1,12.0,False,,False,True,ALB,9.0,9.0,Finished,1.766914366658198,0.0961525701349596,-0.7238394396536043,0.3276292030461731,0.2924220474411368,5085.696,5045.641,1.160959084332437,61.0,0.13186845219975876,95.323,0,0,Mid,Top10,Medium,False,False,False,False,False,False,False,False,False,False,False,False,False,False,False,False,False,False,False,False,False,False,False,False,False,False,True,False,True,False,95.25116104785668
0 days 01:52:53.611000,55,102.794,0.5217422190712372,2.0,,,32.229,1.1746096590600337,28.852,0 days 01:51:43.086000,0 days 01:52:24.799000,0 days 01:52:53.651000,290.0,240.0,217.0,295.0,False,8.0,True,Ferrari,0 days 01:51:10.817000,2024-07-07 14:56:07.846,1,4.0,False,,False,True,SAI,7.0,5.0,Finished,-0.8141483038838205,-0.792769716795332,-0.24517506513749474,0.6744623205633961,-1.188870311881657,6670.817,6665.852,-1.430687210816031,75.0,-1.176721488670114,102.79400000000001,0,0,Mid,Top10,Medium,False,False,False,False,False,False,False,False,False,False,False,False,True,False,False,False,False,False,False,True,False,False,False,False,False,False,False,True,False,False,100.72940981038626
0 days 01:32:47.033000,18,92.495,-0.30120061185688113,1.0,,,29.511,-0.5295553403052327,25.502,0 days 01:31:44.108000,0 days 01:32:21.590000,0 days 01:32:47.092000,295.0,256.0,250.0,298.0,False,22.0,True,Aston Martin,0 days 01:31:14.538000,2024-07-07 14:36:11.567,1,9.0,False,,False,True,STR,8.0,7.0,Finished,-0.16888263624831593,0.41899120684143315,0.24334608076637299,-0.02916670761641407,-0.06835380073118197,5474.538,5465.676,-0.3394677181219383,68.0,-0.7405248417134893,92.49499999999999,0,0,Mid,Top10,Fast,False,False,False,False,False,False,False,False,False,False,False,False,False,False,True,False,False,False,True,False,False,False,False,False,False,False,False,False,True,False,94.01487811524764
0 days 01:23:04.686000,18,93.091,-0.7126720273209403,1.0,,,29.529,-0.4437630583707483,25.867,0 days 01:22:01.183000,0 days 01:22:38.878000,0 days 01:23:04.745000,313.0,258.0,247.0,320.0,False,16.0,True,Aston Martin,0 days 01:21:31.595000,2024-07-07 14:26:28.624,1,8.0,False,,False,True,STR,8.0,7.0,Finished,1.659370088718947,0.5064747963981578,-0.11815844432411281,0.10731181702834298,0.27567743808135614,4891.595,4865.627,1.160959084332437,59.0,0.1715226928321783,93.09100000000001,0,0,Early,Top10,Fast,False,False,False,False,False,False,False,False,False,False,False,False,False,False,True,False,False,False,True,False,False,False,False,False,False,False,False,False,True,False,94.63101465311605
0 days 01:13:58.921000,20,92.647,-1.1241434427849994,1.0,,,29.669,-0.5061940616564061,25.438,0 days 01:12:55.977000,0 days 01:13:33.517000,0 days 01:13:58.955000,293.0,255.0,245.0,301.0,True,10.0,True,Haas F1 Team,0 days 01:12:26.274000,2024-07-07 14:17:23.303,1,15.0,False,,False,True,MAG,17.0,12.0,Finished,-0.06133835830906515,0.3835736219907878,0.3135241699898541,-0.1212345230047424,0.9758294545400386,4346.274,4325.535,1.5701663940927224,61.0,0.6870278210536436,92.647,0,0,Early,Backmarker,Medium,False,False,False,False,False,True,False,False,False,False,False,False,False,False,False,False,False,False,False,False,True,False,False,False,False,False,False,False,True,False,92.22017737521826
0 days 02:14:24.633000,22,90.982,1.4132636192433654,3.0,,,29.377,-0.8747383713749636,24.98,0 days 02:13:23.088000,0 days 02:13:59.713000,0 days 02:14:24.693000,300.0,261.0,251.0,299.0,False,9.0,True,RB,0 days 02:12:53.651000,2024-07-07 15:17:50.680,1,10.0,False,,False,True,TSU,13.0,10.0,Finished,-0.38397119212681746,0.8816967206692825,0.945559297647988,-0.5934982333678169,0.4980767196737222,7973.651,7926.001,-0.06666284494841637,69.0,0.3697938959942802,90.982,0,0,Late,Midfield,VeryFast,False,False,False,False,False,False,False,False,False,False,False,False,False,False,False,True,False,False,False,False,False,False,False,False,True,False,False,False,False,True,91.06845963645516
0 days 02:21:37.279000,24,91.749,1.618999326975395,5.0,,,29.598,-0.6713341348636274,25.021,0 days 02:20:35.185000,0 days 02:21:12.315000,0 days 02:21:37.336000,288.0,259.0,248.0,295.0,False,14.0,False,Kick Sauber,0 days 02:20:05.530000,2024-07-07 15:25:02.559,1,18.0,False,,False,True,ZHO,14.0,18.0,Lapped,-0.599059748005319,0.6398162358968689,0.7986741690033667,-0.3931292506309044,-0.6663554171457586,8405.53,8346.105,0.34254446481186895,68.0,0.5284108585239625,91.74900000000001,0,0,Late,Midfield,Fast,False,False,False,False,False,False,False,False,False,False,False,False,False,False,False,False,False,True,False,False,False,True,False,False,False,False,False,False,False,True,93.78175782924022
0 days 01:57:08.966000,20,103.611,0.6588993575592569,2.0,,,32.486,1.5822236934154223,28.4,0 days 01:55:57.875000,0 days 01:56:40.600000,0 days 01:57:09,290.0,237.0,227.0,297.0,False,9.0,True,Haas F1 Team,0 days 01:55:25.355000,2024-07-07 15:00:22.384,1,11.0,False,,False,True,MAG,17.0,12.0,Finished,-0.599059748005319,-1.0402241426332204,-1.425386809703565,0.9674235843384253,-1.2582758771367462,6925.355,6905.885,-1.430687210816031,75.0,-1.0974130074052735,103.61099999999999,0,0,Late,Backmarker,Slow,False,False,False,False,False,True,False,False,False,False,False,False,False,False,False,False,False,False,False,False,True,False,False,False,False,False,False,True,False,False,104.42715220138079
0 days 02:12:39.132000,18,89.897,1.3446850499993555,3.0,,,28.964,-1.0008087199453564,24.621,0 days 02:11:38.258000,0 days 02:12:14.570000,0 days 02:12:39.191000,296.0,262.0,251.0,301.0,True,7.0,True,Aston Martin,0 days 02:11:09.235000,2024-07-07 15:16:06.264,1,7.0,False,,False,True,STR,8.0,7.0,Finished,-0.16888263624831593,1.0503416505138292,0.8889451066788938,-1.1654792436507588,0.6205959383439924,7869.235,7866.021,-0.20306528153517733,71.0,0.40944813662670115,89.89699999999999,0,0,Late,Top10,VeryFast,False,False,False,False,False,False,False,False,False,False,False,False,False,False,True,False,False,False,True,False,False,False,False,False,False,False,False,False,True,False,89.89106372271745
0 days 02:20:39.675000,2,91.662,1.6875778962194048,3.0,,,29.836,-0.8034461934294066,25.024,0 days 02:19:37.923000,0 days 02:20:14.725000,0 days 02:20:39.749000,291.0,259.0,249.0,302.0,False,13.0,True,Williams,0 days 02:19:08.013000,2024-07-07 15:24:05.042,1,11.0,False,,False,True,SAR,12.0,11.0,Finished,0.04620591963018562,0.7449758243068293,0.8449489743879796,-1.1786551139651347,-0.5114309180587888,8348.013,8346.105,0.34254446481186895,68.0,0.5284108585239625,91.662,0,0,Late,Midfield,VeryFast,False,False,False,False,False,False,False,False,False,False,False,False,False,True,False,False,False,False,False,False,False,False,False,False,False,False,True,False,False,True,91.3150274737243
0 days 01:44:07.639000,44,100.42,0.1788493728511879,2.0,,,31.69,0.7138285767452472,28.161,0 days 01:42:58.937000,0 days 01:43:39.506000,0 days 01:44:07.667000,291.0,243.0,222.0,299.0,False,2.0,True,Mercedes,0 days 01:42:27.219000,2024-07-07 14:47:24.248,1,2.0,False,,False,True,HAM,2.0,1.0,Finished,-0.599059748005319,-0.6030241041465946,-0.38886569156372813,0.047347854617600736,-0.23227659876849965,6147.219,6125.769,-0.8850774644689846,69.0,-1.176721488670114,100.42,1,1,Mid,Top5,Medium,False,False,True,False,False,False,False,False,False,False,False,False,False,False,False,False,False,False,False,False,False,False,False,True,False,False,False,True,False,False,100.78955581629256
0 days 02:13:40.994000,55,89.553,1.4132636192433654,3.0,,,28.946,-1.0596146972337823,24.441,0 days 02:12:40.427000,0 days 02:13:16.593000,0 days 02:13:41.034000,288.0,262.0,251.0,297.0,True,8.0,True,Ferrari,0 days 02:12:11.441000,2024-07-07 15:17:08.470,1,5.0,False,,False,True,SAI,7.0,5.0,Finished,-0.38397119212681746,1.1146277803977278,1.867141350380547,-0.8986861245310837,-0.0851753780230005,7931.441,7926.001,-0.06666284494841637,69.0,0.3697938959942802,89.553,0,0,Late,Top10,VeryFast,False,False,False,False,False,False,False,False,False,False,False,False,True,False,False,False,False,False,False,True,False,False,False,False,False,False,False,False,False,False,90.73606341700426
0 days 01:20:09.904000,11,92.488,-0.84982916580896,1.0,,,29.42,-0.442554716371671,25.37,0 days 01:19:06.910000,0 days 01:19:44.608000,0 days 01:20:09.978000,318.0,260.0,246.0,326.0,False,14.0,True,Red Bull Racing,0 days 01:18:37.416000,2024-07-07 14:23:34.445,1,16.0,False,,False,True,PER,20.0,17.0,Lapped,2.1970914784152007,0.2767563802739793,-0.14066147861617473,0.9297544619417313,0.3775979127740984,4717.416,4685.594,1.2973615209192007,59.0,0.3301396553618607,92.488,0,0,Early,Backmarker,Medium,False,False,False,False,False,False,False,False,True,False,False,False,False,False,False,False,False,False,False,False,False,False,False,False,False,True,False,False,False,False,95.89154799090534
0 days 01:49:46.204000,27,104.134,0.3845850805832175,2.0,,,32.498,1.3735833082414188,29.429,0 days 01:48:34.608000,0 days 01:49:16.815000,0 days 01:49:46.244000,290.0,241.0,216.0,296.0,False,6.0,True,Haas F1 Team,0 days 01:48:02.070000,2024-07-07 14:52:59.099,1,7.0,False,,False,True,HUL,6.0,6.0,Finished,-0.7066040259445697,-1.1352325379663741,-1.4378913320525069,0.10126621545021244,-0.836229500681225,6482.07,6425.794,-1.29428477422927,73.0,-1.2956842105673754,104.134,0,0,Mid,Top10,Slow,False,False,False,True,False,False,False,False,False,False,False,False,False,False,False,False,False,False,False,False,True,False,False,False,False,False,False,True,False,False,103.96782356945323
0 days 02:17:27.080000,22,91.08,1.550420757731385,3.0,,,29.279,-0.7941822381031465,24.976,0 days 02:16:25.339000,0 days 02:17:02.164000,0 days 02:17:27.140000,297.0,261.0,250.0,299.0,False,11.0,True,RB,0 days 02:15:56,2024-07-07 15:20:53.029,1,10.0,False,,False,True,TSU,13.0,10.0,Finished,-0.2764269141875667,0.7913829081496738,0.8557428960663009,-1.2000249699049026,0.32898746671552465,8156.0,8106.055,0.06973959163834459,72.0,0.4887566178915416,91.08,0,0,Late,Midfield,VeryFast,False,False,False,False,False,False,False,False,False,False,False,False,False,False,False,True,False,False,False,False,False,False,False,False,True,False,False,False,False,True,91.79079304043455
0 days 01:49:21.200000,63,103.085,0.3845850805832175,2.0,,,32.488,1.0433031618269735,29.21,0 days 01:48:10.658000,0 days 01:48:52.045000,0 days 01:49:21.255000,290.0,242.0,219.0,290.0,False,5.0,True,Mercedes,0 days 01:47:38.115000,2024-07-07 14:52:35.144,1,4.0,False,,False,True,RUS,1.0,,Retired,-1.2443254156408237,-1.0211529928530254,-1.0657484693859827,0.45911399417379933,0.17667813296854185,6458.115,6425.794,-1.29428477422927,73.0,-1.2956842105673754,103.08500000000001,0,0,Mid,Top5,Slow,False,False,False,False,False,False,False,False,False,False,False,True,False,False,False,False,False,False,False,False,False,False,False,True,False,False,False,True,False,False,103.31415365100872
0 days 01:15:42.300000,24,95.012,-1.0555648735409895,1.0,,,30.324,-0.056690837999673435,26.032,0 days 01:14:37.669000,0 days 01:15:16.325000,0 days 01:15:42.357000,289.0,251.0,244.0,292.0,False,11.0,True,Kick Sauber,0 days 01:14:07.288000,2024-07-07 14:19:04.317,1,19.0,False,,False,True,ZHO,14.0,18.0,Lapped,-0.9216925818230712,0.22370322784079302,0.44433124551742564,-0.11337726820415055,-0.25648492596399675,4447.288,4445.565,1.5701663940927224,60.0,0.5680650991563821,95.012,0,0,Early,Midfield,Medium,False,False,False,False,False,False,False,False,False,False,False,False,False,False,False,False,False,True,False,False,False,True,False,False,False,False,False,False,False,True,94.50131922652474
0 days 02:09:39.210000,18,90.03,1.2075279115113358,3.0,,,28.951,-0.9810724672937617,24.718,0 days 02:08:38.190000,0 days 02:09:14.551000,0 days 02:09:39.269000,296.0,261.0,250.0,299.0,True,5.0,True,Aston Martin,0 days 02:08:09.180000,2024-07-07 15:13:06.209,1,7.0,False,,False,True,STR,8.0,7.0,Finished,-0.06133835830906515,1.0563614410978275,0.8050636088944253,-1.7380028560318985,0.7264770750150835,7689.18,7686.0,-0.3394677181219383,72.0,0.21117693346459926,90.03,0,0,Late,Top10,VeryFast,False,False,False,False,False,False,False,False,False,False,False,False,False,False,True,False,False,False,True,False,False,False,False,False,False,False,False,False,True,False,90.05072460442169
0 days 02:00:20.306000,23,97.843,0.7960564960472767,2.0,,0 days 02:00:14.387000,31.757,0.5760775888504397,25.859,0 days 01:59:14.220000,0 days 01:59:54.447000,0 days 02:00:20.306000,295.0,245.0,,302.0,False,11.0,True,Williams,0 days 01:58:42.463000,2024-07-07 15:03:39.492,1,10.0,False,,False,False,ALB,9.0,9.0,Finished,-0.06133835830906515,-0.6051503662027996,-0.7972535660285223,0.3293728038926868,-0.8442540595472776,7122.463,7085.907,-1.430687210816031,77.0,-0.06640275096234313,97.84299999999999,0,0,Late,Top10,Medium,False,False,False,False,False,False,False,False,False,False,False,False,False,False,False,False,False,False,False,False,False,False,False,False,False,False,True,True,False,False,99.18697668749422
0 days 01:44:35.985000,27,102.641,0.1788493728511879,2.0,,,32.158,1.213276603030504,28.674,0 days 01:43:25.542000,0 days 01:44:07.351000,0 days 01:44:36.025000,288.0,242.0,223.0,296.0,False,3.0,True,Haas F1 Team,0 days 01:42:53.344000,2024-07-07 14:47:50.373,1,7.0,False,,False,True,HUL,6.0,6.0,Finished,-0.4915154700660682,-0.8000620299196187,-0.9377536716804435,0.5930229722956459,-0.6758695049347182,6173.344,6125.769,-0.8850774644689846,69.0,-1.176721488670114,102.64099999999999,0,0,Mid,Top10,Medium,False,False,False,True,False,False,False,False,False,False,False,False,False,False,False,False,False,False,False,False,True,False,False,False,False,False,False,True,False,False,101.46282422115878
0 days 01:05:58.579000,44,91.677,-1.4670362890050488,1.0,,,29.469,-0.6306532875613606,24.977,0 days 01:04:56.399000,0 days 01:05:33.630000,0 days 01:05:58.607000,295.0,258.0,246.0,297.0,False,5.0,True,Mercedes,0 days 01:04:26.902000,2024-07-07 14:09:23.931,1,2.0,False,,False,True,HAM,2.0,1.0,Finished,-0.4915154700660682,0.6282122424435791,0.9056740153240974,-0.45598769164143843,0.4148406632262348,3866.902,3845.509,0.7517517745721518,60.0,0.01290573030249735,91.677,1,1,Early,Top5,Fast,False,False,True,False,False,False,False,False,False,False,False,False,False,False,False,False,False,False,False,False,False,False,False,True,False,False,False,False,True,False,92.17517646492139
0 days 01:49:12.119000,44,102.475,0.3845850805832175,2.0,,,32.107,1.0477337491569245,28.97,0 days 01:48:01.779000,0 days 01:48:43.177000,0 days 01:49:12.147000,294.0,241.0,219.0,298.0,False,5.0,True,Mercedes,0 days 01:47:29.644000,2024-07-07 14:52:26.673,1,2.0,False,,False,True,HAM,2.0,1.0,Finished,-0.599059748005319,-0.8524928568818807,-0.7194767498518522,0.03580905446618192,-0.317032394831844,6449.644,6425.794,-1.29428477422927,73.0,-1.2956842105673754,102.475,1,1,Mid,Top5,Slow,False,False,True,False,False,False,False,False,False,False,False,False,False,False,False,False,False,False,False,False,False,False,False,True,False,False,False,True,False,False,102.51668207946925
0 days 02:15:48.234000,11,90.795,1.4132636192433654,4.0,,0 days 02:15:42.430000,29.213,-0.9158219993435883,25.059,0 days 02:14:46.726000,0 days 02:15:23.249000,0 days 02:15:48.308000,286.0,260.0,,297.0,False,10.0,True,Red Bull Racing,0 days 02:14:17.439000,2024-07-07 15:19:14.468,1,16.0,False,,False,False,PER,20.0,17.0,Lapped,-0.38397119212681746,0.2721902282887412,0.9419185805240572,-0.4929142643140235,-0.45865460569006516,8057.439,8046.052,0.06973959163834459,71.0,0.4887566178915416,90.795,0,0,Late,Backmarker,Medium,False,False,False,False,False,False,False,False,True,False,False,False,False,False,False,False,False,False,False,False,False,False,False,False,False,True,False,False,True,False,89.68422067578469
0 days 02:06:43.455000,14,90.167,1.070370773023316,3.0,,,28.958,-0.9782530026292462,24.841,0 days 02:05:42.338000,0 days 02:06:18.706000,0 days 02:06:43.547000,293.0,259.0,252.0,298.0,True,4.0,True,Aston Martin,0 days 02:05:13.288000,2024-07-07 15:10:10.317,1,8.0,False,,False,True,ALO,10.0,8.0,Finished,-0.2764269141875667,0.9506118066805379,0.8660006683012852,-0.5149471624112396,0.44519196009011186,7513.288,7505.955,-0.47587015470869926,75.0,0.29048541472943973,90.167,0,0,Late,Top10,VeryFast,True,False,False,False,False,False,False,False,False,False,False,False,False,False,False,False,False,False,True,False,False,False,False,False,False,False,False,False,True,False,89.85194857674583
0 days 01:21:25.462000,55,91.916,-0.7812505965649501,1.0,,,29.616,-0.6270282615641288,25.06,0 days 01:20:23.202000,0 days 01:21:00.442000,0 days 01:21:25.502000,292.0,259.0,247.0,299.0,False,15.0,True,Ferrari,0 days 01:19:53.546000,2024-07-07 14:24:50.575,1,6.0,False,,False,True,SAI,7.0,5.0,Finished,-0.38397119212681746,0.6611405737467612,1.2546317221618244,-0.45842130456063757,-0.364816611991143,4793.546,4745.599,1.160959084332437,60.0,0.2508311740970202,91.916,0,0,Early,Top10,Fast,False,False,False,False,False,False,False,False,False,False,False,False,True,False,False,False,False,False,False,True,False,False,False,False,False,False,False,False,True,False,91.17253431309813
0 days 01:02:56.428000,1,92.2,-1.6041934274930685,1.0,,,29.672,-0.6366949975567471,25.312,0 days 01:01:53.955000,0 days 01:02:31.171000,0 days 01:02:56.483000,293.0,256.0,245.0,294.0,False,3.0,True,Red Bull Racing,0 days 01:01:24.228000,2024-07-07 14:06:21.257,1,3.0,False,,False,True,VER,4.0,2.0,Finished,-0.8141483038838205,0.5522942295442139,0.3409328533158971,-0.17504827115437718,0.5951953669949577,3684.228,3665.476,0.8881542111589152,62.0,3.5817873872203316,92.2,0,1,Early,Top5,Fast,False,False,False,False,False,False,False,False,False,False,False,False,False,False,False,False,True,False,False,False,False,False,False,False,False,True,False,False,True,False,92.4743815622582
0 days 01:26:16.999000,14,95.88,-0.5755148888329206,1.0,,,30.038,-0.0860938266438864,27.259,0 days 01:25:11.249000,0 days 01:25:49.832000,0 days 01:26:17.091000,322.0,258.0,222.0,332.0,False,18.0,True,Aston Martin,0 days 01:24:41.119000,2024-07-07 14:29:38.148,1,10.0,False,,False,True,ALO,10.0,8.0,Finished,2.8423571460507056,0.05889426954133796,-0.3598911201029203,0.544297591366003,-0.0862387350658025,5081.119,5045.641,1.160959084332437,61.0,0.13186845219975876,95.88,0,0,Mid,Top10,Medium,True,False,False,False,False,False,False,False,False,False,False,False,False,False,False,False,False,False,True,False,False,False,False,False,False,False,False,False,True,False,95.91593960255369
0 days 01:39:07.941000,31,107.432,-0.09546490412485154,3.0,,,30.982,2.7619682651811672,30.796,0 days 01:37:51.556000,0 days 01:38:37.210000,0 days 01:39:08.006000,277.0,242.0,198.0,284.0,False,4.0,True,Alpine,0 days 01:37:20.509000,2024-07-07 14:42:17.538,1,18.0,False,,False,True,OCO,18.0,16.0,Lapped,-1.5669582494585759,-1.5777059706379521,-1.4591239504531475,1.9743596102217051,-2.344440759950474,5840.509,5825.735,-0.7486750278822236,67.0,-0.7801790823459103,107.43199999999999,0,0,Mid,Backmarker,Slow,False,False,False,False,False,False,False,True,False,False,False,False,False,False,False,False,False,False,False,False,False,False,False,False,False,False,False,False,True,False,105.25784121326939
0 days 01:13:49.757000,27,92.439,-1.1241434427849994,1.0,,,29.47,-0.48162444100850227,25.368,0 days 01:12:46.828000,0 days 01:13:24.429000,0 days 01:13:49.797000,309.0,259.0,247.0,319.0,False,10.0,True,Haas F1 Team,0 days 01:12:17.318000,2024-07-07 14:17:14.347,1,9.0,False,,False,True,HUL,6.0,6.0,Finished,1.5518258107796963,0.641423665458917,0.2727677711752804,0.36106828259154045,0.6619319710134671,4337.318,4325.535,1.5701663940927224,61.0,0.6870278210536436,92.439,0,0,Early,Top10,Fast,False,False,False,True,False,False,False,False,False,False,False,False,False,False,False,False,False,False,False,False,True,False,False,False,False,False,False,False,True,False,92.79642944998552
0 days 01:23:10.109000,22,93.209,-0.7126720273209403,1.0,,,29.738,-0.5041801583246096,25.926,0 days 01:22:06.698000,0 days 01:22:44.243000,0 days 01:23:10.169000,296.0,256.0,246.0,305.0,False,16.0,True,RB,0 days 01:21:36.900000,2024-07-07 14:26:33.929,1,11.0,False,,False,True,TSU,13.0,10.0,Finished,-0.06133835830906515,0.6301605285857106,0.689623209973924,-0.34978086303782774,0.6143716608198933,4896.9,4865.627,1.160959084332437,59.0,0.1715226928321783,93.209,0,0,Early,Midfield,Fast,False,False,False,False,False,False,False,False,False,False,False,False,False,False,False,True,False,False,False,False,False,False,False,False,True,False,False,False,True,False,91.80470816400467
0 days 01:16:39.889000,44,91.563,-0.9869863042969798,1.0,,,29.429,-0.7490708034709317,25.197,0 days 01:15:37.783000,0 days 01:16:14.720000,0 days 01:16:39.917000,295.0,258.0,246.0,298.0,False,12.0,True,Mercedes,0 days 01:15:08.326000,2024-07-07 14:20:05.355,1,2.0,False,,False,True,HAM,2.0,1.0,Finished,-0.4915154700660682,0.5664508186491976,0.9341647830095764,-0.38577034416947487,1.8176628811246094,4508.326,4505.547,1.433763957505959,59.0,0.5284108585239625,91.563,1,1,Early,Top5,Fast,False,False,True,False,False,False,False,False,False,False,False,False,False,False,False,False,False,False,False,False,False,False,False,True,False,False,False,False,True,False,91.10123740383644
0 days 01:32:44.985000,27,92.233,-0.30120061185688113,1.0,,,29.458,-0.6471672948820845,25.585,0 days 01:31:42.250000,0 days 01:32:19.440000,0 days 01:32:45.025000,287.0,257.0,247.0,297.0,True,22.0,True,Haas F1 Team,0 days 01:31:12.752000,2024-07-07 14:36:09.781,1,7.0,False,,False,True,HUL,6.0,6.0,Finished,-0.16888263624831593,0.5229749773482255,0.740883573173419,-0.2983498089933982,1.045931112714743,5472.752,5465.676,-0.3394677181219383,68.0,-0.7405248417134893,92.233,0,0,Mid,Top10,Fast,False,False,False,True,False,False,False,False,False,False,False,False,False,False,False,False,False,False,False,False,True,False,False,False,False,False,False,False,True,False,91.3389171561135
0 days 02:11:32.312000,2,90.613,1.2761064807553457,3.0,,,29.234,-0.9436138653223659,24.925,0 days 02:10:31.007000,0 days 02:11:07.461000,0 days 02:11:32.386000,293.0,260.0,250.0,298.0,False,7.0,True,Williams,0 days 02:10:01.699000,2024-07-07 15:14:58.728,1,11.0,False,,False,True,SAR,12.0,11.0,Finished,0.04620591963018562,0.8234194639305874,1.1056683205486655,-1.104212658448904,0.16202750265977806,7801.699,7746.012,-0.3394677181219383,73.0,0.21117693346459926,90.613,0,0,Late,Midfield,VeryFast,False,False,False,False,False,False,False,False,False,False,False,False,False,True,False,False,False,False,False,False,False,False,False,False,False,False,True,False,False,True,89.37159383560035
0 days 01:35:14.944000,16,106.593,-0.23262204261287125,2.0,,,33.765,1.8343643905562053,29.477,0 days 01:34:02.169000,0 days 01:34:45.520000,0 days 01:35:14.997000,284.0,237.0,211.0,295.0,False,4.0,True,Ferrari,0 days 01:33:28.351000,2024-07-07 14:38:25.380,1,16.0,False,,False,True,LEC,11.0,14.0,Lapped,-0.8141483038838205,-1.4359141661292925,-0.7633866498844507,-0.45875440777824145,-0.6521681730299562,5608.351,5585.679,-0.6122725912954626,69.0,-0.7801790823459103,106.593,0,0,Mid,Midfield,Slow,False,False,False,False,True,False,False,False,False,False,False,False,False,False,False,False,False,False,False,True,False,False,False,False,False,False,False,True,False,False,102.94599760239265
0 days 01:29:17.303000,4,97.704,-0.4383577503449008,1.0,,,32.09,0.28849219307005747,26.101,0 days 01:28:11.750000,0 days 01:28:51.263000,0 days 01:29:17.364000,285.0,248.0,248.0,297.0,False,20.0,True,McLaren,0 days 01:27:39.599000,2024-07-07 14:32:36.628,1,1.0,True,TRACK LIMITS AT TURN 12 LAP 20 ,False,True,NOR,3.0,3.0,Finished,-0.06133835830906515,-0.1723474426759316,-0.2006339113827393,0.07030340055883935,0.7688819620497316,5259.599,5225.66,0.7517517745721518,64.0,-0.4232909166541274,97.70400000000001,0,1,Mid,Top5,Medium,False,False,False,False,False,False,True,False,False,False,False,False,False,False,False,False,False,False,False,False,False,False,True,False,False,False,False,False,True,False,94.35592835408097
0 days 02:08:31.375000,20,90.454,1.138949342267326,3.0,,,29.036,-0.9041413600191766,24.866,0 days 02:07:29.991000,0 days 02:08:06.543000,0 days 02:08:31.409000,287.0,259.0,248.0,302.0,False,6.0,True,Haas F1 Team,0 days 02:07:00.921000,2024-07-07 15:11:57.950,1,11.0,False,,False,True,MAG,17.0,12.0,Finished,-0.06133835830906515,0.8572790404098091,1.0888745011818817,-0.9984327566582732,1.043277287590231,7620.921,7565.968,-0.6122725912954626,75.0,0.40944813662670115,90.454,0,0,Late,Backmarker,VeryFast,False,False,False,False,False,True,False,False,False,False,False,False,False,False,False,False,False,False,False,False,True,False,False,False,False,False,False,False,False,True,89.4155399551165
0 days 01:26:02.814000,1,96.172,-0.5755148888329206,1.0,,,30.085,-0.36481804776436955,28.196,0 days 01:24:56.782000,0 days 01:25:34.673000,0 days 01:26:02.869000,307.0,253.0,217.0,294.0,False,18.0,True,Red Bull Racing,0 days 01:24:26.642000,2024-07-07 14:29:23.671,1,5.0,False,,False,True,VER,4.0,2.0,Finished,0.36883875344793793,-0.023836341903270074,-0.3833274559899278,0.22546836496745365,0.24173856991744824,5066.642,5045.641,1.160959084332437,61.0,0.13186845219975876,96.172,0,1,Mid,Top5,Medium,False,False,False,False,False,False,False,False,False,False,False,False,False,False,False,False,True,False,False,False,False,False,False,False,False,True,False,False,True,False,96.65711500773814
0 days 01:58:38.658000,22,101.098,0.7274779268032668,2.0,,,32.029,1.0147057345154797,27.753,0 days 01:57:29.649000,0 days 01:58:10.965000,0 days 01:58:38.718000,295.0,244.0,235.0,299.0,False,10.0,True,RB,0 days 01:56:57.560000,2024-07-07 15:01:54.589,1,9.0,False,,False,True,TSU,13.0,10.0,Finished,-0.38397119212681746,-0.8859965483410821,-0.8184400872537984,-0.35674320187327285,-0.7983334033844268,7017.56,6965.895,-1.5670896474027918,76.0,-1.0181045261404331,101.098,0,0,Late,Midfield,Slow,False,False,False,False,False,False,False,False,False,False,False,False,False,False,False,True,False,False,False,False,False,False,False,False,True,False,False,True,False,False,102.06022118554264
0 days 01:10:54.135000,11,93.407,-1.2613005812730191,1.0,,,29.702,-0.1553721012576469,25.294,0 days 01:09:50.504000,0 days 01:10:28.915000,0 days 01:10:54.209000,302.0,259.0,244.0,324.0,False,8.0,True,Red Bull Racing,0 days 01:09:20.728000,2024-07-07 14:14:17.757,1,16.0,False,,False,True,PER,20.0,17.0,Lapped,2.08954720047595,0.4401256572956231,0.002339682083389558,4.607392378768719,0.6099703747000812,4160.728,4145.541,1.0245566477456738,60.0,0.805990542950905,93.407,0,0,Early,Backmarker,Fast,False,False,False,False,False,False,False,False,True,False,False,False,False,False,False,False,False,False,False,False,False,False,False,False,False,True,False,False,False,False,94.75811006335238
0 days 01:58:42.463000,23,100.273,0.7274779268032668,2.0,,,31.87,0.8350655573193282,27.533,0 days 01:57:34.060000,0 days 01:58:14.930000,0 days 01:58:42.463000,291.0,243.0,231.0,296.0,False,10.0,True,Williams,0 days 01:57:02.190000,2024-07-07 15:01:59.219,1,10.0,False,,False,True,ALB,9.0,9.0,Finished,-0.16888263624831593,-0.6827570862082848,-1.3616471532206003,0.19167455999357627,-0.5141476762066219,7022.19,6965.895,-1.5670896474027918,76.0,-1.0181045261404331,100.273,0,0,Late,Top10,Medium,False,False,False,False,False,False,False,False,False,False,False,False,False,False,False,False,False,False,False,False,False,False,False,False,False,False,True,True,False,False,101.14356295519956
0 days 02:17:06.512000,27,90.371,1.550420757731385,3.0,,,29.229,-0.9552945046467806,24.717,0 days 02:16:05.410000,0 days 02:16:41.835000,0 days 02:17:06.552000,288.0,262.0,250.0,295.0,False,13.0,False,Haas F1 Team,0 days 02:15:36.141000,2024-07-07 15:20:33.170,1,6.0,False,,False,True,HUL,6.0,6.0,Finished,0.2612944755086871,1.053305382291126,1.2025544891793234,-1.162552949254615,1.056338207047845,8136.141,8106.055,0.06973959163834459,72.0,0.4887566178915416,90.371,0,0,Late,Top10,VeryFast,False,False,False,True,False,False,False,False,False,False,False,False,False,False,False,False,False,False,False,False,True,False,False,False,False,False,False,False,False,True,89.36375388125329
0 days 01:09:05.778000,81,91.925,-1.329879150517029,1.0,,,29.335,-0.5940002469226839,25.268,0 days 01:08:03.270000,0 days 01:08:40.592000,0 days 01:09:05.860000,310.0,259.0,247.0,320.0,False,7.0,True,McLaren,0 days 01:07:33.853000,2024-07-07 14:12:30.882,1,5.0,False,,False,True,PIA,5.0,4.0,Finished,1.766914366658198,0.723963707642536,0.2752540556713922,-1.4184032871644776,0.7965952877241493,4053.853,4025.531,0.8881542111589152,61.0,0.5680650991563821,91.92500000000001,0,0,Early,Top5,VeryFast,False,False,False,False,False,False,False,False,False,True,False,False,False,False,False,False,False,False,False,False,False,False,True,False,False,False,False,False,True,False,92.1190754792297
0 days 01:31:17.369000,20,93.484,-0.369779181100891,1.0,,,29.867,-0.37649868708878137,25.755,0 days 01:30:13.786000,0 days 01:30:51.648000,0 days 01:31:17.403000,291.0,253.0,248.0,304.0,False,21.0,True,Haas F1 Team,0 days 01:29:43.885000,2024-07-07 14:34:40.914,1,13.0,False,,False,True,MAG,17.0,12.0,Finished,0.1537501975694364,0.4697312733619962,0.1028662805004791,0.6927890374731561,0.8659621234020642,5383.885,5345.647,0.34254446481186895,67.0,-0.6612163604486488,93.484,0,0,Mid,Backmarker,Fast,False,False,False,False,False,True,False,False,False,False,False,False,False,False,False,False,False,False,False,False,True,False,False,False,False,False,False,False,True,False,93.97677355168373
0 days 01:07:42.782000,23,93.014,-1.3984577197610388,1.0,,,29.879,-0.43490188371084915,25.418,0 days 01:06:39.647000,0 days 01:07:17.364000,0 days 01:07:42.782000,299.0,257.0,246.0,308.0,False,6.0,True,Williams,0 days 01:06:09.768000,2024-07-07 14:11:06.797,1,12.0,False,,False,True,ALB,9.0,9.0,Finished,0.36883875344793793,0.40462236909562405,-0.5437121134098475,-0.4241704560682051,0.29467610374222974,3969.768,3965.525,0.7517517745721518,61.0,0.13186845219975876,93.01400000000001,0,0,Early,Top10,Medium,False,False,False,False,False,False,False,False,False,False,False,False,False,False,False,False,False,False,False,False,False,False,False,False,False,False,True,False,True,False,93.814481983367
0 days 01:38:59.271000,11,107.327,-0.09546490412485154,2.0,,,33.593,2.228686662921744,29.404,0 days 01:37:45.611000,0 days 01:38:29.941000,0 days 01:38:59.345000,290.0,239.0,211.0,298.0,False,6.0,True,Red Bull Racing,0 days 01:37:11.944000,2024-07-07 14:42:08.973,1,17.0,False,,False,True,PER,20.0,17.0,Lapped,-0.599059748005319,-1.5706718633932624,-1.8655048264843872,0.4212261281159052,-1.8433292939919377,5831.944,5825.735,-0.7486750278822236,67.0,-0.7801790823459103,107.327,0,0,Mid,Backmarker,Slow,False,False,False,False,False,False,False,False,True,False,False,False,False,False,False,False,False,False,False,False,False,False,False,False,False,True,False,True,False,False,104.9229249068354
0 days 01:28:03.756000,18,107.568,-0.5069363195889107,1.0,,,35.226,1.8806841671875,28.876,0 days 01:26:51.473000,0 days 01:27:34.939000,0 days 01:28:03.815000,289.0,236.0,234.0,304.0,False,19.0,True,Aston Martin,0 days 01:26:16.188000,2024-07-07 14:31:13.217,1,9.0,False,,False,True,STR,8.0,7.0,Finished,-0.16888263624831593,-1.5745275505348555,-2.042865404797124,2.7835263547843154,-1.8872861540665655,5176.188,5165.639,1.0245566477456738,63.0,-0.30432819475686596,107.56800000000001,0,0,Mid,Top10,Slow,False,False,False,False,False,False,False,False,False,False,False,False,False,False,True,False,False,False,True,False,False,False,False,False,False,False,False,False,True,False,104.96869793279494
0 days 01:18:21.440000,55,92.251,-0.9184077350529699,1.0,,,29.646,-0.6080975702452532,25.318,0 days 01:17:18.875000,0 days 01:17:56.162000,0 days 01:18:21.480000,290.0,260.0,247.0,298.0,False,13.0,True,Ferrari,0 days 01:16:49.189000,2024-07-07 14:21:46.218,1,6.0,False,,False,True,SAI,7.0,5.0,Finished,-0.4915154700660682,0.638328471634796,1.401610579306481,-0.8850016126044403,0.02077798220453077,4609.189,4565.557,1.433763957505959,61.0,0.4887566178915416,92.25099999999999,0,0,Early,Top10,Fast,False,False,False,False,False,False,False,False,False,False,False,False,True,False,False,False,False,False,False,True,False,False,False,False,False,False,False,False,True,False,90.10534549503953
0 days 01:39:18.903000,2,104.642,-0.02688633488084168,1.0,,,31.256,1.8541006432078,29.986,0 days 01:38:05.591000,0 days 01:38:48.991000,0 days 01:39:18.977000,293.0,245.0,199.0,305.0,False,26.0,True,Williams,0 days 01:37:34.261000,2024-07-07 14:42:31.290,1,13.0,False,,False,True,SAR,12.0,11.0,Finished,0.04620591963018562,-1.2853608496314612,-2.1976378389762052,2.5686016654582735,-1.0017208395120147,5854.261,5825.735,-0.7486750278822236,67.0,-0.7801790823459103,104.64200000000001,0,0,Mid,Midfield,Slow,False,False,False,False,False,False,False,False,False,False,False,False,False,True,False,False,False,False,False,False,False,False,False,False,False,False,True,False,True,False,104.79849002910414
0 days 01:10:44.316000,16,92.86,-1.2613005812730191,1.0,,,29.689,-0.43570744504356546,25.456,0 days 01:09:41.198000,0 days 01:10:18.913000,0 days 01:10:44.369000,306.0,258.0,247.0,317.0,False,8.0,True,Ferrari,0 days 01:09:11.456000,2024-07-07 14:14:08.485,1,8.0,False,,False,True,LEC,11.0,14.0,Lapped,1.3367372549011949,0.47794389951594757,0.3070907833124422,0.36951223350586115,0.47197185003304876,4151.456,4145.541,1.0245566477456738,60.0,0.805990542950905,92.86,0,0,Early,Midfield,Fast,False,False,False,False,True,False,False,False,False,False,False,False,False,False,False,False,False,False,False,True,False,False,False,False,False,False,False,False,True,False,94.86985517071226
0 days 01:54:15.128000,24,105.412,0.45316364982722734,4.0,,,33.253,1.7050717966549416,29.129,0 days 01:53:03.026000,0 days 01:53:46.056000,0 days 01:54:15.185000,282.0,239.0,225.0,287.0,False,7.0,True,Kick Sauber,0 days 01:52:29.716000,2024-07-07 14:57:26.745,1,19.0,False,,False,True,ZHO,14.0,18.0,Lapped,-1.2443254156408237,-1.155135103369392,-1.069029095863117,1.340890687356923,-1.5515315813990695,6749.716,6725.865,-1.430687210816031,76.0,-1.0974130074052735,105.412,0,0,Mid,Midfield,Slow,False,False,False,False,False,False,False,False,False,False,False,False,False,False,False,False,False,True,False,False,False,True,False,False,False,False,False,True,False,False,104.38422547555463
0 days 01:02:54.914000,44,91.716,-1.6041934274930685,1.0,,,29.287,-0.6701257928645501,25.296,0 days 01:01:52.513000,0 days 01:02:29.646000,0 days 01:02:54.942000,307.0,257.0,246.0,294.0,False,3.0,True,Mercedes,0 days 01:01:23.198000,2024-07-07 14:06:20.227,1,2.0,False,,False,True,HAM,2.0,1.0,Finished,0.4763830313871887,0.5751402985483423,0.4504077035138931,-0.305759721406455,-0.03675176561777852,3683.198,3665.476,0.8881542111589152,62.0,3.5817873872203316,91.71600000000001,1,1,Early,Top5,Fast,False,False,True,False,False,False,False,False,False,False,False,False,False,False,False,False,False,False,False,False,False,False,False,True,False,False,False,False,True,False,94.43499069896068
0 days 01:06:12.113000,3,93.263,-1.4670362890050488,1.0,,,29.691,-0.2520394611838268,25.401,0 days 01:05:08.623000,0 days 01:05:46.794000,0 days 01:06:12.195000,306.0,258.0,245.0,325.0,False,5.0,True,RB,0 days 01:04:38.850000,2024-07-07 14:09:35.879,1,15.0,False,,False,True,RIC,15.0,13.0,Lapped,2.08954720047595,0.40284771206875775,-0.4124669902650722,0.28864486449951526,0.6744774341602052,3878.85,3845.509,0.7517517745721518,60.0,0.01290573030249735,93.26299999999999,0,0,Early,Midfield,Medium,False,False,False,False,False,False,False,False,False,False,True,False,False,False,False,False,False,False,False,False,False,False,False,False,True,False,False,False,True,False,95.90643249174018
0 days 01:09:15.721000,23,92.939,-1.329879150517029,1.0,,,29.816,-0.46269374968962385,25.475,0 days 01:08:12.598000,0 days 01:08:50.246000,0 days 01:09:15.721000,299.0,256.0,246.0,302.0,False,7.0,True,Williams,0 days 01:07:42.782000,2024-07-07 14:12:39.811,1,12.0,False,,False,True,ALB,9.0,9.0,Finished,0.2612944755086871,0.5096931741709569,-0.20835676936125158,0.10731181702834298,0.41753170693296243,4062.782,4025.531,0.8881542111589152,61.0,0.5680650991563821,92.939,0,0,Early,Top10,Fast,False,False,False,False,False,False,False,False,False,False,False,False,False,False,False,False,False,False,False,False,False,False,False,False,False,False,True,False,True,False,92.35803028532823
0 days 01:22:52.326000,81,92.118,-0.7126720273209403,1.0,,,29.406,-0.7506819261363671,25.779,0 days 01:21:49.696000,0 days 01:22:26.629000,0 days 01:22:52.408000,296.0,259.0,247.0,303.0,False,16.0,True,McLaren,0 days 01:21:20.208000,2024-07-07 14:26:17.237,1,5.0,False,,False,True,PIA,5.0,4.0,Finished,-0.06133835830906515,0.6004763381174509,0.40648345832025057,-1.2155222126332432,1.0964590786620205,4880.208,4865.627,1.160959084332437,59.0,0.1715226928321783,92.118,0,0,Early,Top5,Fast,False,False,False,False,False,False,False,False,False,True,False,False,False,False,False,False,False,False,False,False,False,False,True,False,False,False,False,False,True,False,91.75204782211311
0 days 02:16:07.559000,20,90.953,1.4818421884873751,3.0,,,29.356,-0.8421131373998768,24.891,0 days 02:15:05.996000,0 days 02:15:42.702000,0 days 02:16:07.593000,289.0,258.0,249.0,299.0,False,11.0,True,Haas F1 Team,0 days 02:14:36.606000,2024-07-07 15:19:33.635,1,12.0,False,,False,True,MAG,17.0,12.0,Finished,0.1537501975694364,0.8478276150117223,0.911908748585232,-1.2384680809878557,1.5847628929970028,8076.606,8046.052,0.06973959163834459,71.0,0.4887566178915416,90.953,0,0,Late,Backmarker,VeryFast,False,False,False,False,False,True,False,False,False,False,False,False,False,False,False,False,False,False,False,False,True,False,False,False,False,False,False,False,False,True,89.8260429775017
0 days 01:36:58.286000,81,94.271,-0.09546490412485154,1.0,,,29.795,-0.24559497052208223,26.289,0 days 01:35:53.892000,0 days 01:36:32.079000,0 days 01:36:58.368000,295.0,256.0,241.0,305.0,False,25.0,True,McLaren,0 days 01:35:24.015000,2024-07-07 14:40:21.044,1,2.0,False,,False,True,PIA,5.0,4.0,Finished,0.1537501975694364,0.2867280591510421,-0.2541226308501997,-0.5763398435923649,1.0662678722171228,5724.015,5705.725,-0.7486750278822236,68.0,-0.7801790823459103,94.271,0,0,Mid,Top5,Medium,False,False,False,False,False,False,False,False,False,True,False,False,False,False,False,False,False,False,False,False,False,False,True,False,False,False,False,False,True,False,95.26733998036741
0 days 01:09:11.456000,16,92.662,-1.329879150517029,1.0,,,29.662,-0.4610826270241884,25.348,0 days 01:08:08.509000,0 days 01:08:46.161000,0 days 01:09:11.509000,307.0,261.0,248.0,315.0,False,7.0,True,Ferrari,0 days 01:07:38.794000,2024-07-07 14:12:35.823,1,8.0,False,,False,True,LEC,11.0,14.0,Lapped,1.229192976961944,0.5297074059789321,0.6008887688413641,-0.0369479295173635,0.3495564306005625,4058.794,4025.531,0.8881542111589152,61.0,0.5680650991563821,92.66199999999999,0,0,Early,Midfield,Fast,False,False,False,False,True,False,False,False,False,False,False,False,False,False,False,False,False,False,False,True,False,False,False,False,False,False,False,False,True,False,93.72960803519177
